Workbook
Name ColumnTitle13: EmployeeName[[#Headers],[ALUMNOS ]]
Name Titulo1: Enero[[#Headers],[NOMBRE Y APELLIDO]]
Name Titulo10: Octubre[[#Headers],[Nombre del empleado]]
Name Titulo11: Noviembre[[#Headers],[Nombre del empleado]]
Name Titulo12: Diciembre[[#Headers],[Nombre del empleado]]
Name Titulo2: Febrero[[#Headers],[NOMBRE Y APELLIDOS]]
Name Titulo3: Marzo[[#Headers],[Nombre del empleado]]
Name Titulo4: Abril[[#Headers],[Nombre del empleado]]
Name Titulo5: Mayo[[#Headers],[Nombre del empleado]]
Name Titulo6: Junio[[#Headers],[Nombre del empleado]]
Name Titulo7: Julio[[#Headers],[Nombre del empleado]]
Name Titulo8: Agosto[[#Headers],[Nombre del empleado]]
Name Titulo9: Septiembre[[#Headers],[Nombre del empleado]]
Name Employee_Absence_Title: Enero!$B$1
Name MonthName: Abril!$B$4
Name MonthName: Enero!$B$4
Name MonthName: Mayo!$B$4
Name MonthName: Octubre!$B$4
Name KeySick: Enero!$K$2
Name KeyVacation: Enero!$C$2
Name KeyPersonal: Enero!$G$2
Name KeyCustom2: Enero!$T$2
Name MonthName: Setiembre!$B$4
Name KeyVacationLabel: Enero!$D$2
Name KeyCustom1: Enero!$O$2
Name CalendarioAño: Enero!$AH$4
Name Key_name: Enero!$B$2
Name KeyCustom1Label: Enero!$P$2
Name KeyPersonalLabel: Enero!$H$2
Name MonthName: Noviembre!$B$4
Name MonthName: Diciembre!$B$4
Name MonthName: Febrero!$B$4
Name KeyCustom2Label: Enero!$U$2
Name MonthName: Marzo!$B$4
Name MonthName: Junio!$B$4
Name KeySickLabel: Enero!$L$2
Name MonthName: Agosto!$B$4
Name MonthName: Julio!$B$4

Sheet Enero
B1: ASISTENCIA DE ALUMNOS
B2: Claves de los tipos de Asistencia | C2: F | D2: FALTAS | G2: J | H2: JUSTIFICADA | K2: A | L2: ASISTENCIA | O2: R | P2: RECUPERACION | T2: E | U2: EVENTOS
B4: Enero | C4: MEGA SUPER BABY WOLF 3:00 | AH4: 2025
C5: =TEXT(WEEKDAY(DATE(CalendarioAño,1,1),1),"ddd") -> mié | D5: =TEXT(WEEKDAY(DATE(CalendarioAño,1,2),1),"ddd") -> jue | E5: =TEXT(WEEKDAY(DATE(CalendarioAño,1,3),1),"ddd") -> vie | F5: =TEXT(WEEKDAY(DATE(CalendarioAño,1,4),1),"ddd") -> sáb | G5: =TEXT(WEEKDAY(DATE(CalendarioAño,1,5),1),"ddd") -> dom | H5: =TEXT(WEEKDAY(DATE(CalendarioAño,1,6),1),"ddd") -> lun | I5: =TEXT(WEEKDAY(DATE(CalendarioAño,1,7),1),"ddd") -> mar | J5: =TEXT(WEEKDAY(DATE(CalendarioAño,1,8),1),"ddd") -> mié | K5: =TEXT(WEEKDAY(DATE(CalendarioAño,1,9),1),"ddd") -> jue | L5: =TEXT(WEEKDAY(DATE(CalendarioAño,1,10),1),"ddd") -> vie | M5: =TEXT(WEEKDAY(DATE(CalendarioAño,1,11),1),"ddd") -> sáb | N5: =TEXT(WEEKDAY(DATE(CalendarioAño,1,12),1),"ddd") -> dom | O5: =TEXT(WEEKDAY(DATE(CalendarioAño,1,13),1),"ddd") -> lun | P5: =TEXT(WEEKDAY(DATE(CalendarioAño,1,14),1),"ddd") -> mar | Q5: =TEXT(WEEKDAY(DATE(CalendarioAño,1,15),1),"ddd") -> mié | R5: =TEXT(WEEKDAY(DATE(CalendarioAño,1,16),1),"ddd") -> jue | S5: =TEXT(WEEKDAY(DATE(CalendarioAño,1,17),1),"ddd") -> vie | T5: =TEXT(WEEKDAY(DATE(CalendarioAño,1,18),1),"ddd") -> sáb | U5: =TEXT(WEEKDAY(DATE(CalendarioAño,1,19),1),"ddd") -> dom | V5: =TEXT(WEEKDAY(DATE(CalendarioAño,1,20),1),"ddd") -> lun | W5: =TEXT(WEEKDAY(DATE(CalendarioAño,1,21),1),"ddd") -> mar | X5: =TEXT(WEEKDAY(DATE(CalendarioAño,1,22),1),"ddd") -> mié | Y5: =TEXT(WEEKDAY(DATE(CalendarioAño,1,23),1),"ddd") -> jue | Z5: =TEXT(WEEKDAY(DATE(CalendarioAño,1,24),1),"ddd") -> vie | AA5: =TEXT(WEEKDAY(DATE(CalendarioAño,1,25),1),"ddd") -> sáb | AB5: =TEXT(WEEKDAY(DATE(CalendarioAño,1,26),1),"ddd") -> dom | AC5: =TEXT(WEEKDAY(DATE(CalendarioAño,1,27),1),"ddd") -> lun | AD5: =TEXT(WEEKDAY(DATE(CalendarioAño,1,28),1),"ddd") -> mar | AE5: =TEXT(WEEKDAY(DATE(CalendarioAño,1,29),1),"ddd") -> mié | AF5: =TEXT(WEEKDAY(DATE(CalendarioAño,1,30),1),"ddd") -> jue | AG5: =TEXT(WEEKDAY(DATE(CalendarioAño,1,31),1),"ddd") -> vie
B6: NOMBRE Y APELLIDO | C6: 1 | D6: 2 | E6: 3 | F6: 4 | G6: 5 | H6: 6 | I6: 7 | J6: 8 | K6: 9 | L6: 10 | M6: 11 | N6: 12 | O6: 13 | P6: 14 | Q6: 15 | R6: 16 | S6: 17 | T6: 18 | U6: 19 | V6: 20 | W6: 21 | X6: 22 | Y6: 23 | Z6: 24 | AA6: 25 | AB6: 26 | AC6: 27 | AD6: 28 | AE6: 29 | AF6: 30 | AG6: 31 | AH6: Número total de días
B7: ALEXANDRA GABRIELA BAUTISTA JUSTINIANO | M7: A | V7: A | AC7: A | AD7: A | AE7: A | AH7: =(COUNTA(C7:AG7)) -> 5
B8: THIAGO ABRAHAM MATIENZO TELLO | AH8: =(COUNTA(C8:AG8)) -> 0
B9: =Enero!MonthName&" Total" -> Enero Total | C9: =SUBTOTAL(103,Enero!$C$7:$C$8) -> 0 | D9: =SUBTOTAL(103,Enero!$D$7:$D$8) -> 0 | E9: =SUBTOTAL(103,Enero!$E$7:$E$8) -> 0 | F9: =SUBTOTAL(103,Enero!$F$7:$F$8) -> 0 | G9: =SUBTOTAL(103,Enero!$G$7:$G$8) -> 0 | H9: =SUBTOTAL(103,Enero!$H$7:$H$8) -> 0 | I9: =SUBTOTAL(103,Enero!$I$7:$I$8) -> 0 | J9: =SUBTOTAL(103,Enero!$J$7:$J$8) -> 0 | K9: =SUBTOTAL(103,Enero!$K$7:$K$8) -> 0 | L9: =SUBTOTAL(103,Enero!$L$7:$L$8) -> 0 | M9: =SUBTOTAL(103,Enero!$M$7:$M$8) -> 1 | N9: =SUBTOTAL(103,Enero!$N$7:$N$8) -> 0 | O9: =SUBTOTAL(103,Enero!$O$7:$O$8) -> 0 | P9: =SUBTOTAL(103,Enero!$P$7:$P$8) -> 0 | Q9: =SUBTOTAL(103,Enero!$Q$7:$Q$8) -> 0 | R9: =SUBTOTAL(103,Enero!$R$7:$R$8) -> 0 | S9: =SUBTOTAL(103,Enero!$S$7:$S$8) -> 0 | T9: =SUBTOTAL(103,Enero!$T$7:$T$8) -> 0 | U9: =SUBTOTAL(103,Enero!$U$7:$U$8) -> 0 | V9: =SUBTOTAL(103,Enero!$V$7:$V$8) -> 1 | W9: =SUBTOTAL(103,Enero!$W$7:$W$8) -> 0 | X9: =SUBTOTAL(103,Enero!$X$7:$X$8) -> 0 | Y9: =SUBTOTAL(103,Enero!$Y$7:$Y$8) -> 0 | Z9: =SUBTOTAL(103,Enero!$Z$7:$Z$8) -> 0 | AA9: =SUBTOTAL(103,Enero!$AA$7:$AA$8) -> 0 | AB9: =SUBTOTAL(103,Enero!$AB$7:$AB$8) -> 0 | AC9: =SUBTOTAL(103,Enero!$AC$7:$AC$8) -> 1 | AD9: =SUBTOTAL(103,Enero!$AD$7:$AD$8) -> 1 | AE9: =SUBTOTAL(103,Enero!$AE$7:$AE$8) -> 1 | AF9: =SUBTOTAL(103,Enero!$AF$7:$AF$8) -> 0 | AG9: =SUBTOTAL(103,Enero!$AG$7:$AG$8) -> 0
B11: Enero | C11: SUPER BABY WOLF 3:30 | AH11: 2025
C12: =TEXT(WEEKDAY(DATE(CalendarioAño,1,1),1),"ddd") -> mié | D12: =TEXT(WEEKDAY(DATE(CalendarioAño,1,2),1),"ddd") -> jue | E12: =TEXT(WEEKDAY(DATE(CalendarioAño,1,3),1),"ddd") -> vie | F12: =TEXT(WEEKDAY(DATE(CalendarioAño,1,4),1),"ddd") -> sáb | G12: =TEXT(WEEKDAY(DATE(CalendarioAño,1,5),1),"ddd") -> dom | H12: =TEXT(WEEKDAY(DATE(CalendarioAño,1,6),1),"ddd") -> lun | I12: =TEXT(WEEKDAY(DATE(CalendarioAño,1,7),1),"ddd") -> mar | J12: =TEXT(WEEKDAY(DATE(CalendarioAño,1,8),1),"ddd") -> mié | K12: =TEXT(WEEKDAY(DATE(CalendarioAño,1,9),1),"ddd") -> jue | L12: =TEXT(WEEKDAY(DATE(CalendarioAño,1,10),1),"ddd") -> vie | M12: =TEXT(WEEKDAY(DATE(CalendarioAño,1,11),1),"ddd") -> sáb | N12: =TEXT(WEEKDAY(DATE(CalendarioAño,1,12),1),"ddd") -> dom | O12: =TEXT(WEEKDAY(DATE(CalendarioAño,1,13),1),"ddd") -> lun | P12: =TEXT(WEEKDAY(DATE(CalendarioAño,1,14),1),"ddd") -> mar | Q12: =TEXT(WEEKDAY(DATE(CalendarioAño,1,15),1),"ddd") -> mié | R12: =TEXT(WEEKDAY(DATE(CalendarioAño,1,16),1),"ddd") -> jue | S12: =TEXT(WEEKDAY(DATE(CalendarioAño,1,17),1),"ddd") -> vie | T12: =TEXT(WEEKDAY(DATE(CalendarioAño,1,18),1),"ddd") -> sáb | U12: =TEXT(WEEKDAY(DATE(CalendarioAño,1,19),1),"ddd") -> dom | V12: =TEXT(WEEKDAY(DATE(CalendarioAño,1,20),1),"ddd") -> lun | W12: =TEXT(WEEKDAY(DATE(CalendarioAño,1,21),1),"ddd") -> mar | X12: =TEXT(WEEKDAY(DATE(CalendarioAño,1,22),1),"ddd") -> mié | Y12: =TEXT(WEEKDAY(DATE(CalendarioAño,1,23),1),"ddd") -> jue | Z12: =TEXT(WEEKDAY(DATE(CalendarioAño,1,24),1),"ddd") -> vie | AA12: =TEXT(WEEKDAY(DATE(CalendarioAño,1,25),1),"ddd") -> sáb | AB12: =TEXT(WEEKDAY(DATE(CalendarioAño,1,26),1),"ddd") -> dom | AC12: =TEXT(WEEKDAY(DATE(CalendarioAño,1,27),1),"ddd") -> lun | AD12: =TEXT(WEEKDAY(DATE(CalendarioAño,1,28),1),"ddd") -> mar | AE12: =TEXT(WEEKDAY(DATE(CalendarioAño,1,29),1),"ddd") -> mié | AF12: =TEXT(WEEKDAY(DATE(CalendarioAño,1,30),1),"ddd") -> jue | AG12: =TEXT(WEEKDAY(DATE(CalendarioAño,1,31),1),"ddd") -> vie
B13: NOMBRE Y APELLIDO | C13: 1 | D13: 2 | E13: 3 | F13: 4 | G13: 5 | H13: 6 | I13: 7 | J13: 8 | K13: 9 | L13: 10 | M13: 11 | N13: 12 | O13: 13 | P13: 14 | Q13: 15 | R13: 16 | S13: 17 | T13: 18 | U13: 19 | V13: 20 | W13: 21 | X13: 22 | Y13: 23 | Z13: 24 | AA13: 25 | AB13: 26 | AC13: 27 | AD13: 28 | AE13: 29 | AF13: 30 | AG13: 31 | AH13: Número total de días
B14: EMANUEL DAVID RIVAS PAETAN | I14: A | M14: A | T14: A | W14: A | AA14: A | AF14: A | AH14: =(COUNTA(C14:AG14)) -> 6
B15: LUA GIANELLA RODRIGUEZ CASTRO | K15: A | P15: A | R15: A | W15: A | AF15: A | AH15: =(COUNTA(C15:AG15)) -> 5
B16: MABEL TOMAS PEDRAZA | P16: A | R16: A | W16: A | Y16: A | AD16: A | AF16: A | AH16: =(COUNTA(C16:AG16)) -> 6
B17: TADEO BASTIAN REYES RAMIREZ | K17: A | M17: A | R17: A | T17: A | W17: A | Y17: A | AD17: A | AF17: A | AH17: =(COUNTA(C17:AG17)) -> 8
B18: MATEO AUGUSTO RIVAS MERINO | I18: A | K18: A | M18: A | P18: A | R18: A | W18: A | Y18: A | AF18: A | AH18: =(COUNTA(C18:AG18)) -> 8
B19: GiANELLA NICOLE CALDERON AGUIRRE | I19: A | P19: A | W19: A | AH19: =(COUNTA(C19:AG19)) -> 3
B20: FABIAN FABRIZIO ABARCA ANGELES | AF20: A
B21: ALBA LUCIA CABALLERO SORIANO | AD21: A | AH21: 1
B22: =Enero!MonthName&" Total" -> Enero Total | C22: =SUBTOTAL(103,Enero!$C$7:$C$8) -> 0 | D22: =SUBTOTAL(103,Enero!$D$7:$D$8) -> 0 | E22: =SUBTOTAL(103,Enero!$E$7:$E$8) -> 0 | G22: =SUBTOTAL(103,Enero!$G$7:$G$8) -> 0 | H22: =SUBTOTAL(103,Enero!$H$7:$H$8) -> 0 | I22: 3 | J22: =SUBTOTAL(103,Enero!$J$7:$J$8) -> 0 | K22: 3 | L22: =SUBTOTAL(103,Enero!$L$7:$L$8) -> 0 | M22: 3 | N22: =SUBTOTAL(103,Enero!$N$7:$N$8) -> 0 | O22: =SUBTOTAL(103,Enero!$O$7:$O$8) -> 0 | P22: 4 | Q22: =SUBTOTAL(103,Enero!$Q$7:$Q$8) -> 0 | R22: 4 | S22: =SUBTOTAL(103,Enero!$S$7:$S$8) -> 0 | T22: 2 | U22: =SUBTOTAL(103,Enero!$U$7:$U$8) -> 0 | W22: 6 | X22: =SUBTOTAL(103,Enero!$X$7:$X$8) -> 0 | Y22: 3 | Z22: =SUBTOTAL(103,Enero!$Z$7:$Z$8) -> 0 | AA22: 1 | AB22: =SUBTOTAL(103,Enero!$AB$7:$AB$8) -> 0 | AC22: =SUBTOTAL(103,Enero!$AC$7:$AC$8) -> 1 | AD22: =SUBTOTAL(103,Enero!$AD$7:$AD$8) -> 1 | AE22: =SUBTOTAL(103,Enero!$AE$7:$AE$8) -> 1 | AF22: =SUBTOTAL(103,Enero!$AF$7:$AF$8) -> 0 | AG22: =SUBTOTAL(103,Enero!$AG$7:$AG$8) -> 0 | AH22: =SUM(C22:AG22) -> 32
B25: Enero | C25: SUPER BABY WOLF 4:00 | AH25: 2025
C26: =TEXT(WEEKDAY(DATE(CalendarioAño,1,1),1),"ddd") -> mié | D26: =TEXT(WEEKDAY(DATE(CalendarioAño,1,2),1),"ddd") -> jue | E26: =TEXT(WEEKDAY(DATE(CalendarioAño,1,3),1),"ddd") -> vie | F26: =TEXT(WEEKDAY(DATE(CalendarioAño,1,4),1),"ddd") -> sáb | G26: =TEXT(WEEKDAY(DATE(CalendarioAño,1,5),1),"ddd") -> dom | H26: =TEXT(WEEKDAY(DATE(CalendarioAño,1,6),1),"ddd") -> lun | I26: =TEXT(WEEKDAY(DATE(CalendarioAño,1,7),1),"ddd") -> mar | J26: =TEXT(WEEKDAY(DATE(CalendarioAño,1,8),1),"ddd") -> mié | K26: =TEXT(WEEKDAY(DATE(CalendarioAño,1,9),1),"ddd") -> jue | L26: =TEXT(WEEKDAY(DATE(CalendarioAño,1,10),1),"ddd") -> vie | M26: =TEXT(WEEKDAY(DATE(CalendarioAño,1,11),1),"ddd") -> sáb | N26: =TEXT(WEEKDAY(DATE(CalendarioAño,1,12),1),"ddd") -> dom | O26: =TEXT(WEEKDAY(DATE(CalendarioAño,1,13),1),"ddd") -> lun | P26: =TEXT(WEEKDAY(DATE(CalendarioAño,1,14),1),"ddd") -> mar | Q26: =TEXT(WEEKDAY(DATE(CalendarioAño,1,15),1),"ddd") -> mié | R26: =TEXT(WEEKDAY(DATE(CalendarioAño,1,16),1),"ddd") -> jue | S26: =TEXT(WEEKDAY(DATE(CalendarioAño,1,17),1),"ddd") -> vie | T26: =TEXT(WEEKDAY(DATE(CalendarioAño,1,18),1),"ddd") -> sáb | U26: =TEXT(WEEKDAY(DATE(CalendarioAño,1,19),1),"ddd") -> dom | V26: =TEXT(WEEKDAY(DATE(CalendarioAño,1,20),1),"ddd") -> lun | W26: =TEXT(WEEKDAY(DATE(CalendarioAño,1,21),1),"ddd") -> mar | X26: =TEXT(WEEKDAY(DATE(CalendarioAño,1,22),1),"ddd") -> mié | Y26: =TEXT(WEEKDAY(DATE(CalendarioAño,1,23),1),"ddd") -> jue | Z26: =TEXT(WEEKDAY(DATE(CalendarioAño,1,24),1),"ddd") -> vie | AA26: =TEXT(WEEKDAY(DATE(CalendarioAño,1,25),1),"ddd") -> sáb | AB26: =TEXT(WEEKDAY(DATE(CalendarioAño,1,26),1),"ddd") -> dom | AC26: =TEXT(WEEKDAY(DATE(CalendarioAño,1,27),1),"ddd") -> lun | AD26: =TEXT(WEEKDAY(DATE(CalendarioAño,1,28),1),"ddd") -> mar | AE26: =TEXT(WEEKDAY(DATE(CalendarioAño,1,29),1),"ddd") -> mié | AF26: =TEXT(WEEKDAY(DATE(CalendarioAño,1,30),1),"ddd") -> jue | AG26: =TEXT(WEEKDAY(DATE(CalendarioAño,1,31),1),"ddd") -> vie
B27: NOMBRE Y APELLIDO | C27: 1 | D27: 2 | E27: 3 | F27: 4 | G27: 5 | H27: 6 | I27: 7 | J27: 8 | K27: 9 | L27: 10 | M27: 11 | N27: 12 | O27: 13 | P27: 14 | Q27: 15 | R27: 16 | S27: 17 | T27: 18 | U27: 19 | V27: 20 | W27: 21 | X27: 22 | Y27: 23 | Z27: 24 | AA27: 25 | AB27: 26 | AC27: 27 | AD27: 28 | AE27: 29 | AF27: 30 | AG27: 31 | AH27: Número total de días
B28: ALESSIO VEGARA EZETA | I28: A | O28: A | S28: A | V28: A | Z28: A | AC28: A | AG28: A | AH28: =(COUNTA(C28:AG28)) -> 7
B29: ALEJANDRO OCTAVIO ALEGRIA YUPANQUI | I29: A | K29: A | P29: A | R29: A | W29: A | Y29: A | AD29: A | AF29: A | AH29: =(COUNTA(C29:AG29)) -> 8
B30: MARCELO SANTOS URBANO | I30: A | M30: A | P30: A | T30: A | W30: A | AE30: A | AH30: =(COUNTA(C30:AG30)) -> 6
B31: NAELAH SOLIS CORDEÑA | I31: A | K31: A | P31: A | R31: A | AH31: =(COUNTA(C31:AG31)) -> 4
B32: LIAM GAEL PABLO CUEVA | I32: A | M32: A | P32: A | R32: A | T32: A | W32: A | Y32: A | AD32: A | AF32: A | AH32: =(COUNTA(C32:AG32)) -> 9
B33: ISABELLA VALENTINA GUINEA CERDAN | I33: A | K33: A | P33: A | W33: A | Y33: A | AD33: A | AF33: A | AH33: =(COUNTA(C33:AG33)) -> 7
B34: VALENTINA FLAVIA VALDIVIESZO ROMAN | J34: A | L34: A | P34: A | S34: A | W34: A | Z34: A | AC34: A | AD34: A | AH34: =(COUNTA(C34:AG34)) -> 8
B35: FERNANDA ALEXA SOLES GUTIERREZ | J35: A | L35: A | AE35: A | AH35: =(COUNTA(C35:AG35)) -> 3
B36: CAMILA MAUREEN GARCIA VEGA | J36: A | L36: A | O36: A | Q36: A | V36: A | X36: A | AD36: A | AH36: =(COUNTA(C36:AG36)) -> 7
B37: CATALINA MARIA ROMERO MALPICA | K37: A | M37: A | P37: A | S37: A | W37: A | AH37: =(COUNTA(C37:AG37)) -> 5
B38: JULIETA BELLIDO HUAPAYA | K38: A | P38: A | R38: A | Y38: A | AH38: =(COUNTA(C38:AG38)) -> 4
B39: KENSHIN GUILLERMO ALVA TAKAYAMA | K39: A | R39: A | T39: A | Y39: A | AH39: =(COUNTA(C39:AG39)) -> 4
B40: DARIUS ABEL ALEMAN SAVEDRA | L40: A | S40: A | T40: A | Z40: A | AG40: A | AH40: =(COUNTA(C40:AG40)) -> 5
B41: JUAN SALVADOR VALAQNIA CEVEDOR | M41: A | T41: A | AH41: =(COUNTA(C41:AG41)) -> 2
B42: DANNA GAELA BACA HUAMANI | S42: A | AH42: =(COUNTA(C42:AG42)) -> 1
B43: =Enero!MonthName&" Total" -> Enero Total | C43: =SUBTOTAL(103,Enero!$C$7:$C$8) -> 0 | D43: =SUBTOTAL(103,Enero!$D$7:$D$8) -> 0 | E43: =SUBTOTAL(103,Enero!$E$7:$E$8) -> 0 | G43: =SUBTOTAL(103,Enero!$G$7:$G$8) -> 0 | H43: =SUBTOTAL(103,Enero!$H$7:$H$8) -> 0 | I43: 6 | J43: 3 | K43: 6 | L43: 4 | M43: 4 | N43: =SUBTOTAL(103,Enero!$N$7:$N$8) -> 0 | O43: 2 | P43: 8 | Q43: 1 | R43: 5 | S43: 5 | T43: 5 | U43: =SUBTOTAL(103,Enero!$U$7:$U$8) -> 0 | V43: 2 | W43: 6 | X43: 1 | Y43: 5 | Z43: 3 | AA43: =SUBTOTAL(103,Enero!$AA$7:$AA$8) -> 0 | AB43: =SUBTOTAL(103,Enero!$AB$7:$AB$8) -> 0 | AC43: =SUBTOTAL(103,Enero!$AC$7:$AC$8) -> 1 | AD43: =SUBTOTAL(103,Enero!$AD$7:$AD$8) -> 1 | AE43: =SUBTOTAL(103,Enero!$AE$7:$AE$8) -> 1 | AF43: =SUBTOTAL(103,Enero!$AF$7:$AF$8) -> 0 | AG43: =SUBTOTAL(103,Enero!$AG$7:$AG$8) -> 0 | AH43: =SUM(C43:AG43) -> 69
B45: Enero | C45: BABY WOLF 4:30 | AH45: 2025
C46: =TEXT(WEEKDAY(DATE(CalendarioAño,1,1),1),"ddd") -> mié | D46: =TEXT(WEEKDAY(DATE(CalendarioAño,1,2),1),"ddd") -> jue | E46: =TEXT(WEEKDAY(DATE(CalendarioAño,1,3),1),"ddd") -> vie | F46: =TEXT(WEEKDAY(DATE(CalendarioAño,1,4),1),"ddd") -> sáb | G46: =TEXT(WEEKDAY(DATE(CalendarioAño,1,5),1),"ddd") -> dom | H46: =TEXT(WEEKDAY(DATE(CalendarioAño,1,6),1),"ddd") -> lun | I46: =TEXT(WEEKDAY(DATE(CalendarioAño,1,7),1),"ddd") -> mar | J46: =TEXT(WEEKDAY(DATE(CalendarioAño,1,8),1),"ddd") -> mié | K46: =TEXT(WEEKDAY(DATE(CalendarioAño,1,9),1),"ddd") -> jue | L46: =TEXT(WEEKDAY(DATE(CalendarioAño,1,10),1),"ddd") -> vie | M46: =TEXT(WEEKDAY(DATE(CalendarioAño,1,11),1),"ddd") -> sáb | N46: =TEXT(WEEKDAY(DATE(CalendarioAño,1,12),1),"ddd") -> dom | O46: =TEXT(WEEKDAY(DATE(CalendarioAño,1,13),1),"ddd") -> lun | P46: =TEXT(WEEKDAY(DATE(CalendarioAño,1,14),1),"ddd") -> mar | Q46: =TEXT(WEEKDAY(DATE(CalendarioAño,1,15),1),"ddd") -> mié | R46: =TEXT(WEEKDAY(DATE(CalendarioAño,1,16),1),"ddd") -> jue | S46: =TEXT(WEEKDAY(DATE(CalendarioAño,1,17),1),"ddd") -> vie | T46: =TEXT(WEEKDAY(DATE(CalendarioAño,1,18),1),"ddd") -> sáb | U46: =TEXT(WEEKDAY(DATE(CalendarioAño,1,19),1),"ddd") -> dom | V46: =TEXT(WEEKDAY(DATE(CalendarioAño,1,20),1),"ddd") -> lun | W46: =TEXT(WEEKDAY(DATE(CalendarioAño,1,21),1),"ddd") -> mar | X46: =TEXT(WEEKDAY(DATE(CalendarioAño,1,22),1),"ddd") -> mié | Y46: =TEXT(WEEKDAY(DATE(CalendarioAño,1,23),1),"ddd") -> jue | Z46: =TEXT(WEEKDAY(DATE(CalendarioAño,1,24),1),"ddd") -> vie | AA46: =TEXT(WEEKDAY(DATE(CalendarioAño,1,25),1),"ddd") -> sáb | AB46: =TEXT(WEEKDAY(DATE(CalendarioAño,1,26),1),"ddd") -> dom | AC46: =TEXT(WEEKDAY(DATE(CalendarioAño,1,27),1),"ddd") -> lun | AD46: =TEXT(WEEKDAY(DATE(CalendarioAño,1,28),1),"ddd") -> mar | AE46: =TEXT(WEEKDAY(DATE(CalendarioAño,1,29),1),"ddd") -> mié | AF46: =TEXT(WEEKDAY(DATE(CalendarioAño,1,30),1),"ddd") -> jue | AG46: =TEXT(WEEKDAY(DATE(CalendarioAño,1,31),1),"ddd") -> vie
B47: NOMBRE Y APELLIDO | C47: 1 | D47: 2 | E47: 3 | F47: 4 | G47: 5 | H47: 6 | I47: 7 | J47: 8 | K47: 9 | L47: 10 | M47: 11 | N47: 12 | O47: 13 | P47: 14 | Q47: 15 | R47: 16 | S47: 17 | T47: 18 | U47: 19 | V47: 20 | W47: 21 | X47: 22 | Y47: 23 | Z47: 24 | AA47: 25 | AB47: 26 | AC47: 27 | AD47: 28 | AE47: 29 | AF47: 30 | AG47: 31 | AH47: Número total de días
B48: PIERO PAOLO NORATTO GEISER | I48: A | K48: A | M48: A | AD48: A | AF48: A | AH48: =(COUNTA(C48:AG48)) -> 5
B49: ARIA DOMENICA CHONG SANCHEZ | I49: A | K49: A | P49: A | R49: A | W49: A | Y49: A | AF49: A | AH49: =(COUNTA(C49:AG49)) -> 7
B50: NOAH JOSIAS CHONG SANCHEZ | I50: A | K50: A | P50: A | R50: A | W50: A | Y50: A | AF50: A | AH50: =(COUNTA(C50:AG50)) -> 7
B51: ETHAN SANTIAGO BRUCE CATALAN LAYME | I51: A | P51: A | R51: A | T51: A | W51: A | Y51: A | AD51: A | AF51: A | AH51: =(COUNTA(C51:AG51)) -> 8
B52: SERGIO JEREMY AGUIRRE MISIYAURI | I52: A | J52: A | K52: A | P52: A | Q52: A | R52: A | V52: A | W52: A | X52: A | Y52: A | AD52: A | AF52: A | AH52: =(COUNTA(C52:AG52)) -> 12
B53: LOLA SANCHEZ PINTO | I53: A | K53: A | L53: A | P53: A | R53: A | W53: A | Y53: A | AH53: =(COUNTA(C53:AG53)) -> 7
B54: ASTOR WARI | I54: A | P54: A | V54: A | AD54: A | AH54: =(COUNTA(C54:AG54)) -> 4
B55: RODRIGO ALEJANDRO PALOMIO CAMPOS | I55: A | K55: A | P55: A | S55: A | W55: A | Y55: A | AD55: A | AF55: A | AH55: =(COUNTA(C55:AG55)) -> 8
B56: ANTONELLA ESPERANZA OLANO CONTRERAS | I56: A | J56: A | L56: A | R56: A | AH56: =(COUNTA(C56:AG56)) -> 4
B57: FABIAN ALEJANDRO FLORES BOCANEGRA | J57: A | AH57: =(COUNTA(C57:AG57)) -> 1
B58: ANIA KAELLA MIA DELGADO JIMENEZ | J58: A | M58: A | Q58: A | T58: A | X58: A | AE58: A | AH58: =(COUNTA(C58:AG58)) -> 6
B59: ITALA BRAÑEZ MOLERO | J59: A | K59: A | V59: A | W59: A | AC59: A | AD59: A | AH59: =(COUNTA(C59:AG59)) -> 6
B60: LEONARDO HERNANDEZ FLORIAN | J60: A | S60: A | X60: A | Z60: A | AE60: A | AH60: =(COUNTA(C60:AG60)) -> 5
B61: CESAR ADRIAN | K61: A | L61: A | X61: A | Z61: A | AD61: A | AF61: A | AH61: =(COUNTA(C61:AG61)) -> 7
B62: VICENTE SKOPLJAK BELLATIN | K62: A | P62: A | AH62: =(COUNTA(C62:AG62)) -> 2
B63: LUCIANA ISABELLA LOZADA BERNALA | K63: A | L63: A | O63: A | R63: A | V63: A | Y63: A | AC63: A | AF63: A | AH63: =(COUNTA(C63:AG63)) -> 8
B64: JOAQUIN GAEL MOLINA IBAÑEZ | L64: A | R64: A | Y64: A | AH64: =(COUNTA(C64:AG64)) -> 3
B65: FRANCISCO DAVID PORTELLA MUÑOS | L65: A | P65: A | R65: A | Y65: A | AD65: A | AF65: A | AH65: =(COUNTA(C65:AG65)) -> 6
B66: ARON CANAVAL FLORIAN | M66: A | T66: A | AH66: =(COUNTA(C66:AG66)) -> 2
B67: ROBERTO TITO CAMACHO | M67: A | AH67: =(COUNTA(C67:AG67)) -> 1
B68: VASCO EMMANUEL JR SOVERO GUILLEN | O68: A | P68: A | AH68: =(COUNTA(C68:AG68)) -> 2
B69: ALESSANDRO EMILIO PEREZ MEDINA | O69: A | Q69: A | V69: A | X69: A | AD69: A | AE69: A | AH69: =(COUNTA(C69:AG69)) -> 6
B70: MOISES YAEL HARIMON PIRO | P70: A | R70: A | V70: A | AF70: A | AH70: =(COUNTA(C70:AG70)) -> 4
B71: DANNIA JULIETH SALAZAR ALFARO | Q71: A | S71: A | X71: A | Z71: A | AE71: A | AG71: A | AH71: =(COUNTA(C71:AG71)) -> 6
B72: LEANDRO HUACHALLANQUI MENDOZA | AE72: A | AG72: A | AH72: 2
B73: VASCO DIAZ TAPIA | AE73: A | AG73: A | AH73: 2
B74: ANDRE LEONARDO CARMELO POMA | AE74: A | AH74: 1
B75: =Enero!MonthName&" Total" -> Enero Total | C75: =SUBTOTAL(103,Enero!$C$7:$C$8) -> 0 | D75: =SUBTOTAL(103,Enero!$D$7:$D$8) -> 0 | E75: =SUBTOTAL(103,Enero!$E$7:$E$8) -> 0 | G75: =SUBTOTAL(103,Enero!$G$7:$G$8) -> 0 | H75: =SUBTOTAL(103,Enero!$H$7:$H$8) -> 0 | I75: 10 | J75: 7 | K75: 10 | L75: 7 | M75: 4 | N75: =SUBTOTAL(103,Enero!$N$7:$N$8) -> 0 | O75: 3 | P75: 11 | Q75: 4 | R75: 10 | S75: 3 | T75: 3 | U75: =SUBTOTAL(103,Enero!$U$7:$U$8) -> 0 | V75: 6 | W75: 7 | X75: 6 | Y75: 9 | Z75: 3 | AA75: =SUBTOTAL(103,Enero!$AA$7:$AA$8) -> 0 | AB75: =SUBTOTAL(103,Enero!$AB$7:$AB$8) -> 0 | AC75: =SUBTOTAL(103,Enero!$AC$7:$AC$8) -> 1 | AD75: =SUBTOTAL(103,Enero!$AD$7:$AD$8) -> 1 | AE75: =SUBTOTAL(103,Enero!$AE$7:$AE$8) -> 1 | AF75: =SUBTOTAL(103,Enero!$AF$7:$AF$8) -> 0 | AG75: =SUBTOTAL(103,Enero!$AG$7:$AG$8) -> 0 | AH75: =SUM(C75:AG75) -> 106
B77: Enero | C77: BABY WOLF 5:00 | AH77: 2025
C78: =TEXT(WEEKDAY(DATE(CalendarioAño,1,1),1),"ddd") -> mié | D78: =TEXT(WEEKDAY(DATE(CalendarioAño,1,2),1),"ddd") -> jue | E78: =TEXT(WEEKDAY(DATE(CalendarioAño,1,3),1),"ddd") -> vie | F78: =TEXT(WEEKDAY(DATE(CalendarioAño,1,4),1),"ddd") -> sáb | G78: =TEXT(WEEKDAY(DATE(CalendarioAño,1,5),1),"ddd") -> dom | H78: =TEXT(WEEKDAY(DATE(CalendarioAño,1,6),1),"ddd") -> lun | I78: =TEXT(WEEKDAY(DATE(CalendarioAño,1,7),1),"ddd") -> mar | J78: =TEXT(WEEKDAY(DATE(CalendarioAño,1,8),1),"ddd") -> mié | K78: =TEXT(WEEKDAY(DATE(CalendarioAño,1,9),1),"ddd") -> jue | L78: =TEXT(WEEKDAY(DATE(CalendarioAño,1,10),1),"ddd") -> vie | M78: =TEXT(WEEKDAY(DATE(CalendarioAño,1,11),1),"ddd") -> sáb | N78: =TEXT(WEEKDAY(DATE(CalendarioAño,1,12),1),"ddd") -> dom | O78: =TEXT(WEEKDAY(DATE(CalendarioAño,1,13),1),"ddd") -> lun | P78: =TEXT(WEEKDAY(DATE(CalendarioAño,1,14),1),"ddd") -> mar | Q78: =TEXT(WEEKDAY(DATE(CalendarioAño,1,15),1),"ddd") -> mié | R78: =TEXT(WEEKDAY(DATE(CalendarioAño,1,16),1),"ddd") -> jue | S78: =TEXT(WEEKDAY(DATE(CalendarioAño,1,17),1),"ddd") -> vie | T78: =TEXT(WEEKDAY(DATE(CalendarioAño,1,18),1),"ddd") -> sáb | U78: =TEXT(WEEKDAY(DATE(CalendarioAño,1,19),1),"ddd") -> dom | V78: =TEXT(WEEKDAY(DATE(CalendarioAño,1,20),1),"ddd") -> lun | W78: =TEXT(WEEKDAY(DATE(CalendarioAño,1,21),1),"ddd") -> mar | X78: =TEXT(WEEKDAY(DATE(CalendarioAño,1,22),1),"ddd") -> mié | Y78: =TEXT(WEEKDAY(DATE(CalendarioAño,1,23),1),"ddd") -> jue | Z78: =TEXT(WEEKDAY(DATE(CalendarioAño,1,24),1),"ddd") -> vie | AA78: =TEXT(WEEKDAY(DATE(CalendarioAño,1,25),1),"ddd") -> sáb | AB78: =TEXT(WEEKDAY(DATE(CalendarioAño,1,26),1),"ddd") -> dom | AC78: =TEXT(WEEKDAY(DATE(CalendarioAño,1,27),1),"ddd") -> lun | AD78: =TEXT(WEEKDAY(DATE(CalendarioAño,1,28),1),"ddd") -> mar | AE78: =TEXT(WEEKDAY(DATE(CalendarioAño,1,29),1),"ddd") -> mié | AF78: =TEXT(WEEKDAY(DATE(CalendarioAño,1,30),1),"ddd") -> jue | AG78: =TEXT(WEEKDAY(DATE(CalendarioAño,1,31),1),"ddd") -> vie
B79: NOMBRE Y APELLIDO | C79: 1 | D79: 2 | E79: 3 | F79: 4 | G79: 5 | H79: 6 | I79: 7 | J79: 8 | K79: 9 | L79: 10 | M79: 11 | N79: 12 | O79: 13 | P79: 14 | Q79: 15 | R79: 16 | S79: 17 | T79: 18 | U79: 19 | V79: 20 | W79: 21 | X79: 22 | Y79: 23 | Z79: 24 | AA79: 25 | AB79: 26 | AC79: 27 | AD79: 28 | AE79: 29 | AF79: 30 | AG79: 31 | AH79: Número total de días
B80: LEONARDO RODRIGO NAVARRO VALVERDE | I80: A | K80: A | R80: A | W80: A | Y80: A | AD80: A | AH80: =(COUNTA(C80:AG80)) -> 6
B81: EMILIANO ALONSO CHIA ROMAN | I81: A | L81: A | Q81: A | S81: A | W81: A | Z81: A | AD81: A | AF81: A | AH81: =(COUNTA(C81:AG81)) -> 8
B82: JOAQUIN IGNACIO CHUMBES ROMAN | I82: A | K82: A | P82: A | R82: A | W82: A | AD82: A | AF82: A | AH82: =(COUNTA(C82:AG82)) -> 7
B83: ARIAN AGOSTINO CHAVEZ ALAYO | I83: A | AD83: A | AH83: =(COUNTA(C83:AG83)) -> 2
B84: JADEN BASTIEN RIOS YOMOND | I84: A | K84: A | P84: A | R84: A | S84: A | V84: A | W84: A | X84: A | Y84: A | Z84: A | AC84: A | AD84: A | AE84: A | AF84: A | AG84: A | AH84: =(COUNTA(C84:AG84)) -> 15
B85: BASTIAN MIJAEL MORALES JARAMILLO | I85: A | Q85: A | AC85: A | AF85: A | AG85: A | AH85: =(COUNTA(C85:AG85)) -> 5
B86: LEONARDO GAEL AGUILAR DELGADO | I86: A | K86: A | P86: A | R86: A | W86: A | Y86: A | AF86: A | AH86: =(COUNTA(C86:AG86)) -> 7
B87: JARED EVARISTO GUIZADO MITMA | J87: A | AD87: A | AF87: A | AH87: =(COUNTA(C87:AG87)) -> 3
B88: ITALO ALESSANDRO CARRASSA FAZIO | J88: A | K88: A | P88: A | W88: A | Y88: A | AF88: A | AH88: =(COUNTA(C88:AG88)) -> 6
B89: ELIAS DAVIANGEN OROSCO MONTENEGRO | K89: A | S89: A | T89: A | Z89: A | AA89: A | AD89: A | AH89: =(COUNTA(C89:AG89)) -> 6
B90: CATALINA ARLETH TIJERO ALIAGA | L90: A | R90: A | S90: A | X90: A | Z90: A | AC90: A | AG90: A | AH90: =(COUNTA(C90:AG90)) -> 7
B91: ADRIEL ANDREW PAREJA MONTES | L91: A | M91: A | S91: A | T91: A | Z91: A | AA91: A | AH91: =(COUNTA(C91:AG91)) -> 6
B92: SANTIAGO ANDRE GASTO MESCUA | M92: A | T92: A | AH92: =(COUNTA(C92:AG92)) -> 2
B93: LUCIANO MATEO GUIZADO LAURENTE | O93: A | AH93: =(COUNTA(C93:AG93)) -> 1
B94: ADRIAN MOISES GARCIA CAHUANA | O94: A | Q94: A | S94: A | T94: A | V94: A | X94: A | AH94: =(COUNTA(C94:AG94)) -> 6
B95: YEREMY YOSEF HARIMON PIRO | P95: A | R95: A | V95: A | AF95: A | AH95: =(COUNTA(C95:AG95)) -> 4
B96: KAI VEHARA HAMADA | T96: A | AA96: A | AH96: =(COUNTA(C96:AG96)) -> 2
B97: ENRICO JOSE SAVOCA PONTIGGIA | T97: A | AA97: A | AH97: =(COUNTA(C97:AG97)) -> 2
B98: SPERANZA ALTEA SAVOCA PONTIGGIA | T98: A | AA98: A | AH98: =(COUNTA(C98:AG98)) -> 2
B99: SANTIAGO LESCANO JARA | Z99: A
B100: EVAN SALVADOR AZULA TIPE | AF100: A | AH100: 1
B101: =Enero!MonthName&" Total" -> Enero Total | C101: =SUBTOTAL(103,Enero!$C$7:$C$8) -> 0 | D101: =SUBTOTAL(103,Enero!$D$7:$D$8) -> 0 | E101: =SUBTOTAL(103,Enero!$E$7:$E$8) -> 0 | H101: =SUBTOTAL(103,Enero!$H$7:$H$8) -> 0 | I101: 7 | J101: 2 | K101: 6 | L101: 2 | M101: 3 | N101: =SUBTOTAL(103,Enero!$N$7:$N$8) -> 0 | O101: 2 | P101: 5 | Q101: 3 | R101: 6 | S101: 6 | T101: 7 | U101: =SUBTOTAL(103,Enero!$U$7:$U$8) -> 0 | V101: 3 | W101: 6 | X101: 3 | Y101: 4 | Z101: 6 | AA101: 5 | AB101: =SUBTOTAL(103,Enero!$AB$7:$AB$8) -> 0 | AC101: =SUBTOTAL(103,Enero!$AC$7:$AC$8) -> 1 | AD101: =SUBTOTAL(103,Enero!$AD$7:$AD$8) -> 1 | AE101: =SUBTOTAL(103,Enero!$AE$7:$AE$8) -> 1 | AF101: =SUBTOTAL(103,Enero!$AF$7:$AF$8) -> 0 | AG101: =SUBTOTAL(103,Enero!$AG$7:$AG$8) -> 0 | AH101: =SUM(C101:AG101) -> 79
B103: Enero | C103: LITTLE WOLF 5:30 | AH103: 2025
C104: =TEXT(WEEKDAY(DATE(CalendarioAño,1,1),1),"ddd") -> mié | D104: =TEXT(WEEKDAY(DATE(CalendarioAño,1,2),1),"ddd") -> jue | E104: =TEXT(WEEKDAY(DATE(CalendarioAño,1,3),1),"ddd") -> vie | F104: =TEXT(WEEKDAY(DATE(CalendarioAño,1,4),1),"ddd") -> sáb | G104: =TEXT(WEEKDAY(DATE(CalendarioAño,1,5),1),"ddd") -> dom | H104: =TEXT(WEEKDAY(DATE(CalendarioAño,1,6),1),"ddd") -> lun | I104: =TEXT(WEEKDAY(DATE(CalendarioAño,1,7),1),"ddd") -> mar | J104: =TEXT(WEEKDAY(DATE(CalendarioAño,1,8),1),"ddd") -> mié | K104: =TEXT(WEEKDAY(DATE(CalendarioAño,1,9),1),"ddd") -> jue | L104: =TEXT(WEEKDAY(DATE(CalendarioAño,1,10),1),"ddd") -> vie | M104: =TEXT(WEEKDAY(DATE(CalendarioAño,1,11),1),"ddd") -> sáb | N104: =TEXT(WEEKDAY(DATE(CalendarioAño,1,12),1),"ddd") -> dom | O104: =TEXT(WEEKDAY(DATE(CalendarioAño,1,13),1),"ddd") -> lun | P104: =TEXT(WEEKDAY(DATE(CalendarioAño,1,14),1),"ddd") -> mar | Q104: =TEXT(WEEKDAY(DATE(CalendarioAño,1,15),1),"ddd") -> mié | R104: =TEXT(WEEKDAY(DATE(CalendarioAño,1,16),1),"ddd") -> jue | S104: =TEXT(WEEKDAY(DATE(CalendarioAño,1,17),1),"ddd") -> vie | T104: =TEXT(WEEKDAY(DATE(CalendarioAño,1,18),1),"ddd") -> sáb | U104: =TEXT(WEEKDAY(DATE(CalendarioAño,1,19),1),"ddd") -> dom | V104: =TEXT(WEEKDAY(DATE(CalendarioAño,1,20),1),"ddd") -> lun | W104: =TEXT(WEEKDAY(DATE(CalendarioAño,1,21),1),"ddd") -> mar | X104: =TEXT(WEEKDAY(DATE(CalendarioAño,1,22),1),"ddd") -> mié | Y104: =TEXT(WEEKDAY(DATE(CalendarioAño,1,23),1),"ddd") -> jue | Z104: =TEXT(WEEKDAY(DATE(CalendarioAño,1,24),1),"ddd") -> vie | AA104: =TEXT(WEEKDAY(DATE(CalendarioAño,1,25),1),"ddd") -> sáb | AB104: =TEXT(WEEKDAY(DATE(CalendarioAño,1,26),1),"ddd") -> dom | AC104: =TEXT(WEEKDAY(DATE(CalendarioAño,1,27),1),"ddd") -> lun | AD104: =TEXT(WEEKDAY(DATE(CalendarioAño,1,28),1),"ddd") -> mar | AE104: =TEXT(WEEKDAY(DATE(CalendarioAño,1,29),1),"ddd") -> mié | AF104: =TEXT(WEEKDAY(DATE(CalendarioAño,1,30),1),"ddd") -> jue | AG104: =TEXT(WEEKDAY(DATE(CalendarioAño,1,31),1),"ddd") -> vie
B105: NOMBRE Y APELLIDO | C105: 1 | D105: 2 | E105: 3 | F105: 4 | G105: 5 | H105: 6 | I105: 7 | J105: 8 | K105: 9 | L105: 10 | M105: 11 | N105: 12 | O105: 13 | P105: 14 | Q105: 15 | R105: 16 | S105: 17 | T105: 18 | U105: 19 | V105: 20 | W105: 21 | X105: 22 | Y105: 23 | Z105: 24 | AA105: 25 | AB105: 26 | AC105: 27 | AD105: 28 | AE105: 29 | AF105: 30 | AG105: 31 | AH105: Número total de días
B106: DANIELA ALEXANDRA CABELLO LEÓN | I106: A | J106: A | K106: A | L106: A | O106: A | P106: A | R106: A | W106: A | Y106: A | AD106: A | AF106: A | AH106: =(COUNTA(C106:AG106)) -> 11
B107: NICOLAS VILDOSO GARCIA | I107: A | O107: A | P107: A | W107: A | X107: A | Y107: A | AA107: A | AC107: A | AD107: A | AH107: =(COUNTA(C107:AG107)) -> 9
...

Sheet Febrero
B1: ASISTENCIA DE ALUMNOS
B2: Claves de los tipos de Asistencias | C2: F | D2: FALTAS | G2: J | H2: JUSTIFICADAS | K2: A | L2: ASISTENCIA | O2: R | P2: RECUPERACION | T2: E | U2: EVENTOS
B4: Febrero | C4: MEGA SUPER BABY WOLF 3:00 | AH4: 2025
C5: =TEXT(WEEKDAY(DATE(CalendarioAño,2,1),1),"ddd") -> sáb | D5: =TEXT(WEEKDAY(DATE(CalendarioAño,2,2),1),"ddd") -> dom | E5: =TEXT(WEEKDAY(DATE(CalendarioAño,2,3),1),"ddd") -> lun | F5: =TEXT(WEEKDAY(DATE(CalendarioAño,2,4),1),"ddd") -> mar | G5: =TEXT(WEEKDAY(DATE(CalendarioAño,2,5),1),"ddd") -> mié | H5: =TEXT(WEEKDAY(DATE(CalendarioAño,2,6),1),"ddd") -> jue | I5: =TEXT(WEEKDAY(DATE(CalendarioAño,2,7),1),"ddd") -> vie | J5: =TEXT(WEEKDAY(DATE(CalendarioAño,2,8),1),"ddd") -> sáb | K5: =TEXT(WEEKDAY(DATE(CalendarioAño,2,9),1),"ddd") -> dom | L5: =TEXT(WEEKDAY(DATE(CalendarioAño,2,10),1),"ddd") -> lun | M5: =TEXT(WEEKDAY(DATE(CalendarioAño,2,11),1),"ddd") -> mar | N5: =TEXT(WEEKDAY(DATE(CalendarioAño,2,12),1),"ddd") -> mié | O5: =TEXT(WEEKDAY(DATE(CalendarioAño,2,13),1),"ddd") -> jue | P5: =TEXT(WEEKDAY(DATE(CalendarioAño,2,14),1),"ddd") -> vie | Q5: =TEXT(WEEKDAY(DATE(CalendarioAño,2,15),1),"ddd") -> sáb | R5: =TEXT(WEEKDAY(DATE(CalendarioAño,2,16),1),"ddd") -> dom | S5: =TEXT(WEEKDAY(DATE(CalendarioAño,2,17),1),"ddd") -> lun | T5: =TEXT(WEEKDAY(DATE(CalendarioAño,2,18),1),"ddd") -> mar | U5: =TEXT(WEEKDAY(DATE(CalendarioAño,2,19),1),"ddd") -> mié | V5: =TEXT(WEEKDAY(DATE(CalendarioAño,2,20),1),"ddd") -> jue | W5: =TEXT(WEEKDAY(DATE(CalendarioAño,2,21),1),"ddd") -> vie | X5: =TEXT(WEEKDAY(DATE(CalendarioAño,2,22),1),"ddd") -> sáb | Y5: =TEXT(WEEKDAY(DATE(CalendarioAño,2,23),1),"ddd") -> dom | Z5: =TEXT(WEEKDAY(DATE(CalendarioAño,2,24),1),"ddd") -> lun | AA5: =TEXT(WEEKDAY(DATE(CalendarioAño,2,25),1),"ddd") -> mar | AB5: =TEXT(WEEKDAY(DATE(CalendarioAño,2,26),1),"ddd") -> mié | AC5: =TEXT(WEEKDAY(DATE(CalendarioAño,2,27),1),"ddd") -> jue | AD5: =TEXT(WEEKDAY(DATE(CalendarioAño,2,28),1),"ddd") -> vie | AE5: =TEXT(WEEKDAY(DATE(CalendarioAño,2,29),1),"ddd") -> sáb
B6: NOMBRE Y APELLIDOS | C6: 1 | D6: 2 | E6: 3 | F6: 4 | G6: 5 | H6: 6 | I6: 7 | J6: 8 | K6: 9 | L6: 10 | M6: 11 | N6: 12 | O6: 13 | P6: 14 | Q6: 15 | R6: 16 | S6: 17 | T6: 18 | U6: 19 | V6: 20 | W6: 21 | X6: 22 | Y6: 23 | Z6: 24 | AA6: 25 | AB6: 26 | AC6: 27 | AD6: 28 | AE6: 29 | AH6: Número total de días
B7: DARIO | O7: A | Q7: A | T7: A | X7: A | AH7: 4
B8: THIAGO ABRAHAM MATIENZO TELLO | O8: A | T8: A | V8: A | X8: A | AH8: 4
B9: MATEO JOSEPH HUATAY | W9: A | AD9: A | AH9: 2
B16: =Febrero!MonthName&" Total" -> Febrero Total | AH16: =SUM(C16:AG16) -> 0
B18: Febrero | C18: SUPER BABY WOLF 3:30 | AH18: 2025
C19: =TEXT(WEEKDAY(DATE(CalendarioAño,2,1),1),"ddd") -> sáb | D19: =TEXT(WEEKDAY(DATE(CalendarioAño,2,2),1),"ddd") -> dom | E19: =TEXT(WEEKDAY(DATE(CalendarioAño,2,3),1),"ddd") -> lun | F19: =TEXT(WEEKDAY(DATE(CalendarioAño,2,4),1),"ddd") -> mar | G19: =TEXT(WEEKDAY(DATE(CalendarioAño,2,5),1),"ddd") -> mié | H19: =TEXT(WEEKDAY(DATE(CalendarioAño,2,6),1),"ddd") -> jue | I19: =TEXT(WEEKDAY(DATE(CalendarioAño,2,7),1),"ddd") -> vie | J19: =TEXT(WEEKDAY(DATE(CalendarioAño,2,8),1),"ddd") -> sáb | K19: =TEXT(WEEKDAY(DATE(CalendarioAño,2,9),1),"ddd") -> dom | L19: =TEXT(WEEKDAY(DATE(CalendarioAño,2,10),1),"ddd") -> lun | M19: =TEXT(WEEKDAY(DATE(CalendarioAño,2,11),1),"ddd") -> mar | N19: =TEXT(WEEKDAY(DATE(CalendarioAño,2,12),1),"ddd") -> mié | O19: =TEXT(WEEKDAY(DATE(CalendarioAño,2,13),1),"ddd") -> jue | P19: =TEXT(WEEKDAY(DATE(CalendarioAño,2,14),1),"ddd") -> vie | Q19: =TEXT(WEEKDAY(DATE(CalendarioAño,2,15),1),"ddd") -> sáb | R19: =TEXT(WEEKDAY(DATE(CalendarioAño,2,16),1),"ddd") -> dom | S19: =TEXT(WEEKDAY(DATE(CalendarioAño,2,17),1),"ddd") -> lun | T19: =TEXT(WEEKDAY(DATE(CalendarioAño,2,18),1),"ddd") -> mar | U19: =TEXT(WEEKDAY(DATE(CalendarioAño,2,19),1),"ddd") -> mié | V19: =TEXT(WEEKDAY(DATE(CalendarioAño,2,20),1),"ddd") -> jue | W19: =TEXT(WEEKDAY(DATE(CalendarioAño,2,21),1),"ddd") -> vie | X19: =TEXT(WEEKDAY(DATE(CalendarioAño,2,22),1),"ddd") -> sáb | Y19: =TEXT(WEEKDAY(DATE(CalendarioAño,2,23),1),"ddd") -> dom | Z19: =TEXT(WEEKDAY(DATE(CalendarioAño,2,24),1),"ddd") -> lun | AA19: =TEXT(WEEKDAY(DATE(CalendarioAño,2,25),1),"ddd") -> mar | AB19: =TEXT(WEEKDAY(DATE(CalendarioAño,2,26),1),"ddd") -> mié | AC19: =TEXT(WEEKDAY(DATE(CalendarioAño,2,27),1),"ddd") -> jue | AD19: =TEXT(WEEKDAY(DATE(CalendarioAño,2,28),1),"ddd") -> vie | AE19: =TEXT(WEEKDAY(DATE(CalendarioAño,2,29),1),"ddd") -> sáb
B20: NOMBRE Y APELLIDOS | C20: 1 | D20: 2 | E20: 3 | F20: 4 | G20: 5 | H20: 6 | I20: 7 | J20: 8 | K20: 9 | L20: 10 | M20: 11 | N20: 12 | O20: 13 | P20: 14 | Q20: 15 | R20: 16 | S20: 17 | T20: 18 | U20: 19 | V20: 20 | W20: 21 | X20: 22 | Y20: 23 | Z20: 24 | AA20: 25 | AB20: 26 | AC20: 27 | AD20: 28 | AE20: 29 | AH20: Número total de días
B21: EMANUEL DAVID RIVAS PAETAN | C21: A | J21: A | M21: A | Q21: A | V21: A | X21: A | Z21: A | AB21: A | AC21: A | AD21: A
B22: LUA GIANELLA RODRIGUEZ CASTRO | H22: A | M22: A | T22: A | V22: A | AC22: A | AH22: 5
B23: TADEO BASTIAN REYES RAMIREZ | H23: A | M23: A | V23: A | X23: A | AH23: 4
B24: MATEO AUGUSTO RIVAS MERINO | H24: A | M24: A | O24: A | T24: A | V24: A | AC24: A
B25: MAR PORTOCARRERO BERNAOLA | I25: A | J25: A | N25: A | P25: A | X25: A | AH25: 5
B26: MICAELA PORTOCARRERO BERNAOLA | I26: A | J26: A | N26: A | P26: A | X26: A | AH26: 5
B27: MABEL TOMAS PEDRAZA | M27: A | O27: A
B28: ALEXANDRA GABRIELA BAUTISTA JUSTINIANO | AB28: A | AD28: A | AH28: 2
B29: MARIA FERNANDA ORBEGOSO LOPEZ | AC29: A
B30: =Febrero!MonthName&" Total" -> Febrero Total | AH30: =SUM(C30:AG30) -> 0
B32: Febrero | C32: SUPER BABY WOLF 4:00 | AH32: 2025
C33: =TEXT(WEEKDAY(DATE(CalendarioAño,2,1),1),"ddd") -> sáb | D33: =TEXT(WEEKDAY(DATE(CalendarioAño,2,2),1),"ddd") -> dom | E33: =TEXT(WEEKDAY(DATE(CalendarioAño,2,3),1),"ddd") -> lun | F33: =TEXT(WEEKDAY(DATE(CalendarioAño,2,4),1),"ddd") -> mar | G33: =TEXT(WEEKDAY(DATE(CalendarioAño,2,5),1),"ddd") -> mié | H33: =TEXT(WEEKDAY(DATE(CalendarioAño,2,6),1),"ddd") -> jue | I33: =TEXT(WEEKDAY(DATE(CalendarioAño,2,7),1),"ddd") -> vie | J33: =TEXT(WEEKDAY(DATE(CalendarioAño,2,8),1),"ddd") -> sáb | K33: =TEXT(WEEKDAY(DATE(CalendarioAño,2,9),1),"ddd") -> dom | L33: =TEXT(WEEKDAY(DATE(CalendarioAño,2,10),1),"ddd") -> lun | M33: =TEXT(WEEKDAY(DATE(CalendarioAño,2,11),1),"ddd") -> mar | N33: =TEXT(WEEKDAY(DATE(CalendarioAño,2,12),1),"ddd") -> mié | O33: =TEXT(WEEKDAY(DATE(CalendarioAño,2,13),1),"ddd") -> jue | P33: =TEXT(WEEKDAY(DATE(CalendarioAño,2,14),1),"ddd") -> vie | Q33: =TEXT(WEEKDAY(DATE(CalendarioAño,2,15),1),"ddd") -> sáb | R33: =TEXT(WEEKDAY(DATE(CalendarioAño,2,16),1),"ddd") -> dom | S33: =TEXT(WEEKDAY(DATE(CalendarioAño,2,17),1),"ddd") -> lun | T33: =TEXT(WEEKDAY(DATE(CalendarioAño,2,18),1),"ddd") -> mar | U33: =TEXT(WEEKDAY(DATE(CalendarioAño,2,19),1),"ddd") -> mié | V33: =TEXT(WEEKDAY(DATE(CalendarioAño,2,20),1),"ddd") -> jue | W33: =TEXT(WEEKDAY(DATE(CalendarioAño,2,21),1),"ddd") -> vie | X33: =TEXT(WEEKDAY(DATE(CalendarioAño,2,22),1),"ddd") -> sáb | Y33: =TEXT(WEEKDAY(DATE(CalendarioAño,2,23),1),"ddd") -> dom | Z33: =TEXT(WEEKDAY(DATE(CalendarioAño,2,24),1),"ddd") -> lun | AA33: =TEXT(WEEKDAY(DATE(CalendarioAño,2,25),1),"ddd") -> mar | AB33: =TEXT(WEEKDAY(DATE(CalendarioAño,2,26),1),"ddd") -> mié | AC33: =TEXT(WEEKDAY(DATE(CalendarioAño,2,27),1),"ddd") -> jue | AD33: =TEXT(WEEKDAY(DATE(CalendarioAño,2,28),1),"ddd") -> vie | AE33: =TEXT(WEEKDAY(DATE(CalendarioAño,2,29),1),"ddd") -> sáb
B34: NOMBRE Y APELLIDOS | C34: 1 | D34: 2 | E34: 3 | F34: 4 | G34: 5 | H34: 6 | I34: 7 | J34: 8 | K34: 9 | L34: 10 | M34: 11 | N34: 12 | O34: 13 | P34: 14 | Q34: 15 | R34: 16 | S34: 17 | T34: 18 | U34: 19 | V34: 20 | W34: 21 | X34: 22 | Y34: 23 | Z34: 24 | AA34: 25 | AB34: 26 | AC34: 27 | AD34: 28 | AE34: 29 | AH34: Número total de días
B35: ALESSIO VEGARA EZETA | E35: A | H35: A | I35: A | L35: A | N35: A | S35: A | W35: A | Z35: A | AC35: A | AH35: 9
B36: CAMILA MAUREEN GARCIA VEGA | E36: A | G36: A | L36: A | N36: A | S36: A | U36: A | AB36: A | AH36: 7
B37: KENSHIN GUILLERMO ALVA TAKAYAMA | C37: A | F37: A | H37: A | M37: A | AA37: A | AC37: A | AH37: 6
B38: JUAN SALVADOR VALAQNIA CEVEDOR | C38: A
B39: LIAM GAEL PABLO CUEVA | C39: A | J39: A | M39: A | O39: A | Q39: A | V39: A | X39: A | AC39: A
B40: DARIUS ABEL ALEMAN SAVEDRA | C40: A
B41: ALBA LUCIA CABALLERO SORIANO | F41: A | H41: A | O41: A | T41: A | V41: A | AA41: A | AC41: A | AH41: 7
B42: VALENTINA FLAVIA VALDIVIESZO ROMAN | G42: A | H42: A | M42: A | N42: A | S42: A | U42: A | Z42: A | AB42: A | AC42: A | AD42: A
B43: CATALINA MARIA ROMERO MALPICA | I43: A | M43: A | T43: A | AD43: A | AH43: 4
B44: MARCELO SANTOS URBANO | I44: A | J44: A | M44: A | Q44: A | T44: A
B45: ISABELLA VALENTINA GUINEA CERDAN | M45: A | T45: A | V45: A
B46: FABIAN FABRIZIO ABARCA ANGELES | H46: A | M46: A | O46: A | T46: A | V46: A
B47: ALEJANDRO OCTAVIO ALEGRIA YUPANQUI | G47: A | H47: A | M47: A | O47: A | AA47: A | AC47: A
B48: GiANELLA NICOLE CALDERON AGUIRRE | T48: A | AC48: A | AH48: 2
B49: SALVADOR EFRAIN BUSTAMANTE PEREZ | Q49: A | X49: A | AH49: 2
B50: FELIPE PUÑO NUÑEZ | W50: A | AC50: A | AH50: 2
B51: =Febrero!MonthName&" Total" -> Febrero Total | AH51: =SUM(C51:AG51) -> 0
B53: Febrero | C53: BABY WOLF 4:30 | AH53: 2025
C54: =TEXT(WEEKDAY(DATE(CalendarioAño,2,1),1),"ddd") -> sáb | D54: =TEXT(WEEKDAY(DATE(CalendarioAño,2,2),1),"ddd") -> dom | E54: =TEXT(WEEKDAY(DATE(CalendarioAño,2,3),1),"ddd") -> lun | F54: =TEXT(WEEKDAY(DATE(CalendarioAño,2,4),1),"ddd") -> mar | G54: =TEXT(WEEKDAY(DATE(CalendarioAño,2,5),1),"ddd") -> mié | H54: =TEXT(WEEKDAY(DATE(CalendarioAño,2,6),1),"ddd") -> jue | I54: =TEXT(WEEKDAY(DATE(CalendarioAño,2,7),1),"ddd") -> vie | J54: =TEXT(WEEKDAY(DATE(CalendarioAño,2,8),1),"ddd") -> sáb | K54: =TEXT(WEEKDAY(DATE(CalendarioAño,2,9),1),"ddd") -> dom | L54: =TEXT(WEEKDAY(DATE(CalendarioAño,2,10),1),"ddd") -> lun | M54: =TEXT(WEEKDAY(DATE(CalendarioAño,2,11),1),"ddd") -> mar | N54: =TEXT(WEEKDAY(DATE(CalendarioAño,2,12),1),"ddd") -> mié | O54: =TEXT(WEEKDAY(DATE(CalendarioAño,2,13),1),"ddd") -> jue | P54: =TEXT(WEEKDAY(DATE(CalendarioAño,2,14),1),"ddd") -> vie | Q54: =TEXT(WEEKDAY(DATE(CalendarioAño,2,15),1),"ddd") -> sáb | R54: =TEXT(WEEKDAY(DATE(CalendarioAño,2,16),1),"ddd") -> dom | S54: =TEXT(WEEKDAY(DATE(CalendarioAño,2,17),1),"ddd") -> lun | T54: =TEXT(WEEKDAY(DATE(CalendarioAño,2,18),1),"ddd") -> mar | U54: =TEXT(WEEKDAY(DATE(CalendarioAño,2,19),1),"ddd") -> mié | V54: =TEXT(WEEKDAY(DATE(CalendarioAño,2,20),1),"ddd") -> jue | W54: =TEXT(WEEKDAY(DATE(CalendarioAño,2,21),1),"ddd") -> vie | X54: =TEXT(WEEKDAY(DATE(CalendarioAño,2,22),1),"ddd") -> sáb | Y54: =TEXT(WEEKDAY(DATE(CalendarioAño,2,23),1),"ddd") -> dom | Z54: =TEXT(WEEKDAY(DATE(CalendarioAño,2,24),1),"ddd") -> lun | AA54: =TEXT(WEEKDAY(DATE(CalendarioAño,2,25),1),"ddd") -> mar | AB54: =TEXT(WEEKDAY(DATE(CalendarioAño,2,26),1),"ddd") -> mié | AC54: =TEXT(WEEKDAY(DATE(CalendarioAño,2,27),1),"ddd") -> jue | AD54: =TEXT(WEEKDAY(DATE(CalendarioAño,2,28),1),"ddd") -> vie | AE54: =TEXT(WEEKDAY(DATE(CalendarioAño,2,29),1),"ddd") -> sáb
B55: NOMBRE Y APELLIDOS | C55: 1 | D55: 2 | E55: 3 | F55: 4 | G55: 5 | H55: 6 | I55: 7 | J55: 8 | K55: 9 | L55: 10 | M55: 11 | N55: 12 | O55: 13 | P55: 14 | Q55: 15 | R55: 16 | S55: 17 | T55: 18 | U55: 19 | V55: 20 | W55: 21 | X55: 22 | Y55: 23 | Z55: 24 | AA55: 25 | AB55: 26 | AC55: 27 | AD55: 28 | AE55: 29 | AH55: Número total de días
B56: LEANDRO HUACHALLANQUI MENDOZA | E56: A | G56: A | L56: A | AH56: 3
B57: VASCO DIAZ TAPIA | E57: A | N57: A | P57: A | S57: A
B58: ALESSANDRO EMILIO PEREZ MEDINA | E58: A | S58: A | T58: A | U58: A
B59: LUCIANA ISABELLA LOZADA BERNALA | E59: A | I59: A | L59: A | P59: A | S59: A | Z59: A | AH59: 6
B60: PIERO PAOLO NORATTO GEISER | C60: A | F60: A | H60: A | J60: A | M60: A | O60: A | Q60: A | T60: A | V60: A | X60: A | AA60: A | AC60: A | AH60: 12
B61: ANIA KAELLA MIA DELGADO JIMENEZ | C61: A | G61: A | J61: A | N61: A | U61: A | X61: A
B62: ARON CANAVAL FLORIAN | C62: A | J62: A | Q62: A | X62: A | AH62: 4
B63: ANDRE LEONARDO CARMELO POMA | C63: A | H63: A | M63: A | O63: A | T63: A | V63: A | AH63: 6
B64: DANNIA JULIETH SALAZAR ALFARO | G64: A | M64: A | W64: A | X64: A | AB64: A | AD64: A
B65: LEONARDO HERNANDEZ FLORIAN | G65: A | N65: A | P65: A | AB65: A | AD65: AA | AH65: 6
B66: SERGIO JEREMY AGUIRRE MISIYAURI | H66: A | M66: A | O66: A | T66: A | V66: A | Z66: A | AB66: A | AC66: A | AD66: A | AH66: 9
B67: ANTONELLA ESPERANZA OLANO CONTRERAS | H67: A | J67: A | M67: A | O67: A | T67: A | W67: A | X67: A | AB67: A | AC67: A | AD67: A
B68: NOAH JOSIAS CHONG SANCHEZ | H68: A | M68: A | O68: A | T68: A | V68: A | AA68: A | AC68: A | AH68: 7
B69: ITALA BRAÑEZ MOLERO | M69: A
B70: LOLA SANCHEZ PINTO | P70: A | T70: A | W70: A | Z70: A | AA70: A | AB70: A | AC70: A | AD70: A | AH70: 7
B71: LEONEL MONTOYA ANTIALAN | P71: A | T71: A | W71: A
B72: RODRIGO ALEJANDRO PALOMIO CAMPOS | H72: A | M72: A | O72: A | T72: A | AC72: A
B73: ARIA DOMENICA CHONG SANCHEZ | H73: A | M73: A | O73: A | T73: A | V73: A | AA73: A | AC73: A | AH73: 7
B74: MIA CHOZO LOPEZ | U74: A | W74: A | Z74: A | AD74: A | AH74: 4
B75: =Febrero!MonthName&" Total" -> Febrero Total | AH75: =SUM(C75:AG75) -> 0
B77: Febrero | C77: BABY WOLF 5:00 | AH77: 2025
C78: =TEXT(WEEKDAY(DATE(CalendarioAño,2,1),1),"ddd") -> sáb | D78: =TEXT(WEEKDAY(DATE(CalendarioAño,2,2),1),"ddd") -> dom | E78: =TEXT(WEEKDAY(DATE(CalendarioAño,2,3),1),"ddd") -> lun | F78: =TEXT(WEEKDAY(DATE(CalendarioAño,2,4),1),"ddd") -> mar | G78: =TEXT(WEEKDAY(DATE(CalendarioAño,2,5),1),"ddd") -> mié | H78: =TEXT(WEEKDAY(DATE(CalendarioAño,2,6),1),"ddd") -> jue | I78: =TEXT(WEEKDAY(DATE(CalendarioAño,2,7),1),"ddd") -> vie | J78: =TEXT(WEEKDAY(DATE(CalendarioAño,2,8),1),"ddd") -> sáb | K78: =TEXT(WEEKDAY(DATE(CalendarioAño,2,9),1),"ddd") -> dom | L78: =TEXT(WEEKDAY(DATE(CalendarioAño,2,10),1),"ddd") -> lun | M78: =TEXT(WEEKDAY(DATE(CalendarioAño,2,11),1),"ddd") -> mar | N78: =TEXT(WEEKDAY(DATE(CalendarioAño,2,12),1),"ddd") -> mié | O78: =TEXT(WEEKDAY(DATE(CalendarioAño,2,13),1),"ddd") -> jue | P78: =TEXT(WEEKDAY(DATE(CalendarioAño,2,14),1),"ddd") -> vie | Q78: =TEXT(WEEKDAY(DATE(CalendarioAño,2,15),1),"ddd") -> sáb | R78: =TEXT(WEEKDAY(DATE(CalendarioAño,2,16),1),"ddd") -> dom | S78: =TEXT(WEEKDAY(DATE(CalendarioAño,2,17),1),"ddd") -> lun | T78: =TEXT(WEEKDAY(DATE(CalendarioAño,2,18),1),"ddd") -> mar | U78: =TEXT(WEEKDAY(DATE(CalendarioAño,2,19),1),"ddd") -> mié | V78: =TEXT(WEEKDAY(DATE(CalendarioAño,2,20),1),"ddd") -> jue | W78: =TEXT(WEEKDAY(DATE(CalendarioAño,2,21),1),"ddd") -> vie | X78: =TEXT(WEEKDAY(DATE(CalendarioAño,2,22),1),"ddd") -> sáb | Y78: =TEXT(WEEKDAY(DATE(CalendarioAño,2,23),1),"ddd") -> dom | Z78: =TEXT(WEEKDAY(DATE(CalendarioAño,2,24),1),"ddd") -> lun | AA78: =TEXT(WEEKDAY(DATE(CalendarioAño,2,25),1),"ddd") -> mar | AB78: =TEXT(WEEKDAY(DATE(CalendarioAño,2,26),1),"ddd") -> mié | AC78: =TEXT(WEEKDAY(DATE(CalendarioAño,2,27),1),"ddd") -> jue | AD78: =TEXT(WEEKDAY(DATE(CalendarioAño,2,28),1),"ddd") -> vie | AE78: =TEXT(WEEKDAY(DATE(CalendarioAño,2,29),1),"ddd") -> sáb
B79: NOMBRE Y APELLIDOS | C79: 1 | D79: 2 | E79: 3 | F79: 4 | G79: 5 | H79: 6 | I79: 7 | J79: 8 | K79: 9 | L79: 10 | M79: 11 | N79: 12 | O79: 13 | P79: 14 | Q79: 15 | R79: 16 | S79: 17 | T79: 18 | U79: 19 | V79: 20 | W79: 21 | X79: 22 | Y79: 23 | Z79: 24 | AA79: 25 | AB79: 26 | AC79: 27 | AD79: 28 | AE79: 29 | AH79: Número total de días
B80: ENRICO JOSE SAVOCA PONTIGGIA | C80: A | J80: A | Q80: A
B81: SPERANZA ALTEA SAVOCA PONTIGGIA | C81: A | J81: A | Q81: A
B82: EVAN SALVADOR AZULA TIPE | C82: A | H82: A | J82: A | O82: A | Q82: A | X82: A | AC82: A | AH82: 7
B83: ADRIEL ANDREW PAREJA MONTES | C83: A | I83: A | J83: A | P83: A | Q83: A | W83: A | X83: A | AC83: A | AD83: A
B84: ETHAN SANTIAGO BRUCE CATALAN LAYME | C84: A | F84: A | M84: A | O84: A | T84: A | V84: A | Z84: A | AA84: A | AB84: A | AC84: A | AD84: A
B85: CESAR ADRIAN | F85: A | G85: A
B86: JADEN BASTIEN RIOS YOMOND | G86: A | H86: A | M86: A | N86: A | O86: A | P86: A | S86: A | T86: A | U86: A | AB86: A | AH86: 10
B87: LEONARDO GAEL AGUILAR DELGADO | H87: A | M87: A | O87: A | U87: A | V87: A | AB87: A | AC87: A | AD87: A
B88: BASTIAN MIJAEL MORALES JARAMILLO | H88: A | AB88: A
B89: LEONARDO RODRIGO NAVARRO VALVERDE | H89: A | M89: A | O89: A | T89: A | V89: A | AH89: 5
B90: CATALINA ARLETH TIJERO ALIAGA | I90: A | N90: A | S90: A | W90: A | Z90: A | AD90: A | AH90: 6
B91: SANTIAGO ANDRE GASTO MESCUA | J91: A | Q91: A | X91: A
B92: EMILIANO ALONSO CHIA ROMAN | M92: A | O92: A | P92: A | T92: A | V92: A | W92: A | AC92: A | AD92: A | AH92: 8
B93: JOAQUIN IGNACIO CHUMBES ROMAN | M93: A | O93: A | T93: A | V93: A | AC93: A
B94: PIERO STEVEN AGUIRRE UCHASARA | O94: A | T94: A | V94: A | AA94: A | AC94: A | AH94: 5
B95: AURELIO CHISTIANS TRISTAN ALEXANDRINO | H95: A | M95: AA | T95: A | V95: AA | AC95: A
B96: ELIAS DAVIANGEN OROSCO MONTENEGRO | S96: A | X96: A | AD96: A | AH96: 3
B97: IAN SCHMIDT MARIÑO | U97: A | W97: A | AB97: A
B98: GUILLERMO CASTILLO CULQUI | AC98: A
B99: KAI VEHARA HAMADA | Q99: A
B101: =Febrero!MonthName&" Total" -> Febrero Total | AH101: =SUM(C101:AG101) -> 0
B103: Febrero | C103: LITTLE WOLF 5:30 | AH103: 2025
C104: =TEXT(WEEKDAY(DATE(CalendarioAño,2,1),1),"ddd") -> sáb | D104: =TEXT(WEEKDAY(DATE(CalendarioAño,2,2),1),"ddd") -> dom | E104: =TEXT(WEEKDAY(DATE(CalendarioAño,2,3),1),"ddd") -> lun | F104: =TEXT(WEEKDAY(DATE(CalendarioAño,2,4),1),"ddd") -> mar | G104: =TEXT(WEEKDAY(DATE(CalendarioAño,2,5),1),"ddd") -> mié | H104: =TEXT(WEEKDAY(DATE(CalendarioAño,2,6),1),"ddd") -> jue | I104: =TEXT(WEEKDAY(DATE(CalendarioAño,2,7),1),"ddd") -> vie | J104: =TEXT(WEEKDAY(DATE(CalendarioAño,2,8),1),"ddd") -> sáb | K104: =TEXT(WEEKDAY(DATE(CalendarioAño,2,9),1),"ddd") -> dom | L104: =TEXT(WEEKDAY(DATE(CalendarioAño,2,10),1),"ddd") -> lun | M104: =TEXT(WEEKDAY(DATE(CalendarioAño,2,11),1),"ddd") -> mar | N104: =TEXT(WEEKDAY(DATE(CalendarioAño,2,12),1),"ddd") -> mié | O104: =TEXT(WEEKDAY(DATE(CalendarioAño,2,13),1),"ddd") -> jue | P104: =TEXT(WEEKDAY(DATE(CalendarioAño,2,14),1),"ddd") -> vie | Q104: =TEXT(WEEKDAY(DATE(CalendarioAño,2,15),1),"ddd") -> sáb | R104: =TEXT(WEEKDAY(DATE(CalendarioAño,2,16),1),"ddd") -> dom | S104: =TEXT(WEEKDAY(DATE(CalendarioAño,2,17),1),"ddd") -> lun | T104: =TEXT(WEEKDAY(DATE(CalendarioAño,2,18),1),"ddd") -> mar | U104: =TEXT(WEEKDAY(DATE(CalendarioAño,2,19),1),"ddd") -> mié | V104: =TEXT(WEEKDAY(DATE(CalendarioAño,2,20),1),"ddd") -> jue | W104: =TEXT(WEEKDAY(DATE(CalendarioAño,2,21),1),"ddd") -> vie | X104: =TEXT(WEEKDAY(DATE(CalendarioAño,2,22),1),"ddd") -> sáb | Y104: =TEXT(WEEKDAY(DATE(CalendarioAño,2,23),1),"ddd") -> dom | Z104: =TEXT(WEEKDAY(DATE(CalendarioAño,2,24),1),"ddd") -> lun | AA104: =TEXT(WEEKDAY(DATE(CalendarioAño,2,25),1),"ddd") -> mar | AB104: =TEXT(WEEKDAY(DATE(CalendarioAño,2,26),1),"ddd") -> mié | AC104: =TEXT(WEEKDAY(DATE(CalendarioAño,2,27),1),"ddd") -> jue | AD104: =TEXT(WEEKDAY(DATE(CalendarioAño,2,28),1),"ddd") -> vie | AE104: =TEXT(WEEKDAY(DATE(CalendarioAño,2,29),1),"ddd") -> sáb
B105: NOMBRE Y APELLIDOS | C105: 1 | D105: 2 | E105: 3 | F105: 4 | G105: 5 | H105: 6 | I105: 7 | J105: 8 | K105: 9 | L105: 10 | M105: 11 | N105: 12 | O105: 13 | P105: 14 | Q105: 15 | R105: 16 | S105: 17 | T105: 18 | U105: 19 | V105: 20 | W105: 21 | X105: 22 | Y105: 23 | Z105: 24 | AA105: 25 | AB105: 26 | AC105: 27 | AD105: 28 | AE105: 29 | AH105: Número total de días
B106: GIANIRELLA ZULEBY SAQUEIROS CANO | E106: A | H106: A | L106: A | P106: A | S106: A | W106: A | Z106: A
B107: ROMAN MALQUI HUAMAN | E107: A | J107: A | L107: A | P107: A | T107: A | W107: A | AD107: A
B108: MATEO VALENTINO VARGAS VASQUEZ | C108: A | H108: A
B109: ARLETH SALAZAR | F109: A | H109: A | M109: A | O109: A | T109: A | V109: A | AA109: A | AC109: A | AH109: 8
B110: DANIELA ALEXANDRA CABELLO LEÓN | F110: A | H110: A | M110: A | T110: A
B111: VICTOR HAKIM RODRIGUEZ GOMEZ | G111: A | I111: A | N111: A | P111: A | U111: A | W111: A | AB111: A | AD111: A | AH111: 8
B112: JARED EVARISTO GUIZADO MITMA | G112: A | I112: A | J112: A | Q112: A | T112: A | Z112: AA | AD112: A
B113: ISABELLA PORTUGAL | F113: A | H113: A | T113: A | AH113: 3
...

Sheet Marzo
B1: ASISTENCIA DE ALUMNOS
B2: Claves de los tipos de Asistencia | C2: V | D2: Vacaciones | G2: P | H2: Personal | K2: A | L2: Asistencia | O2: R | P2: Recuperacion | T2: E | U2: Eventos
B4: Marzo | C4: MEGA SUPER BABY WOLF 3:00 PM | AH4: =CalendarioAño -> 2025
C5: =TEXT(WEEKDAY(DATE(CalendarioAño,3,1),1),"ddd") -> sáb | D5: =TEXT(WEEKDAY(DATE(CalendarioAño,3,2),1),"ddd") -> dom | E5: =TEXT(WEEKDAY(DATE(CalendarioAño,3,3),1),"ddd") -> lun | F5: =TEXT(WEEKDAY(DATE(CalendarioAño,3,4),1),"ddd") -> mar | G5: =TEXT(WEEKDAY(DATE(CalendarioAño,3,5),1),"ddd") -> mié | H5: =TEXT(WEEKDAY(DATE(CalendarioAño,3,6),1),"ddd") -> jue | I5: =TEXT(WEEKDAY(DATE(CalendarioAño,3,7),1),"ddd") -> vie | J5: =TEXT(WEEKDAY(DATE(CalendarioAño,3,8),1),"ddd") -> sáb | K5: =TEXT(WEEKDAY(DATE(CalendarioAño,3,9),1),"ddd") -> dom | L5: =TEXT(WEEKDAY(DATE(CalendarioAño,3,10),1),"ddd") -> lun | M5: =TEXT(WEEKDAY(DATE(CalendarioAño,3,11),1),"ddd") -> mar | N5: =TEXT(WEEKDAY(DATE(CalendarioAño,3,12),1),"ddd") -> mié | O5: =TEXT(WEEKDAY(DATE(CalendarioAño,3,13),1),"ddd") -> jue | P5: =TEXT(WEEKDAY(DATE(CalendarioAño,3,14),1),"ddd") -> vie | Q5: =TEXT(WEEKDAY(DATE(CalendarioAño,3,15),1),"ddd") -> sáb | R5: =TEXT(WEEKDAY(DATE(CalendarioAño,3,16),1),"ddd") -> dom | S5: =TEXT(WEEKDAY(DATE(CalendarioAño,3,17),1),"ddd") -> lun | T5: =TEXT(WEEKDAY(DATE(CalendarioAño,3,18),1),"ddd") -> mar | U5: =TEXT(WEEKDAY(DATE(CalendarioAño,3,19),1),"ddd") -> mié | V5: =TEXT(WEEKDAY(DATE(CalendarioAño,3,20),1),"ddd") -> jue | W5: =TEXT(WEEKDAY(DATE(CalendarioAño,3,21),1),"ddd") -> vie | X5: =TEXT(WEEKDAY(DATE(CalendarioAño,3,22),1),"ddd") -> sáb | Y5: =TEXT(WEEKDAY(DATE(CalendarioAño,3,23),1),"ddd") -> dom | Z5: =TEXT(WEEKDAY(DATE(CalendarioAño,3,24),1),"ddd") -> lun | AA5: =TEXT(WEEKDAY(DATE(CalendarioAño,3,25),1),"ddd") -> mar | AB5: =TEXT(WEEKDAY(DATE(CalendarioAño,3,26),1),"ddd") -> mié | AC5: =TEXT(WEEKDAY(DATE(CalendarioAño,3,27),1),"ddd") -> jue | AD5: =TEXT(WEEKDAY(DATE(CalendarioAño,3,28),1),"ddd") -> vie | AE5: =TEXT(WEEKDAY(DATE(CalendarioAño,3,29),1),"ddd") -> sáb | AF5: =TEXT(WEEKDAY(DATE(CalendarioAño,3,30),1),"ddd") -> dom | AG5: =TEXT(WEEKDAY(DATE(CalendarioAño,3,31),1),"ddd") -> lun
B6: Nombre del empleado | C6: 1 | D6: 2 | E6: 3 | F6: 4 | G6: 5 | H6: 6 | I6: 7 | J6: 8 | K6: 9 | L6: 10 | M6: 11 | N6: 12 | O6: 13 | P6: 14 | Q6: 15 | R6: 16 | S6: 17 | T6: 18 | U6: 19 | V6: 20 | W6: 21 | X6: 22 | Y6: 23 | Z6: 24 | AA6: 25 | AB6: 26 | AC6: 27 | AD6: 28 | AE6: 29 | AF6: 30 | AG6: 31 | AH6: Número total de días
B7: THIAGO ABRAHAM MATIENZO TELLO | F7: A | J7: A | M7: A | Q7: A | T7: A | X7: A | AA7: A | AE7: A | AH7: 8
B8: DARIO DAVID FABIAN HERRERA | L8: A | S8: A | AH8: 2
B16: =Marzo!MonthName&" Total" -> Marzo Total | AH16: =SUM(C16:AG16) -> 0
B18: Marzo | C18: SUPER BABY WOLF 3:30 pm | AH18: =CalendarioAño -> 2025
C19: =TEXT(WEEKDAY(DATE(CalendarioAño,3,1),1),"ddd") -> sáb | D19: =TEXT(WEEKDAY(DATE(CalendarioAño,3,2),1),"ddd") -> dom | E19: =TEXT(WEEKDAY(DATE(CalendarioAño,3,3),1),"ddd") -> lun | F19: =TEXT(WEEKDAY(DATE(CalendarioAño,3,4),1),"ddd") -> mar | G19: =TEXT(WEEKDAY(DATE(CalendarioAño,3,5),1),"ddd") -> mié | H19: =TEXT(WEEKDAY(DATE(CalendarioAño,3,6),1),"ddd") -> jue | I19: =TEXT(WEEKDAY(DATE(CalendarioAño,3,7),1),"ddd") -> vie | J19: =TEXT(WEEKDAY(DATE(CalendarioAño,3,8),1),"ddd") -> sáb | K19: =TEXT(WEEKDAY(DATE(CalendarioAño,3,9),1),"ddd") -> dom | L19: =TEXT(WEEKDAY(DATE(CalendarioAño,3,10),1),"ddd") -> lun | M19: =TEXT(WEEKDAY(DATE(CalendarioAño,3,11),1),"ddd") -> mar | N19: =TEXT(WEEKDAY(DATE(CalendarioAño,3,12),1),"ddd") -> mié | O19: =TEXT(WEEKDAY(DATE(CalendarioAño,3,13),1),"ddd") -> jue | P19: =TEXT(WEEKDAY(DATE(CalendarioAño,3,14),1),"ddd") -> vie | Q19: =TEXT(WEEKDAY(DATE(CalendarioAño,3,15),1),"ddd") -> sáb | R19: =TEXT(WEEKDAY(DATE(CalendarioAño,3,16),1),"ddd") -> dom | S19: =TEXT(WEEKDAY(DATE(CalendarioAño,3,17),1),"ddd") -> lun | T19: =TEXT(WEEKDAY(DATE(CalendarioAño,3,18),1),"ddd") -> mar | U19: =TEXT(WEEKDAY(DATE(CalendarioAño,3,19),1),"ddd") -> mié | V19: =TEXT(WEEKDAY(DATE(CalendarioAño,3,20),1),"ddd") -> jue | W19: =TEXT(WEEKDAY(DATE(CalendarioAño,3,21),1),"ddd") -> vie | X19: =TEXT(WEEKDAY(DATE(CalendarioAño,3,22),1),"ddd") -> sáb | Y19: =TEXT(WEEKDAY(DATE(CalendarioAño,3,23),1),"ddd") -> dom | Z19: =TEXT(WEEKDAY(DATE(CalendarioAño,3,24),1),"ddd") -> lun | AA19: =TEXT(WEEKDAY(DATE(CalendarioAño,3,25),1),"ddd") -> mar | AB19: =TEXT(WEEKDAY(DATE(CalendarioAño,3,26),1),"ddd") -> mié | AC19: =TEXT(WEEKDAY(DATE(CalendarioAño,3,27),1),"ddd") -> jue | AD19: =TEXT(WEEKDAY(DATE(CalendarioAño,3,28),1),"ddd") -> vie | AE19: =TEXT(WEEKDAY(DATE(CalendarioAño,3,29),1),"ddd") -> sáb | AF19: =TEXT(WEEKDAY(DATE(CalendarioAño,3,30),1),"ddd") -> dom | AG19: =TEXT(WEEKDAY(DATE(CalendarioAño,3,31),1),"ddd") -> lun
B20: Nombre del empleado | C20: 1 | D20: 2 | E20: 3 | F20: 4 | G20: 5 | H20: 6 | I20: 7 | J20: 8 | K20: 9 | L20: 10 | M20: 11 | N20: 12 | O20: 13 | P20: 14 | Q20: 15 | R20: 16 | S20: 17 | T20: 18 | U20: 19 | V20: 20 | W20: 21 | X20: 22 | Y20: 23 | Z20: 24 | AA20: 25 | AB20: 26 | AC20: 27 | AD20: 28 | AE20: 29 | AF20: 30 | AG20: 31 | AH20: Número total de días
B21: EMANUEL DAVID RIVAS PAETAN | F21: A | J21: A | M21: A | Q21: A | V21: A | X21: A
B22: LUA GIANELLA RODRIGUEZ CASTRO | F22: A | H22: A | M22: A | O22: A | T22: A | V22: A | Z22: A | AA22: A | AC22: A
B23: ALEXANDRA GABRIELA BAUTISTA JUSTINIANO | G23: A | N23: A | T23: A | U23: A | V23: A | X23: A | AA23: A | AD23: A | AE23: A | AG23: A
B24: MATEO AUGUSTO RIVAS MERINO
B25: ALEJANDRO OCTAVIO ALEGRIA YUPANQUI | H25: A | I25: A | P25: A | Q25: A | T25: A | AE25: A
B26: FELIPE PUÑO NUÑEZ | H26: A | J26: A | L26: A
B27: MATEO JOSEPH HUATAY | G27: A | I27: A | N27: A | O27: A | AH27: 4
B28: ISABELLA QUISPE LUCAS | J28: A | N28: A | AA28: A | AC28: A | AH28: 4
B29: AMANDA VILLACORTA | AG29: A
B31: =Marzo!MonthName&" Total" -> Marzo Total | AH31: =SUM(C31:AG31) -> 0
B33: Marzo | C33: SUPER BABY WOLF 4:00 | AH33: =CalendarioAño -> 2025
C34: =TEXT(WEEKDAY(DATE(CalendarioAño,3,1),1),"ddd") -> sáb | D34: =TEXT(WEEKDAY(DATE(CalendarioAño,3,2),1),"ddd") -> dom | E34: =TEXT(WEEKDAY(DATE(CalendarioAño,3,3),1),"ddd") -> lun | F34: =TEXT(WEEKDAY(DATE(CalendarioAño,3,4),1),"ddd") -> mar | G34: =TEXT(WEEKDAY(DATE(CalendarioAño,3,5),1),"ddd") -> mié | H34: =TEXT(WEEKDAY(DATE(CalendarioAño,3,6),1),"ddd") -> jue | I34: =TEXT(WEEKDAY(DATE(CalendarioAño,3,7),1),"ddd") -> vie | J34: =TEXT(WEEKDAY(DATE(CalendarioAño,3,8),1),"ddd") -> sáb | K34: =TEXT(WEEKDAY(DATE(CalendarioAño,3,9),1),"ddd") -> dom | L34: =TEXT(WEEKDAY(DATE(CalendarioAño,3,10),1),"ddd") -> lun | M34: =TEXT(WEEKDAY(DATE(CalendarioAño,3,11),1),"ddd") -> mar | N34: =TEXT(WEEKDAY(DATE(CalendarioAño,3,12),1),"ddd") -> mié | O34: =TEXT(WEEKDAY(DATE(CalendarioAño,3,13),1),"ddd") -> jue | P34: =TEXT(WEEKDAY(DATE(CalendarioAño,3,14),1),"ddd") -> vie | Q34: =TEXT(WEEKDAY(DATE(CalendarioAño,3,15),1),"ddd") -> sáb | R34: =TEXT(WEEKDAY(DATE(CalendarioAño,3,16),1),"ddd") -> dom | S34: =TEXT(WEEKDAY(DATE(CalendarioAño,3,17),1),"ddd") -> lun | T34: =TEXT(WEEKDAY(DATE(CalendarioAño,3,18),1),"ddd") -> mar | U34: =TEXT(WEEKDAY(DATE(CalendarioAño,3,19),1),"ddd") -> mié | V34: =TEXT(WEEKDAY(DATE(CalendarioAño,3,20),1),"ddd") -> jue | W34: =TEXT(WEEKDAY(DATE(CalendarioAño,3,21),1),"ddd") -> vie | X34: =TEXT(WEEKDAY(DATE(CalendarioAño,3,22),1),"ddd") -> sáb | Y34: =TEXT(WEEKDAY(DATE(CalendarioAño,3,23),1),"ddd") -> dom | Z34: =TEXT(WEEKDAY(DATE(CalendarioAño,3,24),1),"ddd") -> lun | AA34: =TEXT(WEEKDAY(DATE(CalendarioAño,3,25),1),"ddd") -> mar | AB34: =TEXT(WEEKDAY(DATE(CalendarioAño,3,26),1),"ddd") -> mié | AC34: =TEXT(WEEKDAY(DATE(CalendarioAño,3,27),1),"ddd") -> jue | AD34: =TEXT(WEEKDAY(DATE(CalendarioAño,3,28),1),"ddd") -> vie | AE34: =TEXT(WEEKDAY(DATE(CalendarioAño,3,29),1),"ddd") -> sáb | AF34: =TEXT(WEEKDAY(DATE(CalendarioAño,3,30),1),"ddd") -> dom | AG34: =TEXT(WEEKDAY(DATE(CalendarioAño,3,31),1),"ddd") -> lun
B35: Nombre del empleado | C35: 1 | D35: 2 | E35: 3 | F35: 4 | G35: 5 | H35: 6 | I35: 7 | J35: 8 | K35: 9 | L35: 10 | M35: 11 | N35: 12 | O35: 13 | P35: 14 | Q35: 15 | R35: 16 | S35: 17 | T35: 18 | U35: 19 | V35: 20 | W35: 21 | X35: 22 | Y35: 23 | Z35: 24 | AA35: 25 | AB35: 26 | AC35: 27 | AD35: 28 | AE35: 29 | AF35: 30 | AG35: 31 | AH35: Número total de días
B36: MARIA FERNANDA ORBEGOSO LOPEZ | F36: A | H36: A | M36: A | O36: A | T36: A | V36: A | AA36: A | AC36: A | AH36: 8
B37: ALESSIO VEGARA EZETA | F37: A | H37: A | P37: A | Q37: A | W37: A | X37: A | AE37: A
B38: MARCELO SANTOS URBANO | F38: A | J38: A | L38: A | O38: A | Q38: A | X38: A | AA38: A
B39: VALENTINA FLAVIA VALDIVIESZO ROMAN | G39: A | H39: A | L39: A | N39: A | S39: A | U39: A | W39: A | AA39: A | AC39: A
B40: CAMILA MAUREEN GARCIA VEGA | G40: A | H40: A | S40: A | U40: A | W40: A | Z40: A | AB40: A | AG40: A
B41: ALBA LUCIA CABALLERO SORIANO | H41: A | M41: A | O41: A | V41: A | AA41: A | AC41: A
B42: FERNANDA SOCA MEDRARO | H42: A | J42: A | O42: A | Q42: A | V42: A | W42: A | X42: A | AC42: A | AE42: A | AH42: 9
B43: CATALINA MARIA ROMERO MALPICA | I43: A
B44: JOSE ANDRES VELIZ HAYTA | Q44: A | X44: A | AE44: A
B45: SALVADOR EFRAIN BUSTAMANTE PEREZ | Q45: A | X45: A | AE45: A | AH45: 3
B46: MAR PORTOCARRERO BERNAOLA | T46: A | V46: A | AA46: A | AE46: A | AH46: 4
B47: MICAELA PORTOCARRERO BERNAOLA | T47: A | V47: A | AA47: A | AE47: A | AH47: 4
B48: SANTIAGO ROJAS | X48: A | AB48: A | AE48: A | AH48: 3
B51: =Marzo!MonthName&" Total" -> Marzo Total | AH51: =SUM(C51:AG51) -> 0
B53: Marzo | C53: BABY WOLF 4:30 | AH53: =CalendarioAño -> 2025
C54: =TEXT(WEEKDAY(DATE(CalendarioAño,3,1),1),"ddd") -> sáb | D54: =TEXT(WEEKDAY(DATE(CalendarioAño,3,2),1),"ddd") -> dom | E54: =TEXT(WEEKDAY(DATE(CalendarioAño,3,3),1),"ddd") -> lun | F54: =TEXT(WEEKDAY(DATE(CalendarioAño,3,4),1),"ddd") -> mar | G54: =TEXT(WEEKDAY(DATE(CalendarioAño,3,5),1),"ddd") -> mié | H54: =TEXT(WEEKDAY(DATE(CalendarioAño,3,6),1),"ddd") -> jue | I54: =TEXT(WEEKDAY(DATE(CalendarioAño,3,7),1),"ddd") -> vie | J54: =TEXT(WEEKDAY(DATE(CalendarioAño,3,8),1),"ddd") -> sáb | K54: =TEXT(WEEKDAY(DATE(CalendarioAño,3,9),1),"ddd") -> dom | L54: =TEXT(WEEKDAY(DATE(CalendarioAño,3,10),1),"ddd") -> lun | M54: =TEXT(WEEKDAY(DATE(CalendarioAño,3,11),1),"ddd") -> mar | N54: =TEXT(WEEKDAY(DATE(CalendarioAño,3,12),1),"ddd") -> mié | O54: =TEXT(WEEKDAY(DATE(CalendarioAño,3,13),1),"ddd") -> jue | P54: =TEXT(WEEKDAY(DATE(CalendarioAño,3,14),1),"ddd") -> vie | Q54: =TEXT(WEEKDAY(DATE(CalendarioAño,3,15),1),"ddd") -> sáb | R54: =TEXT(WEEKDAY(DATE(CalendarioAño,3,16),1),"ddd") -> dom | S54: =TEXT(WEEKDAY(DATE(CalendarioAño,3,17),1),"ddd") -> lun | T54: =TEXT(WEEKDAY(DATE(CalendarioAño,3,18),1),"ddd") -> mar | U54: =TEXT(WEEKDAY(DATE(CalendarioAño,3,19),1),"ddd") -> mié | V54: =TEXT(WEEKDAY(DATE(CalendarioAño,3,20),1),"ddd") -> jue | W54: =TEXT(WEEKDAY(DATE(CalendarioAño,3,21),1),"ddd") -> vie | X54: =TEXT(WEEKDAY(DATE(CalendarioAño,3,22),1),"ddd") -> sáb | Y54: =TEXT(WEEKDAY(DATE(CalendarioAño,3,23),1),"ddd") -> dom | Z54: =TEXT(WEEKDAY(DATE(CalendarioAño,3,24),1),"ddd") -> lun | AA54: =TEXT(WEEKDAY(DATE(CalendarioAño,3,25),1),"ddd") -> mar | AB54: =TEXT(WEEKDAY(DATE(CalendarioAño,3,26),1),"ddd") -> mié | AC54: =TEXT(WEEKDAY(DATE(CalendarioAño,3,27),1),"ddd") -> jue | AD54: =TEXT(WEEKDAY(DATE(CalendarioAño,3,28),1),"ddd") -> vie | AE54: =TEXT(WEEKDAY(DATE(CalendarioAño,3,29),1),"ddd") -> sáb | AF54: =TEXT(WEEKDAY(DATE(CalendarioAño,3,30),1),"ddd") -> dom | AG54: =TEXT(WEEKDAY(DATE(CalendarioAño,3,31),1),"ddd") -> lun
B55: Nombre del empleado | C55: 1 | D55: 2 | E55: 3 | F55: 4 | G55: 5 | H55: 6 | I55: 7 | J55: 8 | K55: 9 | L55: 10 | M55: 11 | N55: 12 | O55: 13 | P55: 14 | Q55: 15 | R55: 16 | S55: 17 | T55: 18 | U55: 19 | V55: 20 | W55: 21 | X55: 22 | Y55: 23 | Z55: 24 | AA55: 25 | AB55: 26 | AC55: 27 | AD55: 28 | AE55: 29 | AF55: 30 | AG55: 31 | AH55: Número total de días
B56: ISABELLA VALENTINA GUINEA CERDAN | F56: A | H56: A | M56: AA | N56: A | AA56: A
B57: RODRIGO ALEJANDRO PALOMIO CAMPOS | F57: A | I57: A | M57: A | P57: A | T57: A | V57: A | AA57: A | AC57: A | AH57: 8
B58: LIAM GAEL PABLO CUEVA | F58: A | H58: A | M58: A | Q58: A
B59: ETHAN SANTIAGO BRUCE CATALAN LAYME | F59: A | H59: A | M59: A | O59: A | T59: A | V59: A | AA59: A | AC59: A
B60: ARIA DOMENICA CHONG SANCHEZ | F60: A | H60: A | M60: A | O60: A | T60: A
B61: NOAH JOSIAS CHONG SANCHEZ | H61: A | M61: A | O61: A | T61: A
B62: LEONEL MONTOYA ANTIALAN | F62: A
B63: SERGIO JEREMY AGUIRRE MISIYAURI | F63: A | H63: A | M63: A | O63: A | AA63: A | AD63: A | AH63: 6
B64: DANNIA JULIETH SALAZAR ALFARO | G64: A | I64: A | N64: A | P64: A | U64: A
B65: VASCO DIAZ TAPIA | G65: A | H65: A | I65: A | L65: A | M65: A | N65: A | U65: A
B66: LEONARDO HERNANDEZ FLORIAN | G66: A | U66: A
B67: MATEO AUGUSTO RIVAS MERINO | H67: A | I67: A | M67: A | O67: A | V67: A | AA67: A | AC67: A
B68: ANIA KAELLA MIA DELGADO JIMENEZ | J68: A | N68: A | S68: A | U68: A | AB68: A | AE68: A
B69: EDUARDO AQUINO PELLEGRIN | J69: A | Q69: A | AH69: 2
B70: ALEC REYES KROLL | M70: A | S70: A | T70: A | Z70: A | AA70: A | AG70: A | AH70: 6
B71: MIA ROJAS LLANTOY | O71: A | T71: A | V71: A
B72: ARON CANAVAL FLORIAN | Q72: A | AE72: A
B73: JARED EVARISTO GUIZADO MITMA | Q73: A | AE73: A
B74: SANTIAGO LESCANO JARA | U74: A
B75: ALMA CASTILLO MENDOZA | AA75: A | AD75: A
B77: =Marzo!MonthName&" Total" -> Marzo Total | AH77: =SUM(C77:AG77) -> 0
B79: Marzo | C79: BABY WOLF 5:00
C80: =TEXT(WEEKDAY(DATE(CalendarioAño,3,1),1),"ddd") -> sáb | D80: =TEXT(WEEKDAY(DATE(CalendarioAño,3,2),1),"ddd") -> dom | E80: =TEXT(WEEKDAY(DATE(CalendarioAño,3,3),1),"ddd") -> lun | F80: =TEXT(WEEKDAY(DATE(CalendarioAño,3,4),1),"ddd") -> mar | G80: =TEXT(WEEKDAY(DATE(CalendarioAño,3,5),1),"ddd") -> mié | H80: =TEXT(WEEKDAY(DATE(CalendarioAño,3,6),1),"ddd") -> jue | I80: =TEXT(WEEKDAY(DATE(CalendarioAño,3,7),1),"ddd") -> vie | J80: =TEXT(WEEKDAY(DATE(CalendarioAño,3,8),1),"ddd") -> sáb | K80: =TEXT(WEEKDAY(DATE(CalendarioAño,3,9),1),"ddd") -> dom | L80: =TEXT(WEEKDAY(DATE(CalendarioAño,3,10),1),"ddd") -> lun | M80: =TEXT(WEEKDAY(DATE(CalendarioAño,3,11),1),"ddd") -> mar | N80: =TEXT(WEEKDAY(DATE(CalendarioAño,3,12),1),"ddd") -> mié | O80: =TEXT(WEEKDAY(DATE(CalendarioAño,3,13),1),"ddd") -> jue | P80: =TEXT(WEEKDAY(DATE(CalendarioAño,3,14),1),"ddd") -> vie | Q80: =TEXT(WEEKDAY(DATE(CalendarioAño,3,15),1),"ddd") -> sáb | R80: =TEXT(WEEKDAY(DATE(CalendarioAño,3,16),1),"ddd") -> dom | S80: =TEXT(WEEKDAY(DATE(CalendarioAño,3,17),1),"ddd") -> lun | T80: =TEXT(WEEKDAY(DATE(CalendarioAño,3,18),1),"ddd") -> mar | U80: =TEXT(WEEKDAY(DATE(CalendarioAño,3,19),1),"ddd") -> mié | V80: =TEXT(WEEKDAY(DATE(CalendarioAño,3,20),1),"ddd") -> jue | W80: =TEXT(WEEKDAY(DATE(CalendarioAño,3,21),1),"ddd") -> vie | X80: =TEXT(WEEKDAY(DATE(CalendarioAño,3,22),1),"ddd") -> sáb | Y80: =TEXT(WEEKDAY(DATE(CalendarioAño,3,23),1),"ddd") -> dom | Z80: =TEXT(WEEKDAY(DATE(CalendarioAño,3,24),1),"ddd") -> lun | AA80: =TEXT(WEEKDAY(DATE(CalendarioAño,3,25),1),"ddd") -> mar | AB80: =TEXT(WEEKDAY(DATE(CalendarioAño,3,26),1),"ddd") -> mié | AC80: =TEXT(WEEKDAY(DATE(CalendarioAño,3,27),1),"ddd") -> jue | AD80: =TEXT(WEEKDAY(DATE(CalendarioAño,3,28),1),"ddd") -> vie | AE80: =TEXT(WEEKDAY(DATE(CalendarioAño,3,29),1),"ddd") -> sáb | AF80: =TEXT(WEEKDAY(DATE(CalendarioAño,3,30),1),"ddd") -> dom | AG80: =TEXT(WEEKDAY(DATE(CalendarioAño,3,31),1),"ddd") -> lun
B81: Nombre del empleado | C81: 1 | D81: 2 | E81: 3 | F81: 4 | G81: 5 | H81: 6 | I81: 7 | J81: 8 | K81: 9 | L81: 10 | M81: 11 | N81: 12 | O81: 13 | P81: 14 | Q81: 15 | R81: 16 | S81: 17 | T81: 18 | U81: 19 | V81: 20 | W81: 21 | X81: 22 | Y81: 23 | Z81: 24 | AA81: 25 | AB81: 26 | AC81: 27 | AD81: 28 | AE81: 29 | AF81: 30 | AG81: 31
B82: LEONARDO GAEL AGUILAR DELGADO | F82: A | H82: A | M82: A | T82: A | V82: A | AA82: A | AC82: A | AG82: A
B83: EMILIANO ALONSO CHIA ROMAN | F83: A | H83: A | I83: A | M83: A | O83: A | T83: A | V83: A | AB83: A | AD83: A
B84: AURELIO CHISTIANS TRISTAN ALEXANDRINO | F84: A | I84: A | J84: A | L84: AA | N84: A | Q84: A | S84: A | U84: A | AB84: A | AG84: AA
B85: JOAQUIN IGNACIO CHUMBES ROMAN | F85: A | H85: A | L85: A | M85: A | O85: A | T85: A | V85: A | AA85: A | AC85: A
B86: GUILLERMO CASTILLO CULQUI | F86: A | H86: A | M86: A | O86: A | Z86: A | AA86: A | AG86: A
B87: PIERO STEVEN AGUIRRE UCHASARA | F87: A | M87: A | T87: A | W87: A | AA87: A | AD87: A | AH87: 6
B88: IAN SCHMIDT MARIÑO | G88: A | N88: A
B89: GAEL ADRIEZ LUNA QUISPE | G89: A | M89: A | O89: A | T89: A | V89: A | AC89: A | AD89: A | AH89: 7
B90: EVAN SALVADOR AZULA TIPE | H90: A | J90: A | AH90: 2
B91: ANTONELLA ESPERANZA OLANO CONTRERAS | H91: A | I91: A | M91: A | N91: A | Z91: A | AE91: A
B92: CATALINA ARLETH TIJERO ALIAGA | H92: A
B93: MIA CHOZO LOPEZ | I93: A | L93: A | P93: A | S93: A | W93: A | Z93: A | AG93: A | AH93: 7
B94: ADRIEL ANDREW PAREJA MONTES | I94: A | J94: A | P94: A | Q94: A | W94: A | AD94: A | AE94: A
B95: ENRICO JOSE SAVOCA PONTIGGIA | J95: A | Q95: A | AE95: A
B96: SPERANZA ALTEA SAVOCA PONTIGGIA | J96: A | Q96: A | AE96: A
B97: LOLA SANCHEZ PINTO | J97: A | M97: A | T97: A | U97: A | AB97: A | AC97: A | AE97: A | AH97: 7
B98: ELIAS DAVIANGEN OROSCO MONTENEGRO | L98: A | P98: A | Q98: A | S98: A | AD98: A | AE98: A
B99: KAI VEHARA HAMADA | Q99: A
B100: SANTIAGO ANDRE GASTO MESCUA | Q100: A | AE100: A
B101: ARLETH SALAZAR
B102: JADEN BASTIEN RIOS YOMOND | AA102: A | AB102: A | AC102: A | AD102: A | AG102: A
B103: LEANDRO HUACHALLANQUI MENDOZA | AB103: A | AD103: A | AG103: A | AH103: 3
B106: =Marzo!MonthName&" Total" -> Marzo Total
B108: Marzo | C108: LITTLE WOLF 5:30
C109: =TEXT(WEEKDAY(DATE(CalendarioAño,3,1),1),"ddd") -> sáb | D109: =TEXT(WEEKDAY(DATE(CalendarioAño,3,2),1),"ddd") -> dom | E109: =TEXT(WEEKDAY(DATE(CalendarioAño,3,3),1),"ddd") -> lun | F109: =TEXT(WEEKDAY(DATE(CalendarioAño,3,4),1),"ddd") -> mar | G109: =TEXT(WEEKDAY(DATE(CalendarioAño,3,5),1),"ddd") -> mié | H109: =TEXT(WEEKDAY(DATE(CalendarioAño,3,6),1),"ddd") -> jue | I109: =TEXT(WEEKDAY(DATE(CalendarioAño,3,7),1),"ddd") -> vie | J109: =TEXT(WEEKDAY(DATE(CalendarioAño,3,8),1),"ddd") -> sáb | K109: =TEXT(WEEKDAY(DATE(CalendarioAño,3,9),1),"ddd") -> dom | L109: =TEXT(WEEKDAY(DATE(CalendarioAño,3,10),1),"ddd") -> lun | M109: =TEXT(WEEKDAY(DATE(CalendarioAño,3,11),1),"ddd") -> mar | N109: =TEXT(WEEKDAY(DATE(CalendarioAño,3,12),1),"ddd") -> mié | O109: =TEXT(WEEKDAY(DATE(CalendarioAño,3,13),1),"ddd") -> jue | P109: =TEXT(WEEKDAY(DATE(CalendarioAño,3,14),1),"ddd") -> vie | Q109: =TEXT(WEEKDAY(DATE(CalendarioAño,3,15),1),"ddd") -> sáb | R109: =TEXT(WEEKDAY(DATE(CalendarioAño,3,16),1),"ddd") -> dom | S109: =TEXT(WEEKDAY(DATE(CalendarioAño,3,17),1),"ddd") -> lun | T109: =TEXT(WEEKDAY(DATE(CalendarioAño,3,18),1),"ddd") -> mar | U109: =TEXT(WEEKDAY(DATE(CalendarioAño,3,19),1),"ddd") -> mié | V109: =TEXT(WEEKDAY(DATE(CalendarioAño,3,20),1),"ddd") -> jue | W109: =TEXT(WEEKDAY(DATE(CalendarioAño,3,21),1),"ddd") -> vie | X109: =TEXT(WEEKDAY(DATE(CalendarioAño,3,22),1),"ddd") -> sáb | Y109: =TEXT(WEEKDAY(DATE(CalendarioAño,3,23),1),"ddd") -> dom | Z109: =TEXT(WEEKDAY(DATE(CalendarioAño,3,24),1),"ddd") -> lun | AA109: =TEXT(WEEKDAY(DATE(CalendarioAño,3,25),1),"ddd") -> mar | AB109: =TEXT(WEEKDAY(DATE(CalendarioAño,3,26),1),"ddd") -> mié | AC109: =TEXT(WEEKDAY(DATE(CalendarioAño,3,27),1),"ddd") -> jue | AD109: =TEXT(WEEKDAY(DATE(CalendarioAño,3,28),1),"ddd") -> vie | AE109: =TEXT(WEEKDAY(DATE(CalendarioAño,3,29),1),"ddd") -> sáb | AF109: =TEXT(WEEKDAY(DATE(CalendarioAño,3,30),1),"ddd") -> dom | AG109: =TEXT(WEEKDAY(DATE(CalendarioAño,3,31),1),"ddd") -> lun
B110: Nombre del empleado | C110: 1 | D110: 2 | E110: 3 | F110: 4 | G110: 5 | H110: 6 | I110: 7 | J110: 8 | K110: 9 | L110: 10 | M110: 11 | N110: 12 | O110: 13 | P110: 14 | Q110: 15 | R110: 16 | S110: 17 | T110: 18 | U110: 19 | V110: 20 | W110: 21 | X110: 22 | Y110: 23 | Z110: 24 | AA110: 25 | AB110: 26 | AC110: 27 | AD110: 28 | AE110: 29 | AF110: 30 | AG110: 31
B111: MATEO SOLLER PONCE | F111: A | T111: AA | AA111: AA | AG111: AA | AH111: 7
B112: MAXIMO DANIEL JAUREGUI DALAS | F112: A | H112: A | M112: A | O112: A | T112: A | V112: A | AA112: A | AC112: A | AH112: 8
B113: RAFAEL AYVAR CUEVA | F113: A | I113: A | L113: A | P113: A | U113: A | W113: A | AC113: A | AD113: A | AG113: A
B114: DANIELA ALEXANDRA CABELLO LEÓN | F114: A | G114: A | H114: A | L114: A | N114: A | O114: A | S114: A | U114: A | V114: A | Z114: A | AB114: A | AC114: A | AG114: AA
B115: ROMAN MALQUI HUAMAN | I115: A
B116: VICTOR HAKIM RODRIGUEZ GOMEZ | G116: AA | I116: A | N116: A | P116: A | U116: A | W116: A | AB116: A
B117: LARA REYES KROLL | L117: A | O117: A | S117: A | V117: A | Z117: A | AC117: A | AG117: A
B118: ADRIANO RIVERA ARIZA | Z118: A | AB118: A | AG118: A
B120: =Marzo!MonthName&" Total" -> Marzo Total
...

Sheet Abril
B1: ASISTENCIA DE ALUMNOS
B2: Claves de los tipos de Asistencia | C2: V | D2: Vacaciones | G2: P | H2: Personal | K2: A | L2: Asistencia | O2: R | P2: Recuperacion | T2: E | U2: Eventos
B4: Abril | C4: MEGA SUPER BABY WOLF 3:00 PM | AH4: =CalendarioAño -> 2025
C5: =TEXT(WEEKDAY(DATE(CalendarioAño,4,1),1),"ddd") -> mar | D5: =TEXT(WEEKDAY(DATE(CalendarioAño,4,2),1),"ddd") -> mié | E5: =TEXT(WEEKDAY(DATE(CalendarioAño,4,3),1),"ddd") -> jue | F5: =TEXT(WEEKDAY(DATE(CalendarioAño,4,4),1),"ddd") -> vie | G5: =TEXT(WEEKDAY(DATE(CalendarioAño,4,5),1),"ddd") -> sáb | H5: =TEXT(WEEKDAY(DATE(CalendarioAño,4,6),1),"ddd") -> dom | I5: =TEXT(WEEKDAY(DATE(CalendarioAño,4,7),1),"ddd") -> lun | J5: =TEXT(WEEKDAY(DATE(CalendarioAño,4,8),1),"ddd") -> mar | K5: =TEXT(WEEKDAY(DATE(CalendarioAño,4,9),1),"ddd") -> mié | L5: =TEXT(WEEKDAY(DATE(CalendarioAño,4,10),1),"ddd") -> jue | M5: =TEXT(WEEKDAY(DATE(CalendarioAño,4,11),1),"ddd") -> vie | N5: =TEXT(WEEKDAY(DATE(CalendarioAño,4,12),1),"ddd") -> sáb | O5: =TEXT(WEEKDAY(DATE(CalendarioAño,4,13),1),"ddd") -> dom | P5: =TEXT(WEEKDAY(DATE(CalendarioAño,4,14),1),"ddd") -> lun | Q5: =TEXT(WEEKDAY(DATE(CalendarioAño,4,15),1),"ddd") -> mar | R5: =TEXT(WEEKDAY(DATE(CalendarioAño,4,16),1),"ddd") -> mié | S5: =TEXT(WEEKDAY(DATE(CalendarioAño,4,17),1),"ddd") -> jue | T5: =TEXT(WEEKDAY(DATE(CalendarioAño,4,18),1),"ddd") -> vie | U5: =TEXT(WEEKDAY(DATE(CalendarioAño,4,19),1),"ddd") -> sáb | V5: =TEXT(WEEKDAY(DATE(CalendarioAño,4,20),1),"ddd") -> dom | W5: =TEXT(WEEKDAY(DATE(CalendarioAño,4,21),1),"ddd") -> lun | X5: =TEXT(WEEKDAY(DATE(CalendarioAño,4,22),1),"ddd") -> mar | Y5: =TEXT(WEEKDAY(DATE(CalendarioAño,4,23),1),"ddd") -> mié | Z5: =TEXT(WEEKDAY(DATE(CalendarioAño,4,24),1),"ddd") -> jue | AA5: =TEXT(WEEKDAY(DATE(CalendarioAño,4,25),1),"ddd") -> vie | AB5: =TEXT(WEEKDAY(DATE(CalendarioAño,4,26),1),"ddd") -> sáb | AC5: =TEXT(WEEKDAY(DATE(CalendarioAño,4,27),1),"ddd") -> dom | AD5: =TEXT(WEEKDAY(DATE(CalendarioAño,4,28),1),"ddd") -> lun | AE5: =TEXT(WEEKDAY(DATE(CalendarioAño,4,29),1),"ddd") -> mar | AF5: =TEXT(WEEKDAY(DATE(CalendarioAño,4,30),1),"ddd") -> mié
B6: ALUMNOS | C6: 1 | D6: 2 | E6: 3 | F6: 4 | G6: 5 | H6: 6 | I6: 7 | J6: 8 | K6: 9 | L6: 10 | M6: 11 | N6: 12 | O6: 13 | P6: 14 | Q6: 15 | R6: 16 | S6: 17 | T6: 18 | U6: 19 | V6: 20 | W6: 21 | X6: 22 | Y6: 23 | Z6: 24 | AA6: 25 | AB6: 26 | AC6: 27 | AD6: 28 | AE6: 29 | AF6: 30 | AH6: Total de días
B7: JACK ANDIA RUIZ | J7: A | Q7: A | X7: A | Z7: A | AE7: A
B19: =Abril!MonthName&" Total" -> Abril Total | AH19: =SUM(C19:AG19) -> 0
B21: Abril | C21: SUPER BABY WOLF 3:30 pm
C22: =TEXT(WEEKDAY(DATE(CalendarioAño,4,1),1),"ddd") -> mar | D22: =TEXT(WEEKDAY(DATE(CalendarioAño,4,2),1),"ddd") -> mié | E22: =TEXT(WEEKDAY(DATE(CalendarioAño,4,3),1),"ddd") -> jue | F22: =TEXT(WEEKDAY(DATE(CalendarioAño,4,4),1),"ddd") -> vie | G22: =TEXT(WEEKDAY(DATE(CalendarioAño,4,5),1),"ddd") -> sáb | H22: =TEXT(WEEKDAY(DATE(CalendarioAño,4,6),1),"ddd") -> dom | I22: =TEXT(WEEKDAY(DATE(CalendarioAño,4,7),1),"ddd") -> lun | J22: =TEXT(WEEKDAY(DATE(CalendarioAño,4,8),1),"ddd") -> mar | K22: =TEXT(WEEKDAY(DATE(CalendarioAño,4,9),1),"ddd") -> mié | L22: =TEXT(WEEKDAY(DATE(CalendarioAño,4,10),1),"ddd") -> jue | M22: =TEXT(WEEKDAY(DATE(CalendarioAño,4,11),1),"ddd") -> vie | N22: =TEXT(WEEKDAY(DATE(CalendarioAño,4,12),1),"ddd") -> sáb | O22: =TEXT(WEEKDAY(DATE(CalendarioAño,4,13),1),"ddd") -> dom | P22: =TEXT(WEEKDAY(DATE(CalendarioAño,4,14),1),"ddd") -> lun | Q22: =TEXT(WEEKDAY(DATE(CalendarioAño,4,15),1),"ddd") -> mar | R22: =TEXT(WEEKDAY(DATE(CalendarioAño,4,16),1),"ddd") -> mié | S22: =TEXT(WEEKDAY(DATE(CalendarioAño,4,17),1),"ddd") -> jue | T22: =TEXT(WEEKDAY(DATE(CalendarioAño,4,18),1),"ddd") -> vie | U22: =TEXT(WEEKDAY(DATE(CalendarioAño,4,19),1),"ddd") -> sáb | V22: =TEXT(WEEKDAY(DATE(CalendarioAño,4,20),1),"ddd") -> dom | W22: =TEXT(WEEKDAY(DATE(CalendarioAño,4,21),1),"ddd") -> lun | X22: =TEXT(WEEKDAY(DATE(CalendarioAño,4,22),1),"ddd") -> mar | Y22: =TEXT(WEEKDAY(DATE(CalendarioAño,4,23),1),"ddd") -> mié | Z22: =TEXT(WEEKDAY(DATE(CalendarioAño,4,24),1),"ddd") -> jue | AA22: =TEXT(WEEKDAY(DATE(CalendarioAño,4,25),1),"ddd") -> vie | AB22: =TEXT(WEEKDAY(DATE(CalendarioAño,4,26),1),"ddd") -> sáb | AC22: =TEXT(WEEKDAY(DATE(CalendarioAño,4,27),1),"ddd") -> dom | AD22: =TEXT(WEEKDAY(DATE(CalendarioAño,4,28),1),"ddd") -> lun | AE22: =TEXT(WEEKDAY(DATE(CalendarioAño,4,29),1),"ddd") -> mar | AF22: =TEXT(WEEKDAY(DATE(CalendarioAño,4,30),1),"ddd") -> mié
B23: ALUMNOS | C23: 1 | D23: 2 | E23: 3 | F23: 4 | G23: 5 | H23: 6 | I23: 7 | J23: 8 | K23: 9 | L23: 10 | M23: 11 | N23: 12 | O23: 13 | P23: 14 | Q23: 15 | R23: 16 | S23: 17 | T23: 18 | U23: 19 | V23: 20 | W23: 21 | X23: 22 | Y23: 23 | Z23: 24 | AA23: 25 | AB23: 26 | AC23: 27 | AD23: 28 | AE23: 29 | AF23: 30
B24: THIAGO ABRAHAM MATIENZO TELLO | C24: A | J24: A | Q24: A | X24: A | AB24: A | AD24: A | AH24: 4
B25: ALEXANDRA GABRIELA BAUTISTA JUSTINIANO | C25: A | N25: A | W25: A
B26: EMANUEL DAVID RIVAS PAETAN | C26: A | J26: A | X26: A | AB26: AA | AE26: A
B27: ISABELLA QUISPE LUCAS | E27: A | F27: A | J27: A | N27: A | Q27: A | Z27: A | AH27: 6
B28: JOSE ANDRES VELIZ HAYTA | N28: A
B29: DANIELA AIATAMA CUEVA ZEVALLOS | X29: A
B36: =Abril!MonthName&" Total" -> Abril Total
B38: Abril | C38: SUPER BABY WOLF 4:00
C39: =TEXT(WEEKDAY(DATE(CalendarioAño,4,1),1),"ddd") -> mar | D39: =TEXT(WEEKDAY(DATE(CalendarioAño,4,2),1),"ddd") -> mié | E39: =TEXT(WEEKDAY(DATE(CalendarioAño,4,3),1),"ddd") -> jue | F39: =TEXT(WEEKDAY(DATE(CalendarioAño,4,4),1),"ddd") -> vie | G39: =TEXT(WEEKDAY(DATE(CalendarioAño,4,5),1),"ddd") -> sáb | H39: =TEXT(WEEKDAY(DATE(CalendarioAño,4,6),1),"ddd") -> dom | I39: =TEXT(WEEKDAY(DATE(CalendarioAño,4,7),1),"ddd") -> lun | J39: =TEXT(WEEKDAY(DATE(CalendarioAño,4,8),1),"ddd") -> mar | K39: =TEXT(WEEKDAY(DATE(CalendarioAño,4,9),1),"ddd") -> mié | L39: =TEXT(WEEKDAY(DATE(CalendarioAño,4,10),1),"ddd") -> jue | M39: =TEXT(WEEKDAY(DATE(CalendarioAño,4,11),1),"ddd") -> vie | N39: =TEXT(WEEKDAY(DATE(CalendarioAño,4,12),1),"ddd") -> sáb | O39: =TEXT(WEEKDAY(DATE(CalendarioAño,4,13),1),"ddd") -> dom | P39: =TEXT(WEEKDAY(DATE(CalendarioAño,4,14),1),"ddd") -> lun | Q39: =TEXT(WEEKDAY(DATE(CalendarioAño,4,15),1),"ddd") -> mar | R39: =TEXT(WEEKDAY(DATE(CalendarioAño,4,16),1),"ddd") -> mié | S39: =TEXT(WEEKDAY(DATE(CalendarioAño,4,17),1),"ddd") -> jue | T39: =TEXT(WEEKDAY(DATE(CalendarioAño,4,18),1),"ddd") -> vie | U39: =TEXT(WEEKDAY(DATE(CalendarioAño,4,19),1),"ddd") -> sáb | V39: =TEXT(WEEKDAY(DATE(CalendarioAño,4,20),1),"ddd") -> dom | W39: =TEXT(WEEKDAY(DATE(CalendarioAño,4,21),1),"ddd") -> lun | X39: =TEXT(WEEKDAY(DATE(CalendarioAño,4,22),1),"ddd") -> mar | Y39: =TEXT(WEEKDAY(DATE(CalendarioAño,4,23),1),"ddd") -> mié | Z39: =TEXT(WEEKDAY(DATE(CalendarioAño,4,24),1),"ddd") -> jue | AA39: =TEXT(WEEKDAY(DATE(CalendarioAño,4,25),1),"ddd") -> vie | AB39: =TEXT(WEEKDAY(DATE(CalendarioAño,4,26),1),"ddd") -> sáb | AC39: =TEXT(WEEKDAY(DATE(CalendarioAño,4,27),1),"ddd") -> dom | AD39: =TEXT(WEEKDAY(DATE(CalendarioAño,4,28),1),"ddd") -> lun | AE39: =TEXT(WEEKDAY(DATE(CalendarioAño,4,29),1),"ddd") -> mar | AF39: =TEXT(WEEKDAY(DATE(CalendarioAño,4,30),1),"ddd") -> mié
B40: ALUMNOS | C40: 1 | D40: 2 | E40: 3 | F40: 4 | G40: 5 | H40: 6 | I40: 7 | J40: 8 | K40: 9 | L40: 10 | M40: 11 | N40: 12 | O40: 13 | P40: 14 | Q40: 15 | R40: 16 | S40: 17 | T40: 18 | U40: 19 | V40: 20 | W40: 21 | X40: 22 | Y40: 23 | Z40: 24 | AA40: 25 | AB40: 26 | AC40: 27 | AD40: 28 | AE40: 29 | AF40: 30
B41: ISABELLA VALENTINA GUINEA CERDAN | C41: A
B42: MARCELO SANTOS URBANO | C42: A | F42: A | J42: A | M42: A
B43: ALBA LUCIA CABALLERO SORIANO | C43: A | E43: A | J43: A | Q43: A | X43: A
B44: AMANDA VILLACORTA | D44: A | Q44: A | X44: A
B45: JESUS MICHILOT | D45: A | J45: A | N45: A | Y45: A | AH45: 4
B46: FERNANDA SOCA MEDRARO | E46: A | Z46: A | AF46: A | AH46: 3
B47: MARIA FERNANDA ORBEGOSO LOPEZ | E47: A | F47: A | J47: A | Q47: A | AE47: A | AH47: 5
B48: MAR PORTOCARRERO BERNAOLA | F48: A
B49: MICAELA PORTOCARRERO BERNAOLA | F49: A
B50: ANTONELLA ESPERANZA OLANO CONTRERAS | I50: AAA | J50: A | N50: A | X50: A | Z50: A | AF50: A
B51: SALVADOR EFRAIN BUSTAMANTE PEREZ | N51: A | AB51: A | AH51: 2
B52: SANTIAGO ROJAS | N52: A | Y52: A | AB52: A | AF52: A | AH52: 4
B53: PIA TORERO MERINO | K53: A | N53: A | AB53: A | AF53: A | AH53: 4
B54: ALESSIO VEGARA EZETA
B57: =Abril!MonthName&" Total" -> Abril Total
B59: Abril | C59: BABY WOLF 4:30
C60: =TEXT(WEEKDAY(DATE(CalendarioAño,4,1),1),"ddd") -> mar | D60: =TEXT(WEEKDAY(DATE(CalendarioAño,4,2),1),"ddd") -> mié | E60: =TEXT(WEEKDAY(DATE(CalendarioAño,4,3),1),"ddd") -> jue | F60: =TEXT(WEEKDAY(DATE(CalendarioAño,4,4),1),"ddd") -> vie | G60: =TEXT(WEEKDAY(DATE(CalendarioAño,4,5),1),"ddd") -> sáb | H60: =TEXT(WEEKDAY(DATE(CalendarioAño,4,6),1),"ddd") -> dom | I60: =TEXT(WEEKDAY(DATE(CalendarioAño,4,7),1),"ddd") -> lun | J60: =TEXT(WEEKDAY(DATE(CalendarioAño,4,8),1),"ddd") -> mar | K60: =TEXT(WEEKDAY(DATE(CalendarioAño,4,9),1),"ddd") -> mié | L60: =TEXT(WEEKDAY(DATE(CalendarioAño,4,10),1),"ddd") -> jue | M60: =TEXT(WEEKDAY(DATE(CalendarioAño,4,11),1),"ddd") -> vie | N60: =TEXT(WEEKDAY(DATE(CalendarioAño,4,12),1),"ddd") -> sáb | O60: =TEXT(WEEKDAY(DATE(CalendarioAño,4,13),1),"ddd") -> dom | P60: =TEXT(WEEKDAY(DATE(CalendarioAño,4,14),1),"ddd") -> lun | Q60: =TEXT(WEEKDAY(DATE(CalendarioAño,4,15),1),"ddd") -> mar | R60: =TEXT(WEEKDAY(DATE(CalendarioAño,4,16),1),"ddd") -> mié | S60: =TEXT(WEEKDAY(DATE(CalendarioAño,4,17),1),"ddd") -> jue | T60: =TEXT(WEEKDAY(DATE(CalendarioAño,4,18),1),"ddd") -> vie | U60: =TEXT(WEEKDAY(DATE(CalendarioAño,4,19),1),"ddd") -> sáb | V60: =TEXT(WEEKDAY(DATE(CalendarioAño,4,20),1),"ddd") -> dom | W60: =TEXT(WEEKDAY(DATE(CalendarioAño,4,21),1),"ddd") -> lun | X60: =TEXT(WEEKDAY(DATE(CalendarioAño,4,22),1),"ddd") -> mar | Y60: =TEXT(WEEKDAY(DATE(CalendarioAño,4,23),1),"ddd") -> mié | Z60: =TEXT(WEEKDAY(DATE(CalendarioAño,4,24),1),"ddd") -> jue | AA60: =TEXT(WEEKDAY(DATE(CalendarioAño,4,25),1),"ddd") -> vie | AB60: =TEXT(WEEKDAY(DATE(CalendarioAño,4,26),1),"ddd") -> sáb | AC60: =TEXT(WEEKDAY(DATE(CalendarioAño,4,27),1),"ddd") -> dom | AD60: =TEXT(WEEKDAY(DATE(CalendarioAño,4,28),1),"ddd") -> lun | AE60: =TEXT(WEEKDAY(DATE(CalendarioAño,4,29),1),"ddd") -> mar | AF60: =TEXT(WEEKDAY(DATE(CalendarioAño,4,30),1),"ddd") -> mié
B61: ALUMNOS | C61: 1 | D61: 2 | E61: 3 | F61: 4 | G61: 5 | H61: 6 | I61: 7 | J61: 8 | K61: 9 | L61: 10 | M61: 11 | N61: 12 | O61: 13 | P61: 14 | Q61: 15 | R61: 16 | S61: 17 | T61: 18 | U61: 19 | V61: 20 | W61: 21 | X61: 22 | Y61: 23 | Z61: 24 | AA61: 25 | AB61: 26 | AC61: 27 | AD61: 28 | AE61: 29 | AF61: 30
B62: SERGIO JEREMY AGUIRRE MISIYAURI | C62: A | E62: A | J62: A | Q62: A | X62: A | Z62: A | AH62: 6
B63: MATEO AUGUSTO RIVAS MERINO | C63: A | Q63: A | Z63: A | AE63: A
B64: ALEC REYES KROLL | C64: A | I64: A | J64: A | P64: A | Q64: A
B65: ALMA CASTILLO MENDOZA | C65: A | E65: A | I65: A | M65: A | P65: A | X65: A | Z65: A | AE65: A
B66: GABRIEL RUBIANES | C66: A | I66: A | J66: A | Q66: A | X66: A | Z66: A | AE66: A
B67: ANIA KAELLA MIA DELGADO JIMENEZ | D67: A | K67: A | N67: A | Y67: A
B68: DANNIA JULIETH SALAZAR ALFARO | D68: A | K68: A | M68: A
B69: RODRIGO ALEJANDRO PALOMIO CAMPOS | D69: A | J69: A | Y69: A | Z69: A | AA69: A | AH69: 5
B70: LEANDRO HUACHALLANQUI MENDOZA | D70: A | F70: A | I70: A | K70: A | M70: A | P70: A | W70: A | Y70: A | AA70: A | AH70: 9
B71: VALENTINA FLAVIA VALDIVIESZO ROMAN | E71: A | F71: A | J71: A | K71: A | P71: A | X71: A | AF71: A
B72: RODRIGO ALEJANDRO PALOMIO CAMPOS | E72: A | J72: A | X72: A | AE72: A
B73: CAMILA MAUREEN GARCIA VEGA | F73: A | I73: A | K73: A | M73: A | P73: A | W73: A | Y73: A
B74: FABRIZIO MIGUEL ASTORGA CASTRO | N74: A | AB74: A | AF74: A
B75: ARON CANAVAL FLORIAN | N75: A | AB75: A
B76: VASCO DIAZ TAPIA | P76: A | W76: A | Y76: A | AE76: A
B77: ALESSIO VEGARA EZETA | Z77: A | AB77: A | AF77: A
B79: =Abril!MonthName&" Total" -> Abril Total
B81: Abril | C81: BABY WOLF 5:00
C82: =TEXT(WEEKDAY(DATE(CalendarioAño,4,1),1),"ddd") -> mar | D82: =TEXT(WEEKDAY(DATE(CalendarioAño,4,2),1),"ddd") -> mié | E82: =TEXT(WEEKDAY(DATE(CalendarioAño,4,3),1),"ddd") -> jue | F82: =TEXT(WEEKDAY(DATE(CalendarioAño,4,4),1),"ddd") -> vie | G82: =TEXT(WEEKDAY(DATE(CalendarioAño,4,5),1),"ddd") -> sáb | H82: =TEXT(WEEKDAY(DATE(CalendarioAño,4,6),1),"ddd") -> dom | I82: =TEXT(WEEKDAY(DATE(CalendarioAño,4,7),1),"ddd") -> lun | J82: =TEXT(WEEKDAY(DATE(CalendarioAño,4,8),1),"ddd") -> mar | K82: =TEXT(WEEKDAY(DATE(CalendarioAño,4,9),1),"ddd") -> mié | L82: =TEXT(WEEKDAY(DATE(CalendarioAño,4,10),1),"ddd") -> jue | M82: =TEXT(WEEKDAY(DATE(CalendarioAño,4,11),1),"ddd") -> vie | N82: =TEXT(WEEKDAY(DATE(CalendarioAño,4,12),1),"ddd") -> sáb | O82: =TEXT(WEEKDAY(DATE(CalendarioAño,4,13),1),"ddd") -> dom | P82: =TEXT(WEEKDAY(DATE(CalendarioAño,4,14),1),"ddd") -> lun | Q82: =TEXT(WEEKDAY(DATE(CalendarioAño,4,15),1),"ddd") -> mar | R82: =TEXT(WEEKDAY(DATE(CalendarioAño,4,16),1),"ddd") -> mié | S82: =TEXT(WEEKDAY(DATE(CalendarioAño,4,17),1),"ddd") -> jue | T82: =TEXT(WEEKDAY(DATE(CalendarioAño,4,18),1),"ddd") -> vie | U82: =TEXT(WEEKDAY(DATE(CalendarioAño,4,19),1),"ddd") -> sáb | V82: =TEXT(WEEKDAY(DATE(CalendarioAño,4,20),1),"ddd") -> dom | W82: =TEXT(WEEKDAY(DATE(CalendarioAño,4,21),1),"ddd") -> lun | X82: =TEXT(WEEKDAY(DATE(CalendarioAño,4,22),1),"ddd") -> mar | Y82: =TEXT(WEEKDAY(DATE(CalendarioAño,4,23),1),"ddd") -> mié | Z82: =TEXT(WEEKDAY(DATE(CalendarioAño,4,24),1),"ddd") -> jue | AA82: =TEXT(WEEKDAY(DATE(CalendarioAño,4,25),1),"ddd") -> vie | AB82: =TEXT(WEEKDAY(DATE(CalendarioAño,4,26),1),"ddd") -> sáb | AC82: =TEXT(WEEKDAY(DATE(CalendarioAño,4,27),1),"ddd") -> dom | AD82: =TEXT(WEEKDAY(DATE(CalendarioAño,4,28),1),"ddd") -> lun | AE82: =TEXT(WEEKDAY(DATE(CalendarioAño,4,29),1),"ddd") -> mar | AF82: =TEXT(WEEKDAY(DATE(CalendarioAño,4,30),1),"ddd") -> mié
B83: ALUMNOS | C83: 1 | D83: 2 | E83: 3 | F83: 4 | G83: 5 | H83: 6 | I83: 7 | J83: 8 | K83: 9 | L83: 10 | M83: 11 | N83: 12 | O83: 13 | P83: 14 | Q83: 15 | R83: 16 | S83: 17 | T83: 18 | U83: 19 | V83: 20 | W83: 21 | X83: 22 | Y83: 23 | Z83: 24 | AA83: 25 | AB83: 26 | AC83: 27 | AD83: 28 | AE83: 29 | AF83: 30
B84: GUILLERMO CASTILLO CULQUI | C84: A | D84: A | Q84: AA | W84: A | X84: AA | Y84: A
B85: LEONARDO GAEL AGUILAR DELGADO | C85: A | E85: A | J85: A | Q85: A | X85: A | Z85: A | AE85: A | AF85: A
B86: JOAQUIN IGNACIO CHUMBES ROMAN | C86: A | E86: A | I86: A | P86: A | Q86: A | W86: A | X86: A | Z86: A | AE86: A
B87: JADEN BASTIEN RIOS YOMOND | C87: A | E87: A | F87: A | J87: A | K87: A | M87: A | P87: A | Q87: A | W87: A | X87: A | Y87: A | Z87: A | AA87: A | AE87: A | AF87: A
B88: VICTOR HAKIM RODRIGUEZ GOMEZ | D88: A | F88: AA | M88: A | Y88: A
B89: EMILIANO ALONSO CHIA ROMAN | D89: A | F89: A | J89: A | K89: A | M89: A | P89: A | Q89: A | X89: A | AA89: A | AE89: A
B90: AURELIO CHISTIANS TRISTAN ALEXANDRINO | D90: A | I90: A | K90: A | M90: A | P90: A | W90: A
B91: ELIAS DAVIANGEN OROSCO MONTENEGRO | E91: A | M91: A | N91: A
B92: JULIAN CORNEJO | E92: A | I92: AA | P92: A | W92: A | Z92: A
B93: GABRIEL CORNEJO | E93: A | I93: AA | P93: A | W93: A | Z93: A
B94: ADRIEL ANDREW PAREJA MONTES | F94: A | M94: A | N94: A | AA94: A | AB94: A | AE94: A | AF94: A
B95: MIA CHOZO LOPEZ | F95: A | I95: A | M95: A | P95: A
B96: JARED EVARISTO GUIZADO MITMA | J96: A | N96: A
B97: ADRIANO RIVERA ARIZA | P97: A
B98: CAMILA GOMEZ HUAMAN | J98: A | Q98: A | Z98: A | AA98: A | AB98: A
B99: ENRICO JOSE SAVOCA PONTIGGIA | AB99: A
B100: SPERANZA ALTEA SAVOCA PONTIGGIA | AB100: A
B101: EDUARDO AQUINO PELLEGRIN | J101: A | AB101: A | AH101: 2
B104: =Abril!MonthName&" Total" -> Abril Total
B106: Abril | C106: LITTLE WOLF 5:30
C107: =TEXT(WEEKDAY(DATE(CalendarioAño,4,1),1),"ddd") -> mar | D107: =TEXT(WEEKDAY(DATE(CalendarioAño,4,2),1),"ddd") -> mié | E107: =TEXT(WEEKDAY(DATE(CalendarioAño,4,3),1),"ddd") -> jue | F107: =TEXT(WEEKDAY(DATE(CalendarioAño,4,4),1),"ddd") -> vie | G107: =TEXT(WEEKDAY(DATE(CalendarioAño,4,5),1),"ddd") -> sáb | H107: =TEXT(WEEKDAY(DATE(CalendarioAño,4,6),1),"ddd") -> dom | I107: =TEXT(WEEKDAY(DATE(CalendarioAño,4,7),1),"ddd") -> lun | J107: =TEXT(WEEKDAY(DATE(CalendarioAño,4,8),1),"ddd") -> mar | K107: =TEXT(WEEKDAY(DATE(CalendarioAño,4,9),1),"ddd") -> mié | L107: =TEXT(WEEKDAY(DATE(CalendarioAño,4,10),1),"ddd") -> jue | M107: =TEXT(WEEKDAY(DATE(CalendarioAño,4,11),1),"ddd") -> vie | N107: =TEXT(WEEKDAY(DATE(CalendarioAño,4,12),1),"ddd") -> sáb | O107: =TEXT(WEEKDAY(DATE(CalendarioAño,4,13),1),"ddd") -> dom | P107: =TEXT(WEEKDAY(DATE(CalendarioAño,4,14),1),"ddd") -> lun | Q107: =TEXT(WEEKDAY(DATE(CalendarioAño,4,15),1),"ddd") -> mar | R107: =TEXT(WEEKDAY(DATE(CalendarioAño,4,16),1),"ddd") -> mié | S107: =TEXT(WEEKDAY(DATE(CalendarioAño,4,17),1),"ddd") -> jue | T107: =TEXT(WEEKDAY(DATE(CalendarioAño,4,18),1),"ddd") -> vie | U107: =TEXT(WEEKDAY(DATE(CalendarioAño,4,19),1),"ddd") -> sáb | V107: =TEXT(WEEKDAY(DATE(CalendarioAño,4,20),1),"ddd") -> dom | W107: =TEXT(WEEKDAY(DATE(CalendarioAño,4,21),1),"ddd") -> lun | X107: =TEXT(WEEKDAY(DATE(CalendarioAño,4,22),1),"ddd") -> mar | Y107: =TEXT(WEEKDAY(DATE(CalendarioAño,4,23),1),"ddd") -> mié | Z107: =TEXT(WEEKDAY(DATE(CalendarioAño,4,24),1),"ddd") -> jue | AA107: =TEXT(WEEKDAY(DATE(CalendarioAño,4,25),1),"ddd") -> vie | AB107: =TEXT(WEEKDAY(DATE(CalendarioAño,4,26),1),"ddd") -> sáb | AC107: =TEXT(WEEKDAY(DATE(CalendarioAño,4,27),1),"ddd") -> dom | AD107: =TEXT(WEEKDAY(DATE(CalendarioAño,4,28),1),"ddd") -> lun | AE107: =TEXT(WEEKDAY(DATE(CalendarioAño,4,29),1),"ddd") -> mar | AF107: =TEXT(WEEKDAY(DATE(CalendarioAño,4,30),1),"ddd") -> mié
B108: ALUMNOS | C108: 1 | D108: 2 | E108: 3 | F108: 4 | G108: 5 | H108: 6 | I108: 7 | J108: 8 | K108: 9 | L108: 10 | M108: 11 | N108: 12 | O108: 13 | P108: 14 | Q108: 15 | R108: 16 | S108: 17 | T108: 18 | U108: 19 | V108: 20 | W108: 21 | X108: 22 | Y108: 23 | Z108: 24 | AA108: 25 | AB108: 26 | AC108: 27 | AD108: 28 | AE108: 29 | AF108: 30
B109: MAXIMO DANIEL JAUREGUI DALAS | C109: A | E109: A | J109: A | Q109: A | X109: A | Z109: A | AE109: A | AH109: 7
B110: DANIELA ALEXANDRA CABELLO LEÓN | D110: AA | E110: AA | I110: AA | K110: AA | P110: AA | Q110: AA
B111: LARA REYES KROLL | E111: A | I111: A | P111: A | W111: A | Z111: A
B112: GAEL ADRIEZ LUNA QUISPE | E112: A | AE112: A
B113: RODRIGO HUAROTO | E113: A | J113: A | Q113: A | X113: A | Z113: A | AE113: A
B114: WILLY SALVADOR RABORG BERROCAL | C114: A | E114: A | J114: A | Q114: A | Z114: A | AE114: A | AH114: 6
B115: RAFAEL AYVAR CUEVA | F115: A | K115: A | M115: A | Y115: A | AA115: A | AF115: A
B116: LOLA SANCHEZ PINTO | Q116: A | X116: A | AE116: A | AH116: 3
B117: GERALD SALOME YAURI | J117: A | Q117: A | X117: A | Y117: A | Z117: A
B118: PIERO STEVEN AGUIRRE UCHASARA | K118: A | Y118: A | AA118: A | AF118: A | AH118: 4
B121: =Abril!MonthName&" Total" -> Abril Total
B123: Abril | C123: LITTLE WOLF 6:00
C124: =TEXT(WEEKDAY(DATE(CalendarioAño,4,1),1),"ddd") -> mar | D124: =TEXT(WEEKDAY(DATE(CalendarioAño,4,2),1),"ddd") -> mié | E124: =TEXT(WEEKDAY(DATE(CalendarioAño,4,3),1),"ddd") -> jue | F124: =TEXT(WEEKDAY(DATE(CalendarioAño,4,4),1),"ddd") -> vie | G124: =TEXT(WEEKDAY(DATE(CalendarioAño,4,5),1),"ddd") -> sáb | H124: =TEXT(WEEKDAY(DATE(CalendarioAño,4,6),1),"ddd") -> dom | I124: =TEXT(WEEKDAY(DATE(CalendarioAño,4,7),1),"ddd") -> lun | J124: =TEXT(WEEKDAY(DATE(CalendarioAño,4,8),1),"ddd") -> mar | K124: =TEXT(WEEKDAY(DATE(CalendarioAño,4,9),1),"ddd") -> mié | L124: =TEXT(WEEKDAY(DATE(CalendarioAño,4,10),1),"ddd") -> jue | M124: =TEXT(WEEKDAY(DATE(CalendarioAño,4,11),1),"ddd") -> vie | N124: =TEXT(WEEKDAY(DATE(CalendarioAño,4,12),1),"ddd") -> sáb | O124: =TEXT(WEEKDAY(DATE(CalendarioAño,4,13),1),"ddd") -> dom | P124: =TEXT(WEEKDAY(DATE(CalendarioAño,4,14),1),"ddd") -> lun | Q124: =TEXT(WEEKDAY(DATE(CalendarioAño,4,15),1),"ddd") -> mar | R124: =TEXT(WEEKDAY(DATE(CalendarioAño,4,16),1),"ddd") -> mié | S124: =TEXT(WEEKDAY(DATE(CalendarioAño,4,17),1),"ddd") -> jue | T124: =TEXT(WEEKDAY(DATE(CalendarioAño,4,18),1),"ddd") -> vie | U124: =TEXT(WEEKDAY(DATE(CalendarioAño,4,19),1),"ddd") -> sáb | V124: =TEXT(WEEKDAY(DATE(CalendarioAño,4,20),1),"ddd") -> dom | W124: =TEXT(WEEKDAY(DATE(CalendarioAño,4,21),1),"ddd") -> lun | X124: =TEXT(WEEKDAY(DATE(CalendarioAño,4,22),1),"ddd") -> mar | Y124: =TEXT(WEEKDAY(DATE(CalendarioAño,4,23),1),"ddd") -> mié | Z124: =TEXT(WEEKDAY(DATE(CalendarioAño,4,24),1),"ddd") -> jue | AA124: =TEXT(WEEKDAY(DATE(CalendarioAño,4,25),1),"ddd") -> vie | AB124: =TEXT(WEEKDAY(DATE(CalendarioAño,4,26),1),"ddd") -> sáb | AC124: =TEXT(WEEKDAY(DATE(CalendarioAño,4,27),1),"ddd") -> dom | AD124: =TEXT(WEEKDAY(DATE(CalendarioAño,4,28),1),"ddd") -> lun | AE124: =TEXT(WEEKDAY(DATE(CalendarioAño,4,29),1),"ddd") -> mar | AF124: =TEXT(WEEKDAY(DATE(CalendarioAño,4,30),1),"ddd") -> mié
B125: ALUMNOS | C125: 1 | D125: 2 | E125: 3 | F125: 4 | G125: 5 | H125: 6 | I125: 7 | J125: 8 | K125: 9 | L125: 10 | M125: 11 | N125: 12 | O125: 13 | P125: 14 | Q125: 15 | R125: 16 | S125: 17 | T125: 18 | U125: 19 | V125: 20 | W125: 21 | X125: 22 | Y125: 23 | Z125: 24 | AA125: 25 | AB125: 26 | AC125: 27 | AD125: 28 | AE125: 29 | AF125: 30
B126: MARÍA FERNANDA POMA ROMERO | C126: A | F126: A | J126: A | P126: A | Q126: A | X126: A
B127: PIERO PAOLO NORATTO GEISER | D127: A | I127: A | K127: A | Y127: A | AF127: A
B128: ALEXANDRA ROJAS SICLLA | AB128: A
B129: MATEO SOLLER PONCE | J129: A
B138: =Abril!MonthName&" Total" -> Abril Total
B140: Abril | C140: JUNIOR WOLF 6:30
...

Sheet Mayo
B1: ASISTENCIA DE ALUMNOS
B2: Claves de los tipos de Asistencia | C2: V | D2: Vacaciones | G2: P | H2: Personal | K2: A | L2: Asistencia | O2: R | P2: Recuperacion | T2: E | U2: Eventos
B4: Mayo | C4: MEGA SUPER BABY WOLF 3:00 PM | AH4: =CalendarioAño -> 2025
C5: =TEXT(WEEKDAY(DATE(CalendarioAño,5,1),1),"ddd") -> jue | D5: =TEXT(WEEKDAY(DATE(CalendarioAño,5,2),1),"ddd") -> vie | E5: =TEXT(WEEKDAY(DATE(CalendarioAño,5,3),1),"ddd") -> sáb | F5: =TEXT(WEEKDAY(DATE(CalendarioAño,5,4),1),"ddd") -> dom | G5: =TEXT(WEEKDAY(DATE(CalendarioAño,5,5),1),"ddd") -> lun | H5: =TEXT(WEEKDAY(DATE(CalendarioAño,5,6),1),"ddd") -> mar | I5: =TEXT(WEEKDAY(DATE(CalendarioAño,5,7),1),"ddd") -> mié | J5: =TEXT(WEEKDAY(DATE(CalendarioAño,5,8),1),"ddd") -> jue | K5: =TEXT(WEEKDAY(DATE(CalendarioAño,5,9),1),"ddd") -> vie | L5: =TEXT(WEEKDAY(DATE(CalendarioAño,5,10),1),"ddd") -> sáb | M5: =TEXT(WEEKDAY(DATE(CalendarioAño,5,11),1),"ddd") -> dom | N5: =TEXT(WEEKDAY(DATE(CalendarioAño,5,12),1),"ddd") -> lun | O5: =TEXT(WEEKDAY(DATE(CalendarioAño,5,13),1),"ddd") -> mar | P5: =TEXT(WEEKDAY(DATE(CalendarioAño,5,14),1),"ddd") -> mié | Q5: =TEXT(WEEKDAY(DATE(CalendarioAño,5,15),1),"ddd") -> jue | R5: =TEXT(WEEKDAY(DATE(CalendarioAño,5,16),1),"ddd") -> vie | S5: =TEXT(WEEKDAY(DATE(CalendarioAño,5,17),1),"ddd") -> sáb | T5: =TEXT(WEEKDAY(DATE(CalendarioAño,5,18),1),"ddd") -> dom | U5: =TEXT(WEEKDAY(DATE(CalendarioAño,5,19),1),"ddd") -> lun | V5: =TEXT(WEEKDAY(DATE(CalendarioAño,5,20),1),"ddd") -> mar | W5: =TEXT(WEEKDAY(DATE(CalendarioAño,5,21),1),"ddd") -> mié | X5: =TEXT(WEEKDAY(DATE(CalendarioAño,5,22),1),"ddd") -> jue | Y5: =TEXT(WEEKDAY(DATE(CalendarioAño,5,23),1),"ddd") -> vie | Z5: =TEXT(WEEKDAY(DATE(CalendarioAño,5,24),1),"ddd") -> sáb | AA5: =TEXT(WEEKDAY(DATE(CalendarioAño,5,25),1),"ddd") -> dom | AB5: =TEXT(WEEKDAY(DATE(CalendarioAño,5,26),1),"ddd") -> lun | AC5: =TEXT(WEEKDAY(DATE(CalendarioAño,5,27),1),"ddd") -> mar | AD5: =TEXT(WEEKDAY(DATE(CalendarioAño,5,28),1),"ddd") -> mié | AE5: =TEXT(WEEKDAY(DATE(CalendarioAño,5,29),1),"ddd") -> jue | AF5: =TEXT(WEEKDAY(DATE(CalendarioAño,5,30),1),"ddd") -> vie | AG5: =TEXT(WEEKDAY(DATE(CalendarioAño,5,31),1),"ddd") -> sáb
B6: Nombre del empleado | C6: 1 | D6: 2 | E6: 3 | F6: 4 | G6: 5 | H6: 6 | I6: 7 | J6: 8 | K6: 9 | L6: 10 | M6: 11 | N6: 12 | O6: 13 | P6: 14 | Q6: 15 | R6: 16 | S6: 17 | T6: 18 | U6: 19 | V6: 20 | W6: 21 | X6: 22 | Y6: 23 | Z6: 24 | AA6: 25 | AB6: 26 | AC6: 27 | AD6: 28 | AE6: 29 | AF6: 30 | AG6: 31 | AH6: Número total de días
B7: JACK ANDIA RUIZ | H7: A | O7: A | S7: A | X7: A | Z7: A | AC7: A
B16: =Mayo!MonthName&" Total" -> Mayo Total | AH16: =SUM(C16:AG16) -> 0
B18: Mayo | C18: SUPER BABY WOLF 3:30 PM | AH18: =CalendarioAño -> 2025
C19: =TEXT(WEEKDAY(DATE(CalendarioAño,5,1),1),"ddd") -> jue | D19: =TEXT(WEEKDAY(DATE(CalendarioAño,5,2),1),"ddd") -> vie | E19: =TEXT(WEEKDAY(DATE(CalendarioAño,5,3),1),"ddd") -> sáb | F19: =TEXT(WEEKDAY(DATE(CalendarioAño,5,4),1),"ddd") -> dom | G19: =TEXT(WEEKDAY(DATE(CalendarioAño,5,5),1),"ddd") -> lun | H19: =TEXT(WEEKDAY(DATE(CalendarioAño,5,6),1),"ddd") -> mar | I19: =TEXT(WEEKDAY(DATE(CalendarioAño,5,7),1),"ddd") -> mié | J19: =TEXT(WEEKDAY(DATE(CalendarioAño,5,8),1),"ddd") -> jue | K19: =TEXT(WEEKDAY(DATE(CalendarioAño,5,9),1),"ddd") -> vie | L19: =TEXT(WEEKDAY(DATE(CalendarioAño,5,10),1),"ddd") -> sáb | M19: =TEXT(WEEKDAY(DATE(CalendarioAño,5,11),1),"ddd") -> dom | N19: =TEXT(WEEKDAY(DATE(CalendarioAño,5,12),1),"ddd") -> lun | O19: =TEXT(WEEKDAY(DATE(CalendarioAño,5,13),1),"ddd") -> mar | P19: =TEXT(WEEKDAY(DATE(CalendarioAño,5,14),1),"ddd") -> mié | Q19: =TEXT(WEEKDAY(DATE(CalendarioAño,5,15),1),"ddd") -> jue | R19: =TEXT(WEEKDAY(DATE(CalendarioAño,5,16),1),"ddd") -> vie | S19: =TEXT(WEEKDAY(DATE(CalendarioAño,5,17),1),"ddd") -> sáb | T19: =TEXT(WEEKDAY(DATE(CalendarioAño,5,18),1),"ddd") -> dom | U19: =TEXT(WEEKDAY(DATE(CalendarioAño,5,19),1),"ddd") -> lun | V19: =TEXT(WEEKDAY(DATE(CalendarioAño,5,20),1),"ddd") -> mar | W19: =TEXT(WEEKDAY(DATE(CalendarioAño,5,21),1),"ddd") -> mié | X19: =TEXT(WEEKDAY(DATE(CalendarioAño,5,22),1),"ddd") -> jue | Y19: =TEXT(WEEKDAY(DATE(CalendarioAño,5,23),1),"ddd") -> vie | Z19: =TEXT(WEEKDAY(DATE(CalendarioAño,5,24),1),"ddd") -> sáb | AA19: =TEXT(WEEKDAY(DATE(CalendarioAño,5,25),1),"ddd") -> dom | AB19: =TEXT(WEEKDAY(DATE(CalendarioAño,5,26),1),"ddd") -> lun | AC19: =TEXT(WEEKDAY(DATE(CalendarioAño,5,27),1),"ddd") -> mar | AD19: =TEXT(WEEKDAY(DATE(CalendarioAño,5,28),1),"ddd") -> mié | AE19: =TEXT(WEEKDAY(DATE(CalendarioAño,5,29),1),"ddd") -> jue | AF19: =TEXT(WEEKDAY(DATE(CalendarioAño,5,30),1),"ddd") -> vie | AG19: =TEXT(WEEKDAY(DATE(CalendarioAño,5,31),1),"ddd") -> sáb
B20: Nombre del empleado | C20: 1 | D20: 2 | E20: 3 | F20: 4 | G20: 5 | H20: 6 | I20: 7 | J20: 8 | K20: 9 | L20: 10 | M20: 11 | N20: 12 | O20: 13 | P20: 14 | Q20: 15 | R20: 16 | S20: 17 | T20: 18 | U20: 19 | V20: 20 | W20: 21 | X20: 22 | Y20: 23 | Z20: 24 | AA20: 25 | AB20: 26 | AC20: 27 | AD20: 28 | AE20: 29 | AF20: 30 | AG20: 31 | AH20: Número total de días
B21: THIAGO ABRAHAM MATIENZO TELLO | E21: A | G21: A | H21: A | J21: A | N21: A | S21: A | U21: A | V21: A
B22: ALEXANDRA GABRIELA BAUTISTA JUSTINIANO | E22: A | L22: A | S22: A | AB22: A | AE22: A
B23: AMANDA VILLACORTA | H23: A | J23: A | Q23: A | AC23: A | AE23: A
B24: LUA GIANELLA RODRIGUEZ CASTRO | H24: A | J24: A | O24: A | Q24: A | V24: A | AC24: A | AE24: A
B25: EMANUEL DAVID RIVAS PAETAN | H25: A | L25: A | S25: A | X25: A | Z25: A | AC25: A
B26: MARTIN RUIZ CHU | AF26: A
B30: =Mayo!MonthName&" Total" -> Mayo Total | AH30: =SUM(C30:AG30) -> 0
B32: Mayo | C32: SUPER BABY WOLF 4:00 PM | AH32: =CalendarioAño -> 2025
C33: =TEXT(WEEKDAY(DATE(CalendarioAño,5,1),1),"ddd") -> jue | D33: =TEXT(WEEKDAY(DATE(CalendarioAño,5,2),1),"ddd") -> vie | E33: =TEXT(WEEKDAY(DATE(CalendarioAño,5,3),1),"ddd") -> sáb | F33: =TEXT(WEEKDAY(DATE(CalendarioAño,5,4),1),"ddd") -> dom | G33: =TEXT(WEEKDAY(DATE(CalendarioAño,5,5),1),"ddd") -> lun | H33: =TEXT(WEEKDAY(DATE(CalendarioAño,5,6),1),"ddd") -> mar | I33: =TEXT(WEEKDAY(DATE(CalendarioAño,5,7),1),"ddd") -> mié | J33: =TEXT(WEEKDAY(DATE(CalendarioAño,5,8),1),"ddd") -> jue | K33: =TEXT(WEEKDAY(DATE(CalendarioAño,5,9),1),"ddd") -> vie | L33: =TEXT(WEEKDAY(DATE(CalendarioAño,5,10),1),"ddd") -> sáb | M33: =TEXT(WEEKDAY(DATE(CalendarioAño,5,11),1),"ddd") -> dom | N33: =TEXT(WEEKDAY(DATE(CalendarioAño,5,12),1),"ddd") -> lun | O33: =TEXT(WEEKDAY(DATE(CalendarioAño,5,13),1),"ddd") -> mar | P33: =TEXT(WEEKDAY(DATE(CalendarioAño,5,14),1),"ddd") -> mié | Q33: =TEXT(WEEKDAY(DATE(CalendarioAño,5,15),1),"ddd") -> jue | R33: =TEXT(WEEKDAY(DATE(CalendarioAño,5,16),1),"ddd") -> vie | S33: =TEXT(WEEKDAY(DATE(CalendarioAño,5,17),1),"ddd") -> sáb | T33: =TEXT(WEEKDAY(DATE(CalendarioAño,5,18),1),"ddd") -> dom | U33: =TEXT(WEEKDAY(DATE(CalendarioAño,5,19),1),"ddd") -> lun | V33: =TEXT(WEEKDAY(DATE(CalendarioAño,5,20),1),"ddd") -> mar | W33: =TEXT(WEEKDAY(DATE(CalendarioAño,5,21),1),"ddd") -> mié | X33: =TEXT(WEEKDAY(DATE(CalendarioAño,5,22),1),"ddd") -> jue | Y33: =TEXT(WEEKDAY(DATE(CalendarioAño,5,23),1),"ddd") -> vie | Z33: =TEXT(WEEKDAY(DATE(CalendarioAño,5,24),1),"ddd") -> sáb | AA33: =TEXT(WEEKDAY(DATE(CalendarioAño,5,25),1),"ddd") -> dom | AB33: =TEXT(WEEKDAY(DATE(CalendarioAño,5,26),1),"ddd") -> lun | AC33: =TEXT(WEEKDAY(DATE(CalendarioAño,5,27),1),"ddd") -> mar | AD33: =TEXT(WEEKDAY(DATE(CalendarioAño,5,28),1),"ddd") -> mié | AE33: =TEXT(WEEKDAY(DATE(CalendarioAño,5,29),1),"ddd") -> jue | AF33: =TEXT(WEEKDAY(DATE(CalendarioAño,5,30),1),"ddd") -> vie | AG33: =TEXT(WEEKDAY(DATE(CalendarioAño,5,31),1),"ddd") -> sáb
B34: Nombre del empleado | C34: 1 | D34: 2 | E34: 3 | F34: 4 | G34: 5 | H34: 6 | I34: 7 | J34: 8 | K34: 9 | L34: 10 | M34: 11 | N34: 12 | O34: 13 | P34: 14 | Q34: 15 | R34: 16 | S34: 17 | T34: 18 | U34: 19 | V34: 20 | W34: 21 | X34: 22 | Y34: 23 | Z34: 24 | AA34: 25 | AB34: 26 | AC34: 27 | AD34: 28 | AE34: 29 | AF34: 30 | AG34: 31 | AH34: Número total de días
B35: CAMILA MAUREEN GARCIA VEGA | D35: A | G35: A | I35: A | N35: A | R35: A | W35: A | AD35: A | AF35: A
B36: FERNANDA SOCA MEDRARO | E36: A | J36: A | S36: A | X36: A | Z36: A | AE36: A
B37: MARIA FERNANDA ORBEGOSO LOPEZ | H37: A | J37: A | O37: A | Q37: A | X37: A
B38: PIA TORERO MERINO | E38: A | L38: A | S38: A | Z38: A | AH38: 4
B39: SALVADOR EFRAIN BUSTAMANTE PEREZ | E39: A
B40: JOSE ANDRES VELIZ HAYTA | E40: A | L40: A | S40: A
B41: JESUS MICHILOT | H41: A | L41: A | Q41: A | R41: A | S41: A | AD41: A | AE41: A | AF41: A | AH41: 8
B42: MAR PORTOCARRERO BERNAOLA | R42: A | S42: A
B43: MICAELA PORTOCARRERO BERNAOLA | R43: A | S43: A
B44: NICOLAS SULLON ANDAGUA | R44: A | U44: A | W44: A | AB44: A | AD44: A
B45: CAMILO ROSAMO | W45: A | AD45: A
B46: TADEO GOMEZ VASQUEZ | AD46: A
B49: =Mayo!MonthName&" Total" -> Mayo Total | AH49: =SUM(C49:AG49) -> 0
B51: Mayo | C51: BABY WOLF 4:30 PM | AH51: =CalendarioAño -> 2025
C52: =TEXT(WEEKDAY(DATE(CalendarioAño,5,1),1),"ddd") -> jue | D52: =TEXT(WEEKDAY(DATE(CalendarioAño,5,2),1),"ddd") -> vie | E52: =TEXT(WEEKDAY(DATE(CalendarioAño,5,3),1),"ddd") -> sáb | F52: =TEXT(WEEKDAY(DATE(CalendarioAño,5,4),1),"ddd") -> dom | G52: =TEXT(WEEKDAY(DATE(CalendarioAño,5,5),1),"ddd") -> lun | H52: =TEXT(WEEKDAY(DATE(CalendarioAño,5,6),1),"ddd") -> mar | I52: =TEXT(WEEKDAY(DATE(CalendarioAño,5,7),1),"ddd") -> mié | J52: =TEXT(WEEKDAY(DATE(CalendarioAño,5,8),1),"ddd") -> jue | K52: =TEXT(WEEKDAY(DATE(CalendarioAño,5,9),1),"ddd") -> vie | L52: =TEXT(WEEKDAY(DATE(CalendarioAño,5,10),1),"ddd") -> sáb | M52: =TEXT(WEEKDAY(DATE(CalendarioAño,5,11),1),"ddd") -> dom | N52: =TEXT(WEEKDAY(DATE(CalendarioAño,5,12),1),"ddd") -> lun | O52: =TEXT(WEEKDAY(DATE(CalendarioAño,5,13),1),"ddd") -> mar | P52: =TEXT(WEEKDAY(DATE(CalendarioAño,5,14),1),"ddd") -> mié | Q52: =TEXT(WEEKDAY(DATE(CalendarioAño,5,15),1),"ddd") -> jue | R52: =TEXT(WEEKDAY(DATE(CalendarioAño,5,16),1),"ddd") -> vie | S52: =TEXT(WEEKDAY(DATE(CalendarioAño,5,17),1),"ddd") -> sáb | T52: =TEXT(WEEKDAY(DATE(CalendarioAño,5,18),1),"ddd") -> dom | U52: =TEXT(WEEKDAY(DATE(CalendarioAño,5,19),1),"ddd") -> lun | V52: =TEXT(WEEKDAY(DATE(CalendarioAño,5,20),1),"ddd") -> mar | W52: =TEXT(WEEKDAY(DATE(CalendarioAño,5,21),1),"ddd") -> mié | X52: =TEXT(WEEKDAY(DATE(CalendarioAño,5,22),1),"ddd") -> jue | Y52: =TEXT(WEEKDAY(DATE(CalendarioAño,5,23),1),"ddd") -> vie | Z52: =TEXT(WEEKDAY(DATE(CalendarioAño,5,24),1),"ddd") -> sáb | AA52: =TEXT(WEEKDAY(DATE(CalendarioAño,5,25),1),"ddd") -> dom | AB52: =TEXT(WEEKDAY(DATE(CalendarioAño,5,26),1),"ddd") -> lun | AC52: =TEXT(WEEKDAY(DATE(CalendarioAño,5,27),1),"ddd") -> mar | AD52: =TEXT(WEEKDAY(DATE(CalendarioAño,5,28),1),"ddd") -> mié | AE52: =TEXT(WEEKDAY(DATE(CalendarioAño,5,29),1),"ddd") -> jue | AF52: =TEXT(WEEKDAY(DATE(CalendarioAño,5,30),1),"ddd") -> vie | AG52: =TEXT(WEEKDAY(DATE(CalendarioAño,5,31),1),"ddd") -> sáb
B53: Nombre del empleado | C53: 1 | D53: 2 | E53: 3 | F53: 4 | G53: 5 | H53: 6 | I53: 7 | J53: 8 | K53: 9 | L53: 10 | M53: 11 | N53: 12 | O53: 13 | P53: 14 | Q53: 15 | R53: 16 | S53: 17 | T53: 18 | U53: 19 | V53: 20 | W53: 21 | X53: 22 | Y53: 23 | Z53: 24 | AA53: 25 | AB53: 26 | AC53: 27 | AD53: 28 | AE53: 29 | AF53: 30 | AG53: 31 | AH53: Número total de días
B54: RODRIGO ALEJANDRO PALOMIO CAMPOS | D54: A | I54: A | J54: A | O54: A | R54: A | W54: A | X54: A | AE54: A | AF54: A
B55: VASCO DIAZ TAPIA | D55: A | E55: AA | U55: A | W55: A
B56: ANTONELLA ESPERANZA OLANO CONTRERAS | E56: A | J56: AA | L56: AA | N56: A | Q56: A | W56: A | Z56: A | AB56: A | AC56: A | AF56: A
B57: ARON CANAVAL FLORIAN | E57: A | L57: A | S57: A | Z57: A
B58: EDUARDO AQUINO PELLEGRIN | E58: A
B59: VALENTINA FLAVIA VALDIVIESZO ROMAN | G59: A | K59: A | X59: A | AD59: A | AE59: A
B60: LEANDRO HUACHALLANQUI MENDOZA | G60: A | N60: A | R60: A
B61: DANIELA TEJADA YATA | G61: A | I61: A | N61: A | R61: A | U61: A | W61: A | AD61: A | AF61: A | AH61: 8
B62: SANTIAGO ROJAS | I62: A | K62: A | W62: A | X62: A | Y62: A | Z62: A | AE62: A | AF62: A | AH62: 8
B63: ALMA CASTILLO MENDOZA | J63: A | N63: A | O63: A | R63: A | V63: A | Y63: A | AC63: A | AF63: A
B64: MATEO AUGUSTO RIVAS MERINO | J64: A | N64: A | O64: A | Q64: A | V64: A | X64: A | AC64: A | AE64: A
B65: ALESSIO VEGARA EZETA | L65: A | Q65: A | S65: A | W65: A | Z65: A
B66: FABRIZIO MIGUEL ASTORGA CASTRO | L66: A
B67: GABRIEL RUBIANES | Q67: A | V67: A | AC67: A | AE67: A
B68: LUKA PAVIC CONTRERAS | R68: A | S68: A | W68: A | AF68: A
B69: ALEC REYES KROLL | U69: A | Y69: A | AB69: A | AD69: AA | AF69: A
B70: DANIELA AIATAMA CUEVA ZEVALLOS | AC70: A | AE70: A
B71: LIAM GAEL PABLO CUEVA | AC71: A | AE71: A
B74: =Mayo!MonthName&" Total" -> Mayo Total | AH74: =SUM(C74:AG74) -> 0
B76: Mayo | C76: BABY WOLF 5:00 PM | AH76: =CalendarioAño -> 2025
C77: =TEXT(WEEKDAY(DATE(CalendarioAño,5,1),1),"ddd") -> jue | D77: =TEXT(WEEKDAY(DATE(CalendarioAño,5,2),1),"ddd") -> vie | E77: =TEXT(WEEKDAY(DATE(CalendarioAño,5,3),1),"ddd") -> sáb | F77: =TEXT(WEEKDAY(DATE(CalendarioAño,5,4),1),"ddd") -> dom | G77: =TEXT(WEEKDAY(DATE(CalendarioAño,5,5),1),"ddd") -> lun | H77: =TEXT(WEEKDAY(DATE(CalendarioAño,5,6),1),"ddd") -> mar | I77: =TEXT(WEEKDAY(DATE(CalendarioAño,5,7),1),"ddd") -> mié | J77: =TEXT(WEEKDAY(DATE(CalendarioAño,5,8),1),"ddd") -> jue | K77: =TEXT(WEEKDAY(DATE(CalendarioAño,5,9),1),"ddd") -> vie | L77: =TEXT(WEEKDAY(DATE(CalendarioAño,5,10),1),"ddd") -> sáb | M77: =TEXT(WEEKDAY(DATE(CalendarioAño,5,11),1),"ddd") -> dom | N77: =TEXT(WEEKDAY(DATE(CalendarioAño,5,12),1),"ddd") -> lun | O77: =TEXT(WEEKDAY(DATE(CalendarioAño,5,13),1),"ddd") -> mar | P77: =TEXT(WEEKDAY(DATE(CalendarioAño,5,14),1),"ddd") -> mié | Q77: =TEXT(WEEKDAY(DATE(CalendarioAño,5,15),1),"ddd") -> jue | R77: =TEXT(WEEKDAY(DATE(CalendarioAño,5,16),1),"ddd") -> vie | S77: =TEXT(WEEKDAY(DATE(CalendarioAño,5,17),1),"ddd") -> sáb | T77: =TEXT(WEEKDAY(DATE(CalendarioAño,5,18),1),"ddd") -> dom | U77: =TEXT(WEEKDAY(DATE(CalendarioAño,5,19),1),"ddd") -> lun | V77: =TEXT(WEEKDAY(DATE(CalendarioAño,5,20),1),"ddd") -> mar | W77: =TEXT(WEEKDAY(DATE(CalendarioAño,5,21),1),"ddd") -> mié | X77: =TEXT(WEEKDAY(DATE(CalendarioAño,5,22),1),"ddd") -> jue | Y77: =TEXT(WEEKDAY(DATE(CalendarioAño,5,23),1),"ddd") -> vie | Z77: =TEXT(WEEKDAY(DATE(CalendarioAño,5,24),1),"ddd") -> sáb | AA77: =TEXT(WEEKDAY(DATE(CalendarioAño,5,25),1),"ddd") -> dom | AB77: =TEXT(WEEKDAY(DATE(CalendarioAño,5,26),1),"ddd") -> lun | AC77: =TEXT(WEEKDAY(DATE(CalendarioAño,5,27),1),"ddd") -> mar | AD77: =TEXT(WEEKDAY(DATE(CalendarioAño,5,28),1),"ddd") -> mié | AE77: =TEXT(WEEKDAY(DATE(CalendarioAño,5,29),1),"ddd") -> jue | AF77: =TEXT(WEEKDAY(DATE(CalendarioAño,5,30),1),"ddd") -> vie | AG77: =TEXT(WEEKDAY(DATE(CalendarioAño,5,31),1),"ddd") -> sáb
B78: Nombre del empleado | C78: 1 | D78: 2 | E78: 3 | F78: 4 | G78: 5 | H78: 6 | I78: 7 | J78: 8 | K78: 9 | L78: 10 | M78: 11 | N78: 12 | O78: 13 | P78: 14 | Q78: 15 | R78: 16 | S78: 17 | T78: 18 | U78: 19 | V78: 20 | W78: 21 | X78: 22 | Y78: 23 | Z78: 24 | AA78: 25 | AB78: 26 | AC78: 27 | AD78: 28 | AE78: 29 | AF78: 30 | AG78: 31 | AH78: Número total de días
B79: ADRIEL ANDREW PAREJA MONTES | D79: A | K79: A | L79: A | R79: A | S79: A | Y79: A | Z79: A | AF79: AA
B80: JULIAN CORNEJO | D80: A | G80: A | L80: A | N80: A | U80: A | Z80: A | AB80: A
B81: GABRIEL CORNEJO | D81: A | G81: A | L81: A | N81: AA | U81: A | Z81: A | AB81: A
B82: JADEN BASTIEN RIOS YOMOND | D82: A | G82: A | H82: A | J82: A | O82: A | R82: A | U82: A | V82: A | W82: A | X82: A | Y82: A | AB82: A | AC82: A | AD82: A | AF82: A
B83: ENRICO JOSE SAVOCA PONTIGGIA | E83: A | L83: A | Z83: A
B84: SPERANZA ALTEA SAVOCA PONTIGGIA | E84: A | L84: A | Z84: A
B85: JOAQUIN IGNACIO CHUMBES ROMAN | H85: A | J85: A | O85: A | Q85: A | V85: A | Y85: A
B86: LEONARDO GAEL AGUILAR DELGADO | H86: A | J86: A | O86: A | Q86: A | U86: A
B87: SERGIO JEREMY AGUIRRE MISIYAURI | G87: A | H87: A | O87: A | Q87: A | V87: A | X87: A | AC87: A | AE87: A
B88: EMILIANO ALONSO CHIA ROMAN | G88: A | O88: A | R88: A | U88: A | V88: A | Y88: A | AB88: A | AD88: A | AF88: A
B89: CAMILA GOMEZ HUAMAN | I89: A | J89: A | L89: A | R89: A | S89: A | X89: A | Y89: A | Z89: A | AC89: A | AF89: A
B90: GUILLERMO CASTILLO CULQUI | N90: AA | O90: AA | R90: AA
B91: SOPHIE ALBITES QUIROZ | S91: A | AB91: A
B92: GAEL ACURIO GARCIA | X92: A | Z92: A | AE92: A
B95: =Mayo!MonthName&" Total" -> Mayo Total | AH95: =SUM(C95:AG95) -> 0
B97: Mayo | C97: LITTLE WOLF 5:30 PM | AH97: =CalendarioAño -> 2025
C98: =TEXT(WEEKDAY(DATE(CalendarioAño,5,1),1),"ddd") -> jue | D98: =TEXT(WEEKDAY(DATE(CalendarioAño,5,2),1),"ddd") -> vie | E98: =TEXT(WEEKDAY(DATE(CalendarioAño,5,3),1),"ddd") -> sáb | F98: =TEXT(WEEKDAY(DATE(CalendarioAño,5,4),1),"ddd") -> dom | G98: =TEXT(WEEKDAY(DATE(CalendarioAño,5,5),1),"ddd") -> lun | H98: =TEXT(WEEKDAY(DATE(CalendarioAño,5,6),1),"ddd") -> mar | I98: =TEXT(WEEKDAY(DATE(CalendarioAño,5,7),1),"ddd") -> mié | J98: =TEXT(WEEKDAY(DATE(CalendarioAño,5,8),1),"ddd") -> jue | K98: =TEXT(WEEKDAY(DATE(CalendarioAño,5,9),1),"ddd") -> vie | L98: =TEXT(WEEKDAY(DATE(CalendarioAño,5,10),1),"ddd") -> sáb | M98: =TEXT(WEEKDAY(DATE(CalendarioAño,5,11),1),"ddd") -> dom | N98: =TEXT(WEEKDAY(DATE(CalendarioAño,5,12),1),"ddd") -> lun | O98: =TEXT(WEEKDAY(DATE(CalendarioAño,5,13),1),"ddd") -> mar | P98: =TEXT(WEEKDAY(DATE(CalendarioAño,5,14),1),"ddd") -> mié | Q98: =TEXT(WEEKDAY(DATE(CalendarioAño,5,15),1),"ddd") -> jue | R98: =TEXT(WEEKDAY(DATE(CalendarioAño,5,16),1),"ddd") -> vie | S98: =TEXT(WEEKDAY(DATE(CalendarioAño,5,17),1),"ddd") -> sáb | T98: =TEXT(WEEKDAY(DATE(CalendarioAño,5,18),1),"ddd") -> dom | U98: =TEXT(WEEKDAY(DATE(CalendarioAño,5,19),1),"ddd") -> lun | V98: =TEXT(WEEKDAY(DATE(CalendarioAño,5,20),1),"ddd") -> mar | W98: =TEXT(WEEKDAY(DATE(CalendarioAño,5,21),1),"ddd") -> mié | X98: =TEXT(WEEKDAY(DATE(CalendarioAño,5,22),1),"ddd") -> jue | Y98: =TEXT(WEEKDAY(DATE(CalendarioAño,5,23),1),"ddd") -> vie | Z98: =TEXT(WEEKDAY(DATE(CalendarioAño,5,24),1),"ddd") -> sáb | AA98: =TEXT(WEEKDAY(DATE(CalendarioAño,5,25),1),"ddd") -> dom | AB98: =TEXT(WEEKDAY(DATE(CalendarioAño,5,26),1),"ddd") -> lun | AC98: =TEXT(WEEKDAY(DATE(CalendarioAño,5,27),1),"ddd") -> mar | AD98: =TEXT(WEEKDAY(DATE(CalendarioAño,5,28),1),"ddd") -> mié | AE98: =TEXT(WEEKDAY(DATE(CalendarioAño,5,29),1),"ddd") -> jue | AF98: =TEXT(WEEKDAY(DATE(CalendarioAño,5,30),1),"ddd") -> vie | AG98: =TEXT(WEEKDAY(DATE(CalendarioAño,5,31),1),"ddd") -> sáb
B99: Nombre del empleado | C99: 1 | D99: 2 | E99: 3 | F99: 4 | G99: 5 | H99: 6 | I99: 7 | J99: 8 | K99: 9 | L99: 10 | M99: 11 | N99: 12 | O99: 13 | P99: 14 | Q99: 15 | R99: 16 | S99: 17 | T99: 18 | U99: 19 | V99: 20 | W99: 21 | X99: 22 | Y99: 23 | Z99: 24 | AA99: 25 | AB99: 26 | AC99: 27 | AD99: 28 | AE99: 29 | AF99: 30 | AG99: 31 | AH99: Número total de días
B100: RAFAEL AYVAR CUEVA | D100: A | I100: A | K100: A | R100: A | W100: A | Z100: A | AD100: AA | AF100: A
B101: VICTOR HAKIM RODRIGUEZ GOMEZ | D101: A | I101: A | K101: A | W101: A | AF101: A
B102: AURELIO CHISTIANS TRISTAN ALEXANDRINO | D102: A | E102: A | G102: A | N102: A | S102: A | U102: A | Z102: A | AB102: A
B103: LOLA SANCHEZ PINTO | H103: A | Q103: A | R103: A | S103: A | U103: A | X103: A | Z103: A | AC103: A | AD103: A | AE103: A | AH103: 10
B104: DANIELA ALEXANDRA CABELLO LEÓN | H104: A | J104: A | N104: A
B105: RODRIGO HUAROTO | H105: A | J105: A | O105: A | Q105: A | V105: A | X105: A | AC105: A | AE105: A
B106: MAXIMO DANIEL JAUREGUI DALAS | H106: A | O106: A | Q106: A | V106: A | X106: A | AC106: A | AE106: A
B107: PIERO STEVEN AGUIRRE UCHASARA | I107: A | R107: A | W107: A | Y107: A
B108: GAEL ADRIEZ LUNA QUISPE | I108: A | Q108: A | V108: A | X108: A | AB108: A
B109: GERALD SALOME YAURI | J109: A | O109: A | Q109: A | R109: A | V109: A | W109: A | Y109: A | AC109: A | AE109: A
B110: JARED EVARISTO GUIZADO MITMA | J110: A | L110: AA | Q110: A | S110: A | AF110: A
B111: LARA VELEZ PEREZ | U111: A | W111: A | AB111: A | AD111: A
B114: =Mayo!MonthName&" Total" -> Mayo Total | AH114: =SUM(C114:AG114) -> 0
B116: Mayo | C116: LITTLE WOLF 6:00 | AH116: =CalendarioAño -> 2025
C117: =TEXT(WEEKDAY(DATE(CalendarioAño,5,1),1),"ddd") -> jue | D117: =TEXT(WEEKDAY(DATE(CalendarioAño,5,2),1),"ddd") -> vie | E117: =TEXT(WEEKDAY(DATE(CalendarioAño,5,3),1),"ddd") -> sáb | F117: =TEXT(WEEKDAY(DATE(CalendarioAño,5,4),1),"ddd") -> dom | G117: =TEXT(WEEKDAY(DATE(CalendarioAño,5,5),1),"ddd") -> lun | H117: =TEXT(WEEKDAY(DATE(CalendarioAño,5,6),1),"ddd") -> mar | I117: =TEXT(WEEKDAY(DATE(CalendarioAño,5,7),1),"ddd") -> mié | J117: =TEXT(WEEKDAY(DATE(CalendarioAño,5,8),1),"ddd") -> jue | K117: =TEXT(WEEKDAY(DATE(CalendarioAño,5,9),1),"ddd") -> vie | L117: =TEXT(WEEKDAY(DATE(CalendarioAño,5,10),1),"ddd") -> sáb | M117: =TEXT(WEEKDAY(DATE(CalendarioAño,5,11),1),"ddd") -> dom | N117: =TEXT(WEEKDAY(DATE(CalendarioAño,5,12),1),"ddd") -> lun | O117: =TEXT(WEEKDAY(DATE(CalendarioAño,5,13),1),"ddd") -> mar | P117: =TEXT(WEEKDAY(DATE(CalendarioAño,5,14),1),"ddd") -> mié | Q117: =TEXT(WEEKDAY(DATE(CalendarioAño,5,15),1),"ddd") -> jue | R117: =TEXT(WEEKDAY(DATE(CalendarioAño,5,16),1),"ddd") -> vie | S117: =TEXT(WEEKDAY(DATE(CalendarioAño,5,17),1),"ddd") -> sáb | T117: =TEXT(WEEKDAY(DATE(CalendarioAño,5,18),1),"ddd") -> dom | U117: =TEXT(WEEKDAY(DATE(CalendarioAño,5,19),1),"ddd") -> lun | V117: =TEXT(WEEKDAY(DATE(CalendarioAño,5,20),1),"ddd") -> mar | W117: =TEXT(WEEKDAY(DATE(CalendarioAño,5,21),1),"ddd") -> mié | X117: =TEXT(WEEKDAY(DATE(CalendarioAño,5,22),1),"ddd") -> jue | Y117: =TEXT(WEEKDAY(DATE(CalendarioAño,5,23),1),"ddd") -> vie | Z117: =TEXT(WEEKDAY(DATE(CalendarioAño,5,24),1),"ddd") -> sáb | AA117: =TEXT(WEEKDAY(DATE(CalendarioAño,5,25),1),"ddd") -> dom | AB117: =TEXT(WEEKDAY(DATE(CalendarioAño,5,26),1),"ddd") -> lun | AC117: =TEXT(WEEKDAY(DATE(CalendarioAño,5,27),1),"ddd") -> mar | AD117: =TEXT(WEEKDAY(DATE(CalendarioAño,5,28),1),"ddd") -> mié | AE117: =TEXT(WEEKDAY(DATE(CalendarioAño,5,29),1),"ddd") -> jue | AF117: =TEXT(WEEKDAY(DATE(CalendarioAño,5,30),1),"ddd") -> vie | AG117: =TEXT(WEEKDAY(DATE(CalendarioAño,5,31),1),"ddd") -> sáb
B118: Nombre del empleado | C118: 1 | D118: 2 | E118: 3 | F118: 4 | G118: 5 | H118: 6 | I118: 7 | J118: 8 | K118: 9 | L118: 10 | M118: 11 | N118: 12 | O118: 13 | P118: 14 | Q118: 15 | R118: 16 | S118: 17 | T118: 18 | U118: 19 | V118: 20 | W118: 21 | X118: 22 | Y118: 23 | Z118: 24 | AA118: 25 | AB118: 26 | AC118: 27 | AD118: 28 | AE118: 29 | AF118: 30 | AG118: 31 | AH118: Número total de días
B119: ALEXANDRA ROJAS SICLLA | E119: A | L119: A
B120: VALERIA MOSCOSO | E120: A | O120: A | V120: A | AC120: A
B121: WILLY SALVADOR RABORG BERROCAL | H121: A | J121: A | Q121: AA | V121: A | AC121: AA | AF121: A | AH121: 8
B122: PIERO PAOLO NORATTO GEISER | G122: A | U122: A | AD122: A | AH122: 3
B123: IAN LEZAMA OJANAMA | R123: A | S123: A | Y123: A | AF123: A
B128: =Mayo!MonthName&" Total" -> Mayo Total | AH128: =SUM(C128:AG128) -> 0
B130: Mayo | C130: JUNIOR WOLF 6:30 | AH130: =CalendarioAño -> 2025
D131: =TEXT(WEEKDAY(DATE(CalendarioAño,5,2),1),"ddd") -> vie | E131: =TEXT(WEEKDAY(DATE(CalendarioAño,5,3),1),"ddd") -> sáb | F131: =TEXT(WEEKDAY(DATE(CalendarioAño,5,4),1),"ddd") -> dom | G131: =TEXT(WEEKDAY(DATE(CalendarioAño,5,5),1),"ddd") -> lun | H131: =TEXT(WEEKDAY(DATE(CalendarioAño,5,6),1),"ddd") -> mar | I131: =TEXT(WEEKDAY(DATE(CalendarioAño,5,7),1),"ddd") -> mié | J131: =TEXT(WEEKDAY(DATE(CalendarioAño,5,8),1),"ddd") -> jue | K131: =TEXT(WEEKDAY(DATE(CalendarioAño,5,9),1),"ddd") -> vie | L131: =TEXT(WEEKDAY(DATE(CalendarioAño,5,10),1),"ddd") -> sáb | M131: =TEXT(WEEKDAY(DATE(CalendarioAño,5,11),1),"ddd") -> dom | N131: =TEXT(WEEKDAY(DATE(CalendarioAño,5,12),1),"ddd") -> lun | O131: =TEXT(WEEKDAY(DATE(CalendarioAño,5,13),1),"ddd") -> mar | P131: =TEXT(WEEKDAY(DATE(CalendarioAño,5,14),1),"ddd") -> mié | Q131: =TEXT(WEEKDAY(DATE(CalendarioAño,5,15),1),"ddd") -> jue | R131: =TEXT(WEEKDAY(DATE(CalendarioAño,5,16),1),"ddd") -> vie | S131: =TEXT(WEEKDAY(DATE(CalendarioAño,5,17),1),"ddd") -> sáb | T131: =TEXT(WEEKDAY(DATE(CalendarioAño,5,18),1),"ddd") -> dom | U131: =TEXT(WEEKDAY(DATE(CalendarioAño,5,19),1),"ddd") -> lun | V131: =TEXT(WEEKDAY(DATE(CalendarioAño,5,20),1),"ddd") -> mar | W131: =TEXT(WEEKDAY(DATE(CalendarioAño,5,21),1),"ddd") -> mié | X131: =TEXT(WEEKDAY(DATE(CalendarioAño,5,22),1),"ddd") -> jue | Y131: =TEXT(WEEKDAY(DATE(CalendarioAño,5,23),1),"ddd") -> vie | Z131: =TEXT(WEEKDAY(DATE(CalendarioAño,5,24),1),"ddd") -> sáb | AA131: =TEXT(WEEKDAY(DATE(CalendarioAño,5,25),1),"ddd") -> dom | AB131: =TEXT(WEEKDAY(DATE(CalendarioAño,5,26),1),"ddd") -> lun | AC131: =TEXT(WEEKDAY(DATE(CalendarioAño,5,27),1),"ddd") -> mar | AD131: =TEXT(WEEKDAY(DATE(CalendarioAño,5,28),1),"ddd") -> mié | AE131: =TEXT(WEEKDAY(DATE(CalendarioAño,5,29),1),"ddd") -> jue | AF131: =TEXT(WEEKDAY(DATE(CalendarioAño,5,30),1),"ddd") -> vie | AG131: =TEXT(WEEKDAY(DATE(CalendarioAño,5,31),1),"ddd") -> sáb
...

Sheet Junio
B1: ASISTENCIA DE ALUMNOS
B2: Claves de los tipos de Asistencia | C2: V | D2: Vacaciones | G2: P | H2: Personal | K2: A | L2: Asistencia | O2: R | P2: Recuperacion | T2: E | U2: Eventos
B4: Junio | C4: SUPER BABY WOLF 3:00 PM | AH4: =CalendarioAño -> 2025
C5: =TEXT(WEEKDAY(DATE(CalendarioAño,6,1),1),"ddd") -> dom | D5: =TEXT(WEEKDAY(DATE(CalendarioAño,6,2),1),"ddd") -> lun | E5: =TEXT(WEEKDAY(DATE(CalendarioAño,6,3),1),"ddd") -> mar | F5: =TEXT(WEEKDAY(DATE(CalendarioAño,6,4),1),"ddd") -> mié | G5: =TEXT(WEEKDAY(DATE(CalendarioAño,6,5),1),"ddd") -> jue | H5: =TEXT(WEEKDAY(DATE(CalendarioAño,6,6),1),"ddd") -> vie | I5: =TEXT(WEEKDAY(DATE(CalendarioAño,6,7),1),"ddd") -> sáb | J5: =TEXT(WEEKDAY(DATE(CalendarioAño,6,8),1),"ddd") -> dom | K5: =TEXT(WEEKDAY(DATE(CalendarioAño,6,9),1),"ddd") -> lun | L5: =TEXT(WEEKDAY(DATE(CalendarioAño,6,10),1),"ddd") -> mar | M5: =TEXT(WEEKDAY(DATE(CalendarioAño,6,11),1),"ddd") -> mié | N5: =TEXT(WEEKDAY(DATE(CalendarioAño,6,12),1),"ddd") -> jue | O5: =TEXT(WEEKDAY(DATE(CalendarioAño,6,13),1),"ddd") -> vie | P5: =TEXT(WEEKDAY(DATE(CalendarioAño,6,14),1),"ddd") -> sáb | Q5: =TEXT(WEEKDAY(DATE(CalendarioAño,6,15),1),"ddd") -> dom | R5: =TEXT(WEEKDAY(DATE(CalendarioAño,6,16),1),"ddd") -> lun | S5: =TEXT(WEEKDAY(DATE(CalendarioAño,6,17),1),"ddd") -> mar | T5: =TEXT(WEEKDAY(DATE(CalendarioAño,6,18),1),"ddd") -> mié | U5: =TEXT(WEEKDAY(DATE(CalendarioAño,6,19),1),"ddd") -> jue | V5: =TEXT(WEEKDAY(DATE(CalendarioAño,6,20),1),"ddd") -> vie | W5: =TEXT(WEEKDAY(DATE(CalendarioAño,6,21),1),"ddd") -> sáb | X5: =TEXT(WEEKDAY(DATE(CalendarioAño,6,22),1),"ddd") -> dom | Y5: =TEXT(WEEKDAY(DATE(CalendarioAño,6,23),1),"ddd") -> lun | Z5: =TEXT(WEEKDAY(DATE(CalendarioAño,6,24),1),"ddd") -> mar | AA5: =TEXT(WEEKDAY(DATE(CalendarioAño,6,25),1),"ddd") -> mié | AB5: =TEXT(WEEKDAY(DATE(CalendarioAño,6,26),1),"ddd") -> jue | AC5: =TEXT(WEEKDAY(DATE(CalendarioAño,6,27),1),"ddd") -> vie | AD5: =TEXT(WEEKDAY(DATE(CalendarioAño,6,28),1),"ddd") -> sáb | AE5: =TEXT(WEEKDAY(DATE(CalendarioAño,6,29),1),"ddd") -> dom | AF5: =TEXT(WEEKDAY(DATE(CalendarioAño,6,30),1),"ddd") -> lun
B6: Nombre del empleado | C6: 1 | D6: 2 | E6: 3 | F6: 4 | G6: 5 | H6: 6 | I6: 7 | J6: 8 | K6: 9 | L6: 10 | M6: 11 | N6: 12 | O6: 13 | P6: 14 | Q6: 15 | R6: 16 | S6: 17 | T6: 18 | U6: 19 | V6: 20 | W6: 21 | X6: 22 | Y6: 23 | Z6: 24 | AA6: 25 | AB6: 26 | AC6: 27 | AD6: 28 | AE6: 29 | AF6: 30 | AH6: Total de días
B7: PEDRO JACK XANDER ANDIA RUIZ | E7: A | L7: A | N7: A
B10: =Junio!MonthName&" Total" -> Junio Total
B12: Junio | C12: BABY WOLF 3:30 PM | AH12: =CalendarioAño -> 2025
C13: =TEXT(WEEKDAY(DATE(CalendarioAño,6,1),1),"ddd") -> dom | D13: =TEXT(WEEKDAY(DATE(CalendarioAño,6,2),1),"ddd") -> lun | E13: =TEXT(WEEKDAY(DATE(CalendarioAño,6,3),1),"ddd") -> mar | F13: =TEXT(WEEKDAY(DATE(CalendarioAño,6,4),1),"ddd") -> mié | G13: =TEXT(WEEKDAY(DATE(CalendarioAño,6,5),1),"ddd") -> jue | H13: =TEXT(WEEKDAY(DATE(CalendarioAño,6,6),1),"ddd") -> vie | I13: =TEXT(WEEKDAY(DATE(CalendarioAño,6,7),1),"ddd") -> sáb | J13: =TEXT(WEEKDAY(DATE(CalendarioAño,6,8),1),"ddd") -> dom | K13: =TEXT(WEEKDAY(DATE(CalendarioAño,6,9),1),"ddd") -> lun | L13: =TEXT(WEEKDAY(DATE(CalendarioAño,6,10),1),"ddd") -> mar | M13: =TEXT(WEEKDAY(DATE(CalendarioAño,6,11),1),"ddd") -> mié | N13: =TEXT(WEEKDAY(DATE(CalendarioAño,6,12),1),"ddd") -> jue | O13: =TEXT(WEEKDAY(DATE(CalendarioAño,6,13),1),"ddd") -> vie | P13: =TEXT(WEEKDAY(DATE(CalendarioAño,6,14),1),"ddd") -> sáb | Q13: =TEXT(WEEKDAY(DATE(CalendarioAño,6,15),1),"ddd") -> dom | R13: =TEXT(WEEKDAY(DATE(CalendarioAño,6,16),1),"ddd") -> lun | S13: =TEXT(WEEKDAY(DATE(CalendarioAño,6,17),1),"ddd") -> mar | T13: =TEXT(WEEKDAY(DATE(CalendarioAño,6,18),1),"ddd") -> mié | U13: =TEXT(WEEKDAY(DATE(CalendarioAño,6,19),1),"ddd") -> jue | V13: =TEXT(WEEKDAY(DATE(CalendarioAño,6,20),1),"ddd") -> vie | W13: =TEXT(WEEKDAY(DATE(CalendarioAño,6,21),1),"ddd") -> sáb | X13: =TEXT(WEEKDAY(DATE(CalendarioAño,6,22),1),"ddd") -> dom | Y13: =TEXT(WEEKDAY(DATE(CalendarioAño,6,23),1),"ddd") -> lun | Z13: =TEXT(WEEKDAY(DATE(CalendarioAño,6,24),1),"ddd") -> mar | AA13: =TEXT(WEEKDAY(DATE(CalendarioAño,6,25),1),"ddd") -> mié | AB13: =TEXT(WEEKDAY(DATE(CalendarioAño,6,26),1),"ddd") -> jue | AC13: =TEXT(WEEKDAY(DATE(CalendarioAño,6,27),1),"ddd") -> vie | AD13: =TEXT(WEEKDAY(DATE(CalendarioAño,6,28),1),"ddd") -> sáb | AE13: =TEXT(WEEKDAY(DATE(CalendarioAño,6,29),1),"ddd") -> dom | AF13: =TEXT(WEEKDAY(DATE(CalendarioAño,6,30),1),"ddd") -> lun
B14: Nombre del empleado | C14: 1 | D14: 2 | E14: 3 | F14: 4 | G14: 5 | H14: 6 | I14: 7 | J14: 8 | K14: 9 | L14: 10 | M14: 11 | N14: 12 | O14: 13 | P14: 14 | Q14: 15 | R14: 16 | S14: 17 | T14: 18 | U14: 19 | V14: 20 | W14: 21 | X14: 22 | Y14: 23 | Z14: 24 | AA14: 25 | AB14: 26 | AC14: 27 | AD14: 28 | AE14: 29 | AF14: 30 | AH14: Total de días
B15: MARTIN CAO RUIXUAN RUIZ CHU | D15: A | E15: A | H15: A | M15: A | S15: A | T15: A | V15: A
B16: LUA GIANELLA RODRIGUEZ CASTRO | E16: A | G16: A | L16: A | S16: A | U16: A | Z16: A
B17: AMANDA VILLACORTA HASHIMOTO | G17: A | L17: A | N17: A | U17: A
B18: ISABELLA QUISPE LUCAS | L18: A | N18: A | S18: A | U18: A | AB18: A
B19: RODRIGO CHISTIAN MORALES TARAZONA | P19: A | W19: A | AD19: A
B20: VILMA GIORGINA PUMA ESTRADA | Z20: A
B34: =Junio!MonthName&" Total" -> Junio Total
B36: Junio | C36: BABY WOLF 4:00 PM | AH36: =CalendarioAño -> 2025
C37: =TEXT(WEEKDAY(DATE(CalendarioAño,6,1),1),"ddd") -> dom | D37: =TEXT(WEEKDAY(DATE(CalendarioAño,6,2),1),"ddd") -> lun | E37: =TEXT(WEEKDAY(DATE(CalendarioAño,6,3),1),"ddd") -> mar | F37: =TEXT(WEEKDAY(DATE(CalendarioAño,6,4),1),"ddd") -> mié | G37: =TEXT(WEEKDAY(DATE(CalendarioAño,6,5),1),"ddd") -> jue | H37: =TEXT(WEEKDAY(DATE(CalendarioAño,6,6),1),"ddd") -> vie | I37: =TEXT(WEEKDAY(DATE(CalendarioAño,6,7),1),"ddd") -> sáb | J37: =TEXT(WEEKDAY(DATE(CalendarioAño,6,8),1),"ddd") -> dom | K37: =TEXT(WEEKDAY(DATE(CalendarioAño,6,9),1),"ddd") -> lun | L37: =TEXT(WEEKDAY(DATE(CalendarioAño,6,10),1),"ddd") -> mar | M37: =TEXT(WEEKDAY(DATE(CalendarioAño,6,11),1),"ddd") -> mié | N37: =TEXT(WEEKDAY(DATE(CalendarioAño,6,12),1),"ddd") -> jue | O37: =TEXT(WEEKDAY(DATE(CalendarioAño,6,13),1),"ddd") -> vie | P37: =TEXT(WEEKDAY(DATE(CalendarioAño,6,14),1),"ddd") -> sáb | Q37: =TEXT(WEEKDAY(DATE(CalendarioAño,6,15),1),"ddd") -> dom | R37: =TEXT(WEEKDAY(DATE(CalendarioAño,6,16),1),"ddd") -> lun | S37: =TEXT(WEEKDAY(DATE(CalendarioAño,6,17),1),"ddd") -> mar | T37: =TEXT(WEEKDAY(DATE(CalendarioAño,6,18),1),"ddd") -> mié | U37: =TEXT(WEEKDAY(DATE(CalendarioAño,6,19),1),"ddd") -> jue | V37: =TEXT(WEEKDAY(DATE(CalendarioAño,6,20),1),"ddd") -> vie | W37: =TEXT(WEEKDAY(DATE(CalendarioAño,6,21),1),"ddd") -> sáb | X37: =TEXT(WEEKDAY(DATE(CalendarioAño,6,22),1),"ddd") -> dom | Y37: =TEXT(WEEKDAY(DATE(CalendarioAño,6,23),1),"ddd") -> lun | Z37: =TEXT(WEEKDAY(DATE(CalendarioAño,6,24),1),"ddd") -> mar | AA37: =TEXT(WEEKDAY(DATE(CalendarioAño,6,25),1),"ddd") -> mié | AB37: =TEXT(WEEKDAY(DATE(CalendarioAño,6,26),1),"ddd") -> jue | AC37: =TEXT(WEEKDAY(DATE(CalendarioAño,6,27),1),"ddd") -> vie | AD37: =TEXT(WEEKDAY(DATE(CalendarioAño,6,28),1),"ddd") -> sáb | AE37: =TEXT(WEEKDAY(DATE(CalendarioAño,6,29),1),"ddd") -> dom | AF37: =TEXT(WEEKDAY(DATE(CalendarioAño,6,30),1),"ddd") -> lun
B38: Nombre del empleado | C38: 1 | D38: 2 | E38: 3 | F38: 4 | G38: 5 | H38: 6 | I38: 7 | J38: 8 | K38: 9 | L38: 10 | M38: 11 | N38: 12 | O38: 13 | P38: 14 | Q38: 15 | R38: 16 | S38: 17 | T38: 18 | U38: 19 | V38: 20 | W38: 21 | X38: 22 | Y38: 23 | Z38: 24 | AA38: 25 | AB38: 26 | AC38: 27 | AD38: 28 | AE38: 29 | AF38: 30 | AH38: Total de días
B39: EMANUEL DAVID RIVAS PEATAN | E39: A | L39: A | N39: A | S39: A | AB39: A | AD39: A
B40: CAMILA MAUREEN GARCIA VEGA | D40: A | F40: A | M40: A | AA40: A | AC40: A
B41: FERNANDA CATALINA SOCA MEDRANO | G41: A | P41: A | U41: A | W41: A | AB41: A | AD41: A
B42: NICOLAS SULLON ANDAGUA | D42: A | F42: A | K42: A | M42: A | R42: A | T42: A | AA42: A | AF42: A
B43: JOSE ANDRES VELIZ HAYTA | H43: A | M43: A | O43: A | T43: A | W43: A | AD43: A | AF43: A
B44: TADEO EMILIO GOMEZ VASQUEZ | L44: A
B45: MAR PORTOCARRERO BERNAOLA | K45: A | N45: A
B46: MICAELA PORTOCARRERO BERNAOLA | K46: A | N46: A
B47: CALLIE IVANNA CALLIE IVANNA | O47: A | P47: A | V47: A | W47: A | AC47: A
B48: ALEXANDRA GABRIELA BAUTISTA JUSTINIANO | P48: A | W48: A | AD48: A
B49: NICOLAS ORDONEZ NORIEDA | R49: A | AA49: A | AC49: A | AD49: A
B50: DARIO DAVID FABIAN HERRERA | R50: A | U50: A | V50: A | AA50: A | AC50: A
B51: PIA VALENTINA TORERO MERINO | AD51: A
B52: =Junio!MonthName&" Total" -> Junio Total
B54: Junio | C54: BABY WOLF 4:30 PM | AH54: =CalendarioAño -> 2025
C55: =TEXT(WEEKDAY(DATE(CalendarioAño,6,1),1),"ddd") -> dom | D55: =TEXT(WEEKDAY(DATE(CalendarioAño,6,2),1),"ddd") -> lun | E55: =TEXT(WEEKDAY(DATE(CalendarioAño,6,3),1),"ddd") -> mar | F55: =TEXT(WEEKDAY(DATE(CalendarioAño,6,4),1),"ddd") -> mié | G55: =TEXT(WEEKDAY(DATE(CalendarioAño,6,5),1),"ddd") -> jue | H55: =TEXT(WEEKDAY(DATE(CalendarioAño,6,6),1),"ddd") -> vie | I55: =TEXT(WEEKDAY(DATE(CalendarioAño,6,7),1),"ddd") -> sáb | J55: =TEXT(WEEKDAY(DATE(CalendarioAño,6,8),1),"ddd") -> dom | K55: =TEXT(WEEKDAY(DATE(CalendarioAño,6,9),1),"ddd") -> lun | L55: =TEXT(WEEKDAY(DATE(CalendarioAño,6,10),1),"ddd") -> mar | M55: =TEXT(WEEKDAY(DATE(CalendarioAño,6,11),1),"ddd") -> mié | N55: =TEXT(WEEKDAY(DATE(CalendarioAño,6,12),1),"ddd") -> jue | O55: =TEXT(WEEKDAY(DATE(CalendarioAño,6,13),1),"ddd") -> vie | P55: =TEXT(WEEKDAY(DATE(CalendarioAño,6,14),1),"ddd") -> sáb | Q55: =TEXT(WEEKDAY(DATE(CalendarioAño,6,15),1),"ddd") -> dom | R55: =TEXT(WEEKDAY(DATE(CalendarioAño,6,16),1),"ddd") -> lun | S55: =TEXT(WEEKDAY(DATE(CalendarioAño,6,17),1),"ddd") -> mar | T55: =TEXT(WEEKDAY(DATE(CalendarioAño,6,18),1),"ddd") -> mié | U55: =TEXT(WEEKDAY(DATE(CalendarioAño,6,19),1),"ddd") -> jue | V55: =TEXT(WEEKDAY(DATE(CalendarioAño,6,20),1),"ddd") -> vie | W55: =TEXT(WEEKDAY(DATE(CalendarioAño,6,21),1),"ddd") -> sáb | X55: =TEXT(WEEKDAY(DATE(CalendarioAño,6,22),1),"ddd") -> dom | Y55: =TEXT(WEEKDAY(DATE(CalendarioAño,6,23),1),"ddd") -> lun | Z55: =TEXT(WEEKDAY(DATE(CalendarioAño,6,24),1),"ddd") -> mar | AA55: =TEXT(WEEKDAY(DATE(CalendarioAño,6,25),1),"ddd") -> mié | AB55: =TEXT(WEEKDAY(DATE(CalendarioAño,6,26),1),"ddd") -> jue | AC55: =TEXT(WEEKDAY(DATE(CalendarioAño,6,27),1),"ddd") -> vie | AD55: =TEXT(WEEKDAY(DATE(CalendarioAño,6,28),1),"ddd") -> sáb | AE55: =TEXT(WEEKDAY(DATE(CalendarioAño,6,29),1),"ddd") -> dom | AF55: =TEXT(WEEKDAY(DATE(CalendarioAño,6,30),1),"ddd") -> lun
B56: Nombre del empleado | C56: 1 | D56: 2 | E56: 3 | F56: 4 | G56: 5 | H56: 6 | I56: 7 | J56: 8 | K56: 9 | L56: 10 | M56: 11 | N56: 12 | O56: 13 | P56: 14 | Q56: 15 | R56: 16 | S56: 17 | T56: 18 | U56: 19 | V56: 20 | W56: 21 | X56: 22 | Y56: 23 | Z56: 24 | AA56: 25 | AB56: 26 | AC56: 27 | AD56: 28 | AE56: 29 | AF56: 30 | AH56: Total de días
B57: DANIELA VERONICA TEJADA YATA | E57: A | H57: A | O57: A | P57: A | S57: A | V57: A | Z57: A | AC57: A
B58: ALMA ISABELA CASTILLO MENDOZA | E58: A | R58: A | S58: A | V58: A | W58: A | AF58: A
B59: LIAM GAEL PABLO CUEVA | E59: A | G59: A | N59: A | P59: A | S59: A | Z59: A
B60: MATTEO AUGUSTO RIVAS MERINO | E60: A | L60: A | N60: A | T60: A | U60: A | Z60: A | AB60: A | AF60: A
B61: ALEC REYES KROLL | D61: A | F61: A | K61: A | M61: A | R61: A | T61: A | AF61: A
B62: SOPHIE GABRIELLE VALENTINA ALBITES QUIROZ | D62: A | H62: A | K62: A | AF62: A
B63: CAMILO ROSAMO | F63: A | M63: A | O63: A | T63: A | V63: A | AA63: A
B64: GALA GUTTIERREZ FIMETTi | G64: A | L64: A | N64: A | S64: A | U64: A | AB64: A
B65: SANTIAGO IGNACIO DE JESUS ROJAS CUYUBAMBA | G65: A | H65: A
B66: ANTONELLA ESPERANZA OLANO CONTRERAS | H66: AA | K66: A | AD66: A | AF66: A
B67: VASCO DIAZ TAPIA | L67: A | M67: A | R67: A | S67: A | U67: A | Y67: A | AA67: A
B68: ISABELLA VALENTINA GUINEA CERDAN | L68: A | AB68: A
B69: ALBERTO HUARSUCA RAMIREZ | L69: A | S69: A
B70: ELIAS LEONARDO AISPIN CAYCHO | O70: A | P70: A | AD70: A
B71: SOPHIE GABRIELLE VALENTINA ALBITES QUIROZ | R71: A | V71: A | Y71: A
B72: MARIA FERNANDA CALDERON | S72: A | U72: A | Z72: A | AB72: A
B73: FABRIZIO MIGUEL ASTORGA CASTRO | S73: A | W73: A
B74: ALESSIO VEGARA EZETA | V74: A | W74: A | AB74: A
B75: ALEXANDER ANDRE ROMERO ROJAS | W75: A | Y75: A | AD75: A
B76: VALENTINA FLAVIA VALDIVIESZO ROMAN | Z76: A | AC76: A
B77: =Junio!MonthName&" Total" -> Junio Total
B79: Junio | C79: LITTLE WOLF 5:00 PM | AH79: =CalendarioAño -> 2025
C80: =TEXT(WEEKDAY(DATE(CalendarioAño,6,1),1),"ddd") -> dom | D80: =TEXT(WEEKDAY(DATE(CalendarioAño,6,2),1),"ddd") -> lun | E80: =TEXT(WEEKDAY(DATE(CalendarioAño,6,3),1),"ddd") -> mar | F80: =TEXT(WEEKDAY(DATE(CalendarioAño,6,4),1),"ddd") -> mié | G80: =TEXT(WEEKDAY(DATE(CalendarioAño,6,5),1),"ddd") -> jue | H80: =TEXT(WEEKDAY(DATE(CalendarioAño,6,6),1),"ddd") -> vie | I80: =TEXT(WEEKDAY(DATE(CalendarioAño,6,7),1),"ddd") -> sáb | J80: =TEXT(WEEKDAY(DATE(CalendarioAño,6,8),1),"ddd") -> dom | K80: =TEXT(WEEKDAY(DATE(CalendarioAño,6,9),1),"ddd") -> lun | L80: =TEXT(WEEKDAY(DATE(CalendarioAño,6,10),1),"ddd") -> mar | M80: =TEXT(WEEKDAY(DATE(CalendarioAño,6,11),1),"ddd") -> mié | N80: =TEXT(WEEKDAY(DATE(CalendarioAño,6,12),1),"ddd") -> jue | O80: =TEXT(WEEKDAY(DATE(CalendarioAño,6,13),1),"ddd") -> vie | P80: =TEXT(WEEKDAY(DATE(CalendarioAño,6,14),1),"ddd") -> sáb | Q80: =TEXT(WEEKDAY(DATE(CalendarioAño,6,15),1),"ddd") -> dom | R80: =TEXT(WEEKDAY(DATE(CalendarioAño,6,16),1),"ddd") -> lun | S80: =TEXT(WEEKDAY(DATE(CalendarioAño,6,17),1),"ddd") -> mar | T80: =TEXT(WEEKDAY(DATE(CalendarioAño,6,18),1),"ddd") -> mié | U80: =TEXT(WEEKDAY(DATE(CalendarioAño,6,19),1),"ddd") -> jue | V80: =TEXT(WEEKDAY(DATE(CalendarioAño,6,20),1),"ddd") -> vie | W80: =TEXT(WEEKDAY(DATE(CalendarioAño,6,21),1),"ddd") -> sáb | X80: =TEXT(WEEKDAY(DATE(CalendarioAño,6,22),1),"ddd") -> dom | Y80: =TEXT(WEEKDAY(DATE(CalendarioAño,6,23),1),"ddd") -> lun | Z80: =TEXT(WEEKDAY(DATE(CalendarioAño,6,24),1),"ddd") -> mar | AA80: =TEXT(WEEKDAY(DATE(CalendarioAño,6,25),1),"ddd") -> mié | AB80: =TEXT(WEEKDAY(DATE(CalendarioAño,6,26),1),"ddd") -> jue | AC80: =TEXT(WEEKDAY(DATE(CalendarioAño,6,27),1),"ddd") -> vie | AD80: =TEXT(WEEKDAY(DATE(CalendarioAño,6,28),1),"ddd") -> sáb | AE80: =TEXT(WEEKDAY(DATE(CalendarioAño,6,29),1),"ddd") -> dom | AF80: =TEXT(WEEKDAY(DATE(CalendarioAño,6,30),1),"ddd") -> lun
B81: Nombre del empleado | C81: 1 | D81: 2 | E81: 3 | F81: 4 | G81: 5 | H81: 6 | I81: 7 | J81: 8 | K81: 9 | L81: 10 | M81: 11 | N81: 12 | O81: 13 | P81: 14 | Q81: 15 | R81: 16 | S81: 17 | T81: 18 | U81: 19 | V81: 20 | W81: 21 | X81: 22 | Y81: 23 | Z81: 24 | AA81: 25 | AB81: 26 | AC81: 27 | AD81: 28 | AE81: 29 | AF81: 30 | AH81: Total de días
B82: EMILIANO ALONSO CHIA ROMAN | D82: A | E82: A | H82: A | L82: A | M82: A | O82: A | R82: A | S82: A | Y82: A | AA82: A | AC82: A | AF82: A
B83: GAEL KHALEB ACURIO GARCIA | E83: A | G83: A | S83: AA | U83: AA
B84: SERGIO JEREMY AGUIRRE MISIYAURI | E84: A | G84: A | L84: A | S84: A | U84: A | Z84: A | AB84: A | AF84: A | AH84: =SUM(C84:AG84) -> 0
B85: LEONARDO GHAEL AGUILAR DELGADO | E85: A | G85: AA | L85: A | N85: A | S85: A | Z85: AA | AB85: AA | AH85: =SUM(C85:AG85) -> 0
B86: JADEN BASTIEN RIOS YOMOND | D86: A | E86: A | F86: A | G86: A | H86: A | K86: A | M86: A | N86: A | O86: AA | Y86: A | AH86: =SUM(C86:AG86) -> 0
B87: JULIAN CORNEJO SANDOVAL | D87: A | H87: A | K87: A | R87: A | V87: A | W87: A | Y87: A | AD87: A | AF87: A
B88: GABRIEL CORNEJO SANDOVAL | D88: A | H88: A | K88: A | R88: A | V88: A | W88: A | Y88: A | AD88: A | AF88: A
B89: RODRIGO ALEJANDRO PALOMIO CAMPOS | F89: A | G89: A | M89: A | Z89: A | AA89: A | AB89: A
B90: CAMILA VALENTINA GÓMEZ GUAMAN | F90: A | L90: A | N90: A | W90: A | AA90: A | AC90: A
B91: LUKA SEBASTIAN PAVIC CONTRERAS | F91: A | N91: A | O91: A | S91: A | Z91: A | AB91: A
B92: LYAM ABRAHAM AMADEO RUIZ FERNANDEZ | F92: A | W92: A | AD92: A
B93: DANIELA AIATAMA CUEVA ZEVALLOS | G93: A | L93: A | T93: A | AB93: A | AC93: A
B94: LOLA SANCHEZ PINTO | G94: A | Y94: A | AA94: A | AB94: A | AD94: A
B95: ADRIEL ANDREW PAREJA MONTES | H95: A | O95: A | P95: A | V95: A | AC95: A
B96: MAURICIO STEFANO VILLANUEVA MONTAYA | O96: A | AD96: A
B97: AARON RICHARD ADRIAN CANAVAL FLORIAN | W97: A
B98: JOAQUIN IGNACIO CHUMBES ROMAN | AF98: A
B101: =Junio!MonthName&" Total" -> Junio Total
B103: Junio | C103: LITLLE WOLF 5:30 PM | AH103: =CalendarioAño -> 2025
C104: =TEXT(WEEKDAY(DATE(CalendarioAño,6,1),1),"ddd") -> dom | D104: =TEXT(WEEKDAY(DATE(CalendarioAño,6,2),1),"ddd") -> lun | E104: =TEXT(WEEKDAY(DATE(CalendarioAño,6,3),1),"ddd") -> mar | F104: =TEXT(WEEKDAY(DATE(CalendarioAño,6,4),1),"ddd") -> mié | G104: =TEXT(WEEKDAY(DATE(CalendarioAño,6,5),1),"ddd") -> jue | H104: =TEXT(WEEKDAY(DATE(CalendarioAño,6,6),1),"ddd") -> vie | I104: =TEXT(WEEKDAY(DATE(CalendarioAño,6,7),1),"ddd") -> sáb | J104: =TEXT(WEEKDAY(DATE(CalendarioAño,6,8),1),"ddd") -> dom | K104: =TEXT(WEEKDAY(DATE(CalendarioAño,6,9),1),"ddd") -> lun | L104: =TEXT(WEEKDAY(DATE(CalendarioAño,6,10),1),"ddd") -> mar | M104: =TEXT(WEEKDAY(DATE(CalendarioAño,6,11),1),"ddd") -> mié | N104: =TEXT(WEEKDAY(DATE(CalendarioAño,6,12),1),"ddd") -> jue | O104: =TEXT(WEEKDAY(DATE(CalendarioAño,6,13),1),"ddd") -> vie | P104: =TEXT(WEEKDAY(DATE(CalendarioAño,6,14),1),"ddd") -> sáb | Q104: =TEXT(WEEKDAY(DATE(CalendarioAño,6,15),1),"ddd") -> dom | R104: =TEXT(WEEKDAY(DATE(CalendarioAño,6,16),1),"ddd") -> lun | S104: =TEXT(WEEKDAY(DATE(CalendarioAño,6,17),1),"ddd") -> mar | T104: =TEXT(WEEKDAY(DATE(CalendarioAño,6,18),1),"ddd") -> mié | U104: =TEXT(WEEKDAY(DATE(CalendarioAño,6,19),1),"ddd") -> jue | V104: =TEXT(WEEKDAY(DATE(CalendarioAño,6,20),1),"ddd") -> vie | W104: =TEXT(WEEKDAY(DATE(CalendarioAño,6,21),1),"ddd") -> sáb | X104: =TEXT(WEEKDAY(DATE(CalendarioAño,6,22),1),"ddd") -> dom | Y104: =TEXT(WEEKDAY(DATE(CalendarioAño,6,23),1),"ddd") -> lun | Z104: =TEXT(WEEKDAY(DATE(CalendarioAño,6,24),1),"ddd") -> mar | AA104: =TEXT(WEEKDAY(DATE(CalendarioAño,6,25),1),"ddd") -> mié | AB104: =TEXT(WEEKDAY(DATE(CalendarioAño,6,26),1),"ddd") -> jue | AC104: =TEXT(WEEKDAY(DATE(CalendarioAño,6,27),1),"ddd") -> vie | AD104: =TEXT(WEEKDAY(DATE(CalendarioAño,6,28),1),"ddd") -> sáb | AE104: =TEXT(WEEKDAY(DATE(CalendarioAño,6,29),1),"ddd") -> dom | AF104: =TEXT(WEEKDAY(DATE(CalendarioAño,6,30),1),"ddd") -> lun
B105: Nombre del empleado | C105: 1 | D105: 2 | E105: 3 | F105: 4 | G105: 5 | H105: 6 | I105: 7 | J105: 8 | K105: 9 | L105: 10 | M105: 11 | N105: 12 | O105: 13 | P105: 14 | Q105: 15 | R105: 16 | S105: 17 | T105: 18 | U105: 19 | V105: 20 | W105: 21 | X105: 22 | Y105: 23 | Z105: 24 | AA105: 25 | AB105: 26 | AC105: 27 | AD105: 28 | AE105: 29 | AF105: 30 | AH105: Total de días
B106: LARA VELEZ PEREZ | E106: A | K106: A | L106: A | N106: A | U106: A | Z106: A | AB106: A
B107: ANTONELLA VICTORIA ALDANA CARLOS | D107: A | H107: A | M107: A | R107: A | S107: A | U107: A | V107: A
B108: MAXIMO DANIEL JAUREGUI DALAO | E108: A | G108: AA | AH108: =SUM(C108:AG108) -> 0
B109: RODRIGO THIAGO HUAROTO DE LA TORRE | E109: A | G109: A | L109: A | N109: A | S109: A | U109: A | Z109: A | AH109: =SUM(C109:AG109) -> 0
B110: VICTOR HAKIM RODRIGUEZ GOMEZ | F110: A | L110: A | M110: A | O110: A | T110: A | V110: A | AA110: A | AC110: A
B111: PIERO STEVEN AGUIRRE UCHASARA | F111: A | M111: A | T111: A | AA111: A | AH111: =SUM(C111:AG111) -> 0
B112: RAFAEL AYVAR CUEVA | F112: A | M112: A | T112: AA
B113: JULIAN GUTTIERREZ FIMETTi | H113: A | S113: A | AA113: A | AC113: A
B114: JARED EVARISTO GUIZADO MITMA | O114: A | W114: A
B115: ENRICO JOSE SAVOCA PONTIGGIA | O115: A | W115: A
B116: SPERANZA ALTEA SAVOCA PONTIGGIA | O116: A | W116: A
B117: JOSE ANGEL SECO ANGULO | R117: A | U117: A | Y117: A | AB117: A
B118: EVAN DIAZ AUCCAPUCLLA | V118: A | AA118: A | AC118: A
B119: BASTIAN ALESSIO GUTIERREZ CANCHO | AB119: A
B120: =Junio!MonthName&" Total" -> Junio Total
B122: Junio | C122: LITLLE WOLF 6:00 PM | AH122: =CalendarioAño -> 2025
C123: =TEXT(WEEKDAY(DATE(CalendarioAño,6,1),1),"ddd") -> dom | D123: =TEXT(WEEKDAY(DATE(CalendarioAño,6,2),1),"ddd") -> lun | E123: =TEXT(WEEKDAY(DATE(CalendarioAño,6,3),1),"ddd") -> mar | F123: =TEXT(WEEKDAY(DATE(CalendarioAño,6,4),1),"ddd") -> mié | G123: =TEXT(WEEKDAY(DATE(CalendarioAño,6,5),1),"ddd") -> jue | H123: =TEXT(WEEKDAY(DATE(CalendarioAño,6,6),1),"ddd") -> vie | I123: =TEXT(WEEKDAY(DATE(CalendarioAño,6,7),1),"ddd") -> sáb | J123: =TEXT(WEEKDAY(DATE(CalendarioAño,6,8),1),"ddd") -> dom | K123: =TEXT(WEEKDAY(DATE(CalendarioAño,6,9),1),"ddd") -> lun | L123: =TEXT(WEEKDAY(DATE(CalendarioAño,6,10),1),"ddd") -> mar | M123: =TEXT(WEEKDAY(DATE(CalendarioAño,6,11),1),"ddd") -> mié | N123: =TEXT(WEEKDAY(DATE(CalendarioAño,6,12),1),"ddd") -> jue | O123: =TEXT(WEEKDAY(DATE(CalendarioAño,6,13),1),"ddd") -> vie | P123: =TEXT(WEEKDAY(DATE(CalendarioAño,6,14),1),"ddd") -> sáb | Q123: =TEXT(WEEKDAY(DATE(CalendarioAño,6,15),1),"ddd") -> dom | R123: =TEXT(WEEKDAY(DATE(CalendarioAño,6,16),1),"ddd") -> lun | S123: =TEXT(WEEKDAY(DATE(CalendarioAño,6,17),1),"ddd") -> mar | T123: =TEXT(WEEKDAY(DATE(CalendarioAño,6,18),1),"ddd") -> mié | U123: =TEXT(WEEKDAY(DATE(CalendarioAño,6,19),1),"ddd") -> jue | V123: =TEXT(WEEKDAY(DATE(CalendarioAño,6,20),1),"ddd") -> vie | W123: =TEXT(WEEKDAY(DATE(CalendarioAño,6,21),1),"ddd") -> sáb | X123: =TEXT(WEEKDAY(DATE(CalendarioAño,6,22),1),"ddd") -> dom | Y123: =TEXT(WEEKDAY(DATE(CalendarioAño,6,23),1),"ddd") -> lun | Z123: =TEXT(WEEKDAY(DATE(CalendarioAño,6,24),1),"ddd") -> mar | AA123: =TEXT(WEEKDAY(DATE(CalendarioAño,6,25),1),"ddd") -> mié | AB123: =TEXT(WEEKDAY(DATE(CalendarioAño,6,26),1),"ddd") -> jue | AC123: =TEXT(WEEKDAY(DATE(CalendarioAño,6,27),1),"ddd") -> vie | AD123: =TEXT(WEEKDAY(DATE(CalendarioAño,6,28),1),"ddd") -> sáb | AE123: =TEXT(WEEKDAY(DATE(CalendarioAño,6,29),1),"ddd") -> dom | AF123: =TEXT(WEEKDAY(DATE(CalendarioAño,6,30),1),"ddd") -> lun
B124: Nombre del empleado | C124: 1 | D124: 2 | E124: 3 | F124: 4 | G124: 5 | H124: 6 | I124: 7 | J124: 8 | K124: 9 | L124: 10 | M124: 11 | N124: 12 | O124: 13 | P124: 14 | Q124: 15 | R124: 16 | S124: 17 | T124: 18 | U124: 19 | V124: 20 | W124: 21 | X124: 22 | Y124: 23 | Z124: 24 | AA124: 25 | AB124: 26 | AC124: 27 | AD124: 28 | AE124: 29 | AF124: 30 | AH124: Total de días
...

Sheet Julio
B1: ASISTENCIA DE ALUMNOS
B2: Claves de los tipos de Asistencia | C2: V | D2: Vacaciones | G2: P | H2: Personal | K2: A | L2: Asistencia | O2: R | P2: Recuperacion | T2: E | U2: Eventos
B4: Julio | C4: SUPER BABY WOLF 3:00 PM | AH4: =CalendarioAño -> 2025
C5: =TEXT(WEEKDAY(DATE(CalendarioAño,7,1),1),"ddd") -> mar | D5: =TEXT(WEEKDAY(DATE(CalendarioAño,7,2),1),"ddd") -> mié | E5: =TEXT(WEEKDAY(DATE(CalendarioAño,7,3),1),"ddd") -> jue | F5: =TEXT(WEEKDAY(DATE(CalendarioAño,7,4),1),"ddd") -> vie | G5: =TEXT(WEEKDAY(DATE(CalendarioAño,7,5),1),"ddd") -> sáb | H5: =TEXT(WEEKDAY(DATE(CalendarioAño,7,6),1),"ddd") -> dom | I5: =TEXT(WEEKDAY(DATE(CalendarioAño,7,7),1),"ddd") -> lun | J5: =TEXT(WEEKDAY(DATE(CalendarioAño,7,8),1),"ddd") -> mar | K5: =TEXT(WEEKDAY(DATE(CalendarioAño,7,9),1),"ddd") -> mié | L5: =TEXT(WEEKDAY(DATE(CalendarioAño,7,10),1),"ddd") -> jue | M5: =TEXT(WEEKDAY(DATE(CalendarioAño,7,11),1),"ddd") -> vie | N5: =TEXT(WEEKDAY(DATE(CalendarioAño,7,12),1),"ddd") -> sáb | O5: =TEXT(WEEKDAY(DATE(CalendarioAño,7,13),1),"ddd") -> dom | P5: =TEXT(WEEKDAY(DATE(CalendarioAño,7,14),1),"ddd") -> lun | Q5: =TEXT(WEEKDAY(DATE(CalendarioAño,7,15),1),"ddd") -> mar | R5: =TEXT(WEEKDAY(DATE(CalendarioAño,7,16),1),"ddd") -> mié | S5: =TEXT(WEEKDAY(DATE(CalendarioAño,7,17),1),"ddd") -> jue | T5: =TEXT(WEEKDAY(DATE(CalendarioAño,7,18),1),"ddd") -> vie | U5: =TEXT(WEEKDAY(DATE(CalendarioAño,7,19),1),"ddd") -> sáb | V5: =TEXT(WEEKDAY(DATE(CalendarioAño,7,20),1),"ddd") -> dom | W5: =TEXT(WEEKDAY(DATE(CalendarioAño,7,21),1),"ddd") -> lun | X5: =TEXT(WEEKDAY(DATE(CalendarioAño,7,22),1),"ddd") -> mar | Y5: =TEXT(WEEKDAY(DATE(CalendarioAño,7,23),1),"ddd") -> mié | Z5: =TEXT(WEEKDAY(DATE(CalendarioAño,7,24),1),"ddd") -> jue | AA5: =TEXT(WEEKDAY(DATE(CalendarioAño,7,25),1),"ddd") -> vie | AB5: =TEXT(WEEKDAY(DATE(CalendarioAño,7,26),1),"ddd") -> sáb | AC5: =TEXT(WEEKDAY(DATE(CalendarioAño,7,27),1),"ddd") -> dom | AD5: =TEXT(WEEKDAY(DATE(CalendarioAño,7,28),1),"ddd") -> lun | AE5: =TEXT(WEEKDAY(DATE(CalendarioAño,7,29),1),"ddd") -> mar | AF5: =TEXT(WEEKDAY(DATE(CalendarioAño,7,30),1),"ddd") -> mié | AG5: =TEXT(WEEKDAY(DATE(CalendarioAño,7,31),1),"ddd") -> jue
B6: Nombre del empleado | C6: 1 | D6: 2 | E6: 3 | F6: 4 | G6: 5 | H6: 6 | I6: 7 | J6: 8 | K6: 9 | L6: 10 | M6: 11 | N6: 12 | O6: 13 | P6: 14 | Q6: 15 | R6: 16 | S6: 17 | T6: 18 | U6: 19 | V6: 20 | W6: 21 | X6: 22 | Y6: 23 | Z6: 24 | AA6: 25 | AB6: 26 | AC6: 27 | AD6: 28 | AE6: 29 | AF6: 30 | AG6: 31 | AH6: Número total de días
B12: =Julio!MonthName&" Total" -> Julio Total
B14: Julio | C14: BABY WOLF 3:30 PM | AH14: =CalendarioAño -> 2025
C15: =TEXT(WEEKDAY(DATE(CalendarioAño,7,1),1),"ddd") -> mar | D15: =TEXT(WEEKDAY(DATE(CalendarioAño,7,2),1),"ddd") -> mié | E15: =TEXT(WEEKDAY(DATE(CalendarioAño,7,3),1),"ddd") -> jue | F15: =TEXT(WEEKDAY(DATE(CalendarioAño,7,4),1),"ddd") -> vie | G15: =TEXT(WEEKDAY(DATE(CalendarioAño,7,5),1),"ddd") -> sáb | H15: =TEXT(WEEKDAY(DATE(CalendarioAño,7,6),1),"ddd") -> dom | I15: =TEXT(WEEKDAY(DATE(CalendarioAño,7,7),1),"ddd") -> lun | J15: =TEXT(WEEKDAY(DATE(CalendarioAño,7,8),1),"ddd") -> mar | K15: =TEXT(WEEKDAY(DATE(CalendarioAño,7,9),1),"ddd") -> mié | L15: =TEXT(WEEKDAY(DATE(CalendarioAño,7,10),1),"ddd") -> jue | M15: =TEXT(WEEKDAY(DATE(CalendarioAño,7,11),1),"ddd") -> vie | N15: =TEXT(WEEKDAY(DATE(CalendarioAño,7,12),1),"ddd") -> sáb | O15: =TEXT(WEEKDAY(DATE(CalendarioAño,7,13),1),"ddd") -> dom | P15: =TEXT(WEEKDAY(DATE(CalendarioAño,7,14),1),"ddd") -> lun | Q15: =TEXT(WEEKDAY(DATE(CalendarioAño,7,15),1),"ddd") -> mar | R15: =TEXT(WEEKDAY(DATE(CalendarioAño,7,16),1),"ddd") -> mié | S15: =TEXT(WEEKDAY(DATE(CalendarioAño,7,17),1),"ddd") -> jue | T15: =TEXT(WEEKDAY(DATE(CalendarioAño,7,18),1),"ddd") -> vie | U15: =TEXT(WEEKDAY(DATE(CalendarioAño,7,19),1),"ddd") -> sáb | V15: =TEXT(WEEKDAY(DATE(CalendarioAño,7,20),1),"ddd") -> dom | W15: =TEXT(WEEKDAY(DATE(CalendarioAño,7,21),1),"ddd") -> lun | X15: =TEXT(WEEKDAY(DATE(CalendarioAño,7,22),1),"ddd") -> mar | Y15: =TEXT(WEEKDAY(DATE(CalendarioAño,7,23),1),"ddd") -> mié | Z15: =TEXT(WEEKDAY(DATE(CalendarioAño,7,24),1),"ddd") -> jue | AA15: =TEXT(WEEKDAY(DATE(CalendarioAño,7,25),1),"ddd") -> vie | AB15: =TEXT(WEEKDAY(DATE(CalendarioAño,7,26),1),"ddd") -> sáb | AC15: =TEXT(WEEKDAY(DATE(CalendarioAño,7,27),1),"ddd") -> dom | AD15: =TEXT(WEEKDAY(DATE(CalendarioAño,7,28),1),"ddd") -> lun | AE15: =TEXT(WEEKDAY(DATE(CalendarioAño,7,29),1),"ddd") -> mar | AF15: =TEXT(WEEKDAY(DATE(CalendarioAño,7,30),1),"ddd") -> mié | AG15: =TEXT(WEEKDAY(DATE(CalendarioAño,7,31),1),"ddd") -> jue
B16: Nombre del empleado | C16: 1 | D16: 2 | E16: 3 | F16: 4 | G16: 5 | H16: 6 | I16: 7 | J16: 8 | K16: 9 | L16: 10 | M16: 11 | N16: 12 | O16: 13 | P16: 14 | Q16: 15 | R16: 16 | S16: 17 | T16: 18 | U16: 19 | V16: 20 | W16: 21 | X16: 22 | Y16: 23 | Z16: 24 | AA16: 25 | AB16: 26 | AC16: 27 | AD16: 28 | AE16: 29 | AF16: 30 | AG16: 31 | AH16: Número total de días
B17: LUA GIANELLA RODRIGUEZ CASTRO | C17: A | E17: A | J17: A | L17: A | Q17: A | S17: A | X17: A | Z17: A | AG17: A
B18: ISABELLA QUISPE LUCAS | C18: A | E18: A | J18: A | L18: A | Q18: A | S18: A | X18: A | AA18: A | AG18: A
B19: VILMA GIORGINA PUMA ESTRADA | E19: A | J19: A | L19: A | Q19: A | S19: A | W19: A
B22: =Julio!MonthName&" Total" -> Julio Total
B24: Julio | C24: BABY WOLF 4:00 PM | AH24: =CalendarioAño -> 2025
C25: =TEXT(WEEKDAY(DATE(CalendarioAño,7,1),1),"ddd") -> mar | D25: =TEXT(WEEKDAY(DATE(CalendarioAño,7,2),1),"ddd") -> mié | E25: =TEXT(WEEKDAY(DATE(CalendarioAño,7,3),1),"ddd") -> jue | F25: =TEXT(WEEKDAY(DATE(CalendarioAño,7,4),1),"ddd") -> vie | G25: =TEXT(WEEKDAY(DATE(CalendarioAño,7,5),1),"ddd") -> sáb | H25: =TEXT(WEEKDAY(DATE(CalendarioAño,7,6),1),"ddd") -> dom | I25: =TEXT(WEEKDAY(DATE(CalendarioAño,7,7),1),"ddd") -> lun | J25: =TEXT(WEEKDAY(DATE(CalendarioAño,7,8),1),"ddd") -> mar | K25: =TEXT(WEEKDAY(DATE(CalendarioAño,7,9),1),"ddd") -> mié | L25: =TEXT(WEEKDAY(DATE(CalendarioAño,7,10),1),"ddd") -> jue | M25: =TEXT(WEEKDAY(DATE(CalendarioAño,7,11),1),"ddd") -> vie | N25: =TEXT(WEEKDAY(DATE(CalendarioAño,7,12),1),"ddd") -> sáb | O25: =TEXT(WEEKDAY(DATE(CalendarioAño,7,13),1),"ddd") -> dom | P25: =TEXT(WEEKDAY(DATE(CalendarioAño,7,14),1),"ddd") -> lun | Q25: =TEXT(WEEKDAY(DATE(CalendarioAño,7,15),1),"ddd") -> mar | R25: =TEXT(WEEKDAY(DATE(CalendarioAño,7,16),1),"ddd") -> mié | S25: =TEXT(WEEKDAY(DATE(CalendarioAño,7,17),1),"ddd") -> jue | T25: =TEXT(WEEKDAY(DATE(CalendarioAño,7,18),1),"ddd") -> vie | U25: =TEXT(WEEKDAY(DATE(CalendarioAño,7,19),1),"ddd") -> sáb | V25: =TEXT(WEEKDAY(DATE(CalendarioAño,7,20),1),"ddd") -> dom | W25: =TEXT(WEEKDAY(DATE(CalendarioAño,7,21),1),"ddd") -> lun | X25: =TEXT(WEEKDAY(DATE(CalendarioAño,7,22),1),"ddd") -> mar | Y25: =TEXT(WEEKDAY(DATE(CalendarioAño,7,23),1),"ddd") -> mié | Z25: =TEXT(WEEKDAY(DATE(CalendarioAño,7,24),1),"ddd") -> jue | AA25: =TEXT(WEEKDAY(DATE(CalendarioAño,7,25),1),"ddd") -> vie | AB25: =TEXT(WEEKDAY(DATE(CalendarioAño,7,26),1),"ddd") -> sáb | AC25: =TEXT(WEEKDAY(DATE(CalendarioAño,7,27),1),"ddd") -> dom | AD25: =TEXT(WEEKDAY(DATE(CalendarioAño,7,28),1),"ddd") -> lun | AE25: =TEXT(WEEKDAY(DATE(CalendarioAño,7,29),1),"ddd") -> mar | AF25: =TEXT(WEEKDAY(DATE(CalendarioAño,7,30),1),"ddd") -> mié | AG25: =TEXT(WEEKDAY(DATE(CalendarioAño,7,31),1),"ddd") -> jue
B26: Nombre del empleado | C26: 1 | D26: 2 | E26: 3 | F26: 4 | G26: 5 | H26: 6 | I26: 7 | J26: 8 | K26: 9 | L26: 10 | M26: 11 | N26: 12 | O26: 13 | P26: 14 | Q26: 15 | R26: 16 | S26: 17 | T26: 18 | U26: 19 | V26: 20 | W26: 21 | X26: 22 | Y26: 23 | Z26: 24 | AA26: 25 | AB26: 26 | AC26: 27 | AD26: 28 | AE26: 29 | AF26: 30 | AG26: 31 | AH26: Número total de días
B27: MARTIN CAO RUIXUAN RUIZ CHU | C27: A | F27: A | P27: A | W27: A
B28: DARIO DAVID FABIAN HERRERA | C28: A | M28: A | Q28: A
B29: NICOLAS ORDONEZ NORIEDA | D29: A | L29: A | M29: A | Q29: A | U29: A | X29: A | Z29: A | AG29: A
B30: FERNANDA CATALINA SOCA MEDRANO
B31: CALLIE IVANNA CALLIE IVANNA | F31: A | AA31: A
B32: NICOLAS SULLON ANDAGUA | F32: A | P32: A | W32: A | AA32: A
B33: RODRIGO CHISTIAN MORALES TARAZONA | U33: A | AF33: A
B35: =Julio!MonthName&" Total" -> Julio Total
B37: Julio | C37: BABY WOLF 4:30 PM | AH37: =CalendarioAño -> 2025
C38: =TEXT(WEEKDAY(DATE(CalendarioAño,7,1),1),"ddd") -> mar | D38: =TEXT(WEEKDAY(DATE(CalendarioAño,7,2),1),"ddd") -> mié | E38: =TEXT(WEEKDAY(DATE(CalendarioAño,7,3),1),"ddd") -> jue | F38: =TEXT(WEEKDAY(DATE(CalendarioAño,7,4),1),"ddd") -> vie | G38: =TEXT(WEEKDAY(DATE(CalendarioAño,7,5),1),"ddd") -> sáb | H38: =TEXT(WEEKDAY(DATE(CalendarioAño,7,6),1),"ddd") -> dom | I38: =TEXT(WEEKDAY(DATE(CalendarioAño,7,7),1),"ddd") -> lun | J38: =TEXT(WEEKDAY(DATE(CalendarioAño,7,8),1),"ddd") -> mar | K38: =TEXT(WEEKDAY(DATE(CalendarioAño,7,9),1),"ddd") -> mié | L38: =TEXT(WEEKDAY(DATE(CalendarioAño,7,10),1),"ddd") -> jue | M38: =TEXT(WEEKDAY(DATE(CalendarioAño,7,11),1),"ddd") -> vie | N38: =TEXT(WEEKDAY(DATE(CalendarioAño,7,12),1),"ddd") -> sáb | O38: =TEXT(WEEKDAY(DATE(CalendarioAño,7,13),1),"ddd") -> dom | P38: =TEXT(WEEKDAY(DATE(CalendarioAño,7,14),1),"ddd") -> lun | Q38: =TEXT(WEEKDAY(DATE(CalendarioAño,7,15),1),"ddd") -> mar | R38: =TEXT(WEEKDAY(DATE(CalendarioAño,7,16),1),"ddd") -> mié | S38: =TEXT(WEEKDAY(DATE(CalendarioAño,7,17),1),"ddd") -> jue | T38: =TEXT(WEEKDAY(DATE(CalendarioAño,7,18),1),"ddd") -> vie | U38: =TEXT(WEEKDAY(DATE(CalendarioAño,7,19),1),"ddd") -> sáb | V38: =TEXT(WEEKDAY(DATE(CalendarioAño,7,20),1),"ddd") -> dom | W38: =TEXT(WEEKDAY(DATE(CalendarioAño,7,21),1),"ddd") -> lun | X38: =TEXT(WEEKDAY(DATE(CalendarioAño,7,22),1),"ddd") -> mar | Y38: =TEXT(WEEKDAY(DATE(CalendarioAño,7,23),1),"ddd") -> mié | Z38: =TEXT(WEEKDAY(DATE(CalendarioAño,7,24),1),"ddd") -> jue | AA38: =TEXT(WEEKDAY(DATE(CalendarioAño,7,25),1),"ddd") -> vie | AB38: =TEXT(WEEKDAY(DATE(CalendarioAño,7,26),1),"ddd") -> sáb | AC38: =TEXT(WEEKDAY(DATE(CalendarioAño,7,27),1),"ddd") -> dom | AD38: =TEXT(WEEKDAY(DATE(CalendarioAño,7,28),1),"ddd") -> lun | AE38: =TEXT(WEEKDAY(DATE(CalendarioAño,7,29),1),"ddd") -> mar | AF38: =TEXT(WEEKDAY(DATE(CalendarioAño,7,30),1),"ddd") -> mié | AG38: =TEXT(WEEKDAY(DATE(CalendarioAño,7,31),1),"ddd") -> jue
B39: Nombre del empleado | C39: 1 | D39: 2 | E39: 3 | F39: 4 | G39: 5 | H39: 6 | I39: 7 | J39: 8 | K39: 9 | L39: 10 | M39: 11 | N39: 12 | O39: 13 | P39: 14 | Q39: 15 | R39: 16 | S39: 17 | T39: 18 | U39: 19 | V39: 20 | W39: 21 | X39: 22 | Y39: 23 | Z39: 24 | AA39: 25 | AB39: 26 | AC39: 27 | AD39: 28 | AE39: 29 | AF39: 30 | AG39: 31 | AH39: Número total de días
B40: ALESSIO VEGARA EZETA | C40: A | E40: A | F40: A | J40: A | S40: A | U40: A | Z40: A
B41: DANIELA VERONICA TEJADA YATA | C41: A | J41: A | AA41: A
B42: EMANUEL DAVID RIVAS PEATAN | C42: A | S42: A | U42: A | X42: A
B43: ALMA ISABELA CASTILLO MENDOZA | C43: A | D43: A | E43: A | F43: A | J43: A | Q43: A | S43: A | X43: A
B44: JOSE ANDRES VELIZ HAYTA | C44: A | F44: A | J44: A | U44: A | AA44: A
B45: PIA VALENTINA TORERO MERINO | C45: A | E45: A | F45: A | J45: A | L45: A | M45: A
B46: MARIA FERNANDA CALDERON
B47: ALEC REYES KROLL | D47: A
B48: CAMILO ROSARIO | D48: A | F48: A | M48: A | U48: A
B49: VASCO DIAZ TAPIA | D49: A | AF49: A
B50: ALBERTO HUARSUCA RAMIREZ | E50: A | Q50: A
B51: LIAM GAEL PABLO CUEVA | E51: A | L51: A | Q51: A | S51: A
B52: CAMILA MAUREEN GARCIA VEGA | E52: A | F52: AA | J52: A | P52: A | X52: A | AF52: A
B53: MATTEO AUGUSTO RIVAS MERINO | J53: A | L53: A | Q53: A | X53: A | Z53: A | AG53: A
B54: GALA GUTTIERREZ FIMETTi | J54: A | L54: A | Q54: A | S54: A | X54: A | Z54: A | AF54: A
B55: ELIAS LEONARDO AISPIN CAYCHO | J55: A | M55: A | P55: A | U55: A | Z55: A | AA55: A | AF55: A
B56: MARCELA VICTORIA GIRALDO RAMIREZ | L56: A | S56: A | U56: A | AA56: A | AG56: A
B57: LUCAS BOLAÑOS GUTIERREZ | F57: A | M57: A | U57: A | AA57: A
B58: SOPHIE GABRIELLE VALENTINA ALBITES QUIROZ
B59: ISABELLA VALENTINA GUINEA CERDAN | S59: A | Z59: A | AG59: A
B60: FABRIZIO MIGUEL ASTORGA CASTRO | U60: A | AF60: A | AG60: A
B63: =Julio!MonthName&" Total" -> Julio Total
B65: Julio | C65: LITLLE WOLF 5:00 PM | AH65: =CalendarioAño -> 2025
C66: =TEXT(WEEKDAY(DATE(CalendarioAño,7,1),1),"ddd") -> mar | D66: =TEXT(WEEKDAY(DATE(CalendarioAño,7,2),1),"ddd") -> mié | E66: =TEXT(WEEKDAY(DATE(CalendarioAño,7,3),1),"ddd") -> jue | F66: =TEXT(WEEKDAY(DATE(CalendarioAño,7,4),1),"ddd") -> vie | G66: =TEXT(WEEKDAY(DATE(CalendarioAño,7,5),1),"ddd") -> sáb | H66: =TEXT(WEEKDAY(DATE(CalendarioAño,7,6),1),"ddd") -> dom | I66: =TEXT(WEEKDAY(DATE(CalendarioAño,7,7),1),"ddd") -> lun | J66: =TEXT(WEEKDAY(DATE(CalendarioAño,7,8),1),"ddd") -> mar | K66: =TEXT(WEEKDAY(DATE(CalendarioAño,7,9),1),"ddd") -> mié | L66: =TEXT(WEEKDAY(DATE(CalendarioAño,7,10),1),"ddd") -> jue | M66: =TEXT(WEEKDAY(DATE(CalendarioAño,7,11),1),"ddd") -> vie | N66: =TEXT(WEEKDAY(DATE(CalendarioAño,7,12),1),"ddd") -> sáb | O66: =TEXT(WEEKDAY(DATE(CalendarioAño,7,13),1),"ddd") -> dom | P66: =TEXT(WEEKDAY(DATE(CalendarioAño,7,14),1),"ddd") -> lun | Q66: =TEXT(WEEKDAY(DATE(CalendarioAño,7,15),1),"ddd") -> mar | R66: =TEXT(WEEKDAY(DATE(CalendarioAño,7,16),1),"ddd") -> mié | S66: =TEXT(WEEKDAY(DATE(CalendarioAño,7,17),1),"ddd") -> jue | T66: =TEXT(WEEKDAY(DATE(CalendarioAño,7,18),1),"ddd") -> vie | U66: =TEXT(WEEKDAY(DATE(CalendarioAño,7,19),1),"ddd") -> sáb | V66: =TEXT(WEEKDAY(DATE(CalendarioAño,7,20),1),"ddd") -> dom | W66: =TEXT(WEEKDAY(DATE(CalendarioAño,7,21),1),"ddd") -> lun | X66: =TEXT(WEEKDAY(DATE(CalendarioAño,7,22),1),"ddd") -> mar | Y66: =TEXT(WEEKDAY(DATE(CalendarioAño,7,23),1),"ddd") -> mié | Z66: =TEXT(WEEKDAY(DATE(CalendarioAño,7,24),1),"ddd") -> jue | AA66: =TEXT(WEEKDAY(DATE(CalendarioAño,7,25),1),"ddd") -> vie | AB66: =TEXT(WEEKDAY(DATE(CalendarioAño,7,26),1),"ddd") -> sáb | AC66: =TEXT(WEEKDAY(DATE(CalendarioAño,7,27),1),"ddd") -> dom | AD66: =TEXT(WEEKDAY(DATE(CalendarioAño,7,28),1),"ddd") -> lun | AE66: =TEXT(WEEKDAY(DATE(CalendarioAño,7,29),1),"ddd") -> mar | AF66: =TEXT(WEEKDAY(DATE(CalendarioAño,7,30),1),"ddd") -> mié | AG66: =TEXT(WEEKDAY(DATE(CalendarioAño,7,31),1),"ddd") -> jue
B67: Nombre del empleado | C67: 1 | D67: 2 | E67: 3 | F67: 4 | G67: 5 | H67: 6 | I67: 7 | J67: 8 | K67: 9 | L67: 10 | M67: 11 | N67: 12 | O67: 13 | P67: 14 | Q67: 15 | R67: 16 | S67: 17 | T67: 18 | U67: 19 | V67: 20 | W67: 21 | X67: 22 | Y67: 23 | Z67: 24 | AA67: 25 | AB67: 26 | AC67: 27 | AD67: 28 | AE67: 29 | AF67: 30 | AG67: 31 | AH67: Número total de días
B68: ADRIANA ARANDA GUEVARA | C68: A | E68: A | J68: A | L68: A | Q68: A | S68: A | Z68: A | AG68: A
B69: CAMILA VALENTINA GÓMEZ GUAMAN | C69: A | E69: A | F69: A | J69: A | P69: A | Q69: A | X69: A | Z69: A | AG69: A
B70: RODRIGO ALEJANDRO PALOMIO CAMPOS | C70: A | D70: A | F70: A | Q70: A | S70: A | X70: A | AG70: A
B71: SERGIO JEREMY AGUIRRE MISIYAURI | C71: A | F71: A | Q71: A | S71: A | X71: A | Z71: A
B72: EMILIANO ALONSO CHIA ROMAN | C72: A | D72: A | F72: A | J72: A | M72: A | P72: A | Q72: A | X72: A | AF72: A
B73: ISABELLA VALENTINA GUINEA CERDAN | C73: A | X73: A
B74: SANTIAGO IGNACIO DE JESUS ROJAS CUYUBAMBA | C74: A | D74: A | E74: A | L74: A | S74: A | U74: A | AF74: A | AG74: A
B75: ANTONELLA ESPERANZA OLANO CONTRERAS | D75: AA | F75: A | J75: A | P75: A | Q75: A | S75: A | W75: A | Z75: A | AF75: A | AG75: A
B76: LOLA SANCHEZ PINTO | D76: A | F76: A
B77: JADEN BASTIEN RIOS YOMOND | D77: A | F77: A | M77: A | AA77: A
B78: DANIELA AIATAMA CUEVA ZEVALLOS | D78: A | E78: AA | J78: A
B79: JULIAN CORNEJO SANDOVAL | F79: A | P79: A | W79: A | AA79: A
B80: GABRIEL CORNEJO SANDOVAL | F80: A | P80: A | W80: A | AA80: A
B81: ALEXANDER ANDRE ROMERO ROJAS | F81: A | P81: A | W81: A | AF81: A
B82: EVAN DIAZ AUCCAPUCLLA | M82: A | AA82: A | AF82: A
B83: DANIELA VERONICA TEJADA YATA | P83: A | Q83: A | X83: A
B86: =Julio!MonthName&" Total" -> Julio Total
B88: Julio | C88: LITTLE WOLF 5:30 PM | AH88: =CalendarioAño -> 2025
C89: =TEXT(WEEKDAY(DATE(CalendarioAño,7,1),1),"ddd") -> mar | D89: =TEXT(WEEKDAY(DATE(CalendarioAño,7,2),1),"ddd") -> mié | E89: =TEXT(WEEKDAY(DATE(CalendarioAño,7,3),1),"ddd") -> jue | F89: =TEXT(WEEKDAY(DATE(CalendarioAño,7,4),1),"ddd") -> vie | G89: =TEXT(WEEKDAY(DATE(CalendarioAño,7,5),1),"ddd") -> sáb | H89: =TEXT(WEEKDAY(DATE(CalendarioAño,7,6),1),"ddd") -> dom | I89: =TEXT(WEEKDAY(DATE(CalendarioAño,7,7),1),"ddd") -> lun | J89: =TEXT(WEEKDAY(DATE(CalendarioAño,7,8),1),"ddd") -> mar | K89: =TEXT(WEEKDAY(DATE(CalendarioAño,7,9),1),"ddd") -> mié | L89: =TEXT(WEEKDAY(DATE(CalendarioAño,7,10),1),"ddd") -> jue | M89: =TEXT(WEEKDAY(DATE(CalendarioAño,7,11),1),"ddd") -> vie | N89: =TEXT(WEEKDAY(DATE(CalendarioAño,7,12),1),"ddd") -> sáb | O89: =TEXT(WEEKDAY(DATE(CalendarioAño,7,13),1),"ddd") -> dom | P89: =TEXT(WEEKDAY(DATE(CalendarioAño,7,14),1),"ddd") -> lun | Q89: =TEXT(WEEKDAY(DATE(CalendarioAño,7,15),1),"ddd") -> mar | R89: =TEXT(WEEKDAY(DATE(CalendarioAño,7,16),1),"ddd") -> mié | S89: =TEXT(WEEKDAY(DATE(CalendarioAño,7,17),1),"ddd") -> jue | T89: =TEXT(WEEKDAY(DATE(CalendarioAño,7,18),1),"ddd") -> vie | U89: =TEXT(WEEKDAY(DATE(CalendarioAño,7,19),1),"ddd") -> sáb | V89: =TEXT(WEEKDAY(DATE(CalendarioAño,7,20),1),"ddd") -> dom | W89: =TEXT(WEEKDAY(DATE(CalendarioAño,7,21),1),"ddd") -> lun | X89: =TEXT(WEEKDAY(DATE(CalendarioAño,7,22),1),"ddd") -> mar | Y89: =TEXT(WEEKDAY(DATE(CalendarioAño,7,23),1),"ddd") -> mié | Z89: =TEXT(WEEKDAY(DATE(CalendarioAño,7,24),1),"ddd") -> jue | AA89: =TEXT(WEEKDAY(DATE(CalendarioAño,7,25),1),"ddd") -> vie | AB89: =TEXT(WEEKDAY(DATE(CalendarioAño,7,26),1),"ddd") -> sáb | AC89: =TEXT(WEEKDAY(DATE(CalendarioAño,7,27),1),"ddd") -> dom | AD89: =TEXT(WEEKDAY(DATE(CalendarioAño,7,28),1),"ddd") -> lun | AE89: =TEXT(WEEKDAY(DATE(CalendarioAño,7,29),1),"ddd") -> mar | AF89: =TEXT(WEEKDAY(DATE(CalendarioAño,7,30),1),"ddd") -> mié | AG89: =TEXT(WEEKDAY(DATE(CalendarioAño,7,31),1),"ddd") -> jue
B90: Nombre del empleado | C90: 1 | D90: 2 | E90: 3 | F90: 4 | G90: 5 | H90: 6 | I90: 7 | J90: 8 | K90: 9 | L90: 10 | M90: 11 | N90: 12 | O90: 13 | P90: 14 | Q90: 15 | R90: 16 | S90: 17 | T90: 18 | U90: 19 | V90: 20 | W90: 21 | X90: 22 | Y90: 23 | Z90: 24 | AA90: 25 | AB90: 26 | AC90: 27 | AD90: 28 | AE90: 29 | AF90: 30 | AG90: 31 | AH90: Número total de días
B91: VICTOR HAKIM RODRIGUEZ GOMEZ | D91: A | J91: A | M91: A
B92: PIERO STEVEN AGUIRRE UCHASARA | D92: A
B93: GAEL KHALEB ACURIO GARCIA | D93: AA | E93: AA | Q93: A
B94: RAFAEL AYVAR CUEVA | D94: AA | F94: A | L94: A | M94: A | Z94: A | AF94: A
B95: LEONARDO GHAEL AGUILAR DELGADO | D95: A | E95: A | J95: A | L95: A | S95: A | X95: A | Z95: A | AF95: A
B96: LUKA SEBASTIAN PAVIC CONTRERAS | E96: A | J96: A | M96: A | P96: A | S96: A | AA96: A | AF96: A | AG96: A
B97: BASTIAN ALESSIO GUTIERREZ CANCHO | E97: A | J97: A | X97: A | Z97: A
B98: KEYLER AZAEL TOBAODA CORDOVA | F98: A | J98: A | M98: A | Q98: A | W98: A | AA98: A | AF98: A
B99: ADRIEL ANDREW PAREJA MONTES | F99: A | M99: A | U99: A | AA99: A
B100: SPERANZA ALTEA SAVOCA PONTIGGIA | U100: A
B101: ENRICO JOSE SAVOCA PONTIGGIA | U101: A
B102: AARON RICHARD ADRIAN CANAVAL FLORIAN | U102: A
B103: ZULEBY SEQUEIROS CANO | AA103: A | AF103: A
B104: ABRIL CANO VEGA | AF104: A
B106: =Julio!MonthName&" Total" -> Julio Total
B108: Julio | C108: LITTlE WOLF 6:00 PM | AH108: =CalendarioAño -> 2025
C109: =TEXT(WEEKDAY(DATE(CalendarioAño,7,1),1),"ddd") -> mar | D109: =TEXT(WEEKDAY(DATE(CalendarioAño,7,2),1),"ddd") -> mié | E109: =TEXT(WEEKDAY(DATE(CalendarioAño,7,3),1),"ddd") -> jue | F109: =TEXT(WEEKDAY(DATE(CalendarioAño,7,4),1),"ddd") -> vie | G109: =TEXT(WEEKDAY(DATE(CalendarioAño,7,5),1),"ddd") -> sáb | H109: =TEXT(WEEKDAY(DATE(CalendarioAño,7,6),1),"ddd") -> dom | I109: =TEXT(WEEKDAY(DATE(CalendarioAño,7,7),1),"ddd") -> lun | J109: =TEXT(WEEKDAY(DATE(CalendarioAño,7,8),1),"ddd") -> mar | K109: =TEXT(WEEKDAY(DATE(CalendarioAño,7,9),1),"ddd") -> mié | L109: =TEXT(WEEKDAY(DATE(CalendarioAño,7,10),1),"ddd") -> jue | M109: =TEXT(WEEKDAY(DATE(CalendarioAño,7,11),1),"ddd") -> vie | N109: =TEXT(WEEKDAY(DATE(CalendarioAño,7,12),1),"ddd") -> sáb | O109: =TEXT(WEEKDAY(DATE(CalendarioAño,7,13),1),"ddd") -> dom | P109: =TEXT(WEEKDAY(DATE(CalendarioAño,7,14),1),"ddd") -> lun | Q109: =TEXT(WEEKDAY(DATE(CalendarioAño,7,15),1),"ddd") -> mar | R109: =TEXT(WEEKDAY(DATE(CalendarioAño,7,16),1),"ddd") -> mié | S109: =TEXT(WEEKDAY(DATE(CalendarioAño,7,17),1),"ddd") -> jue | T109: =TEXT(WEEKDAY(DATE(CalendarioAño,7,18),1),"ddd") -> vie | U109: =TEXT(WEEKDAY(DATE(CalendarioAño,7,19),1),"ddd") -> sáb | V109: =TEXT(WEEKDAY(DATE(CalendarioAño,7,20),1),"ddd") -> dom | W109: =TEXT(WEEKDAY(DATE(CalendarioAño,7,21),1),"ddd") -> lun | X109: =TEXT(WEEKDAY(DATE(CalendarioAño,7,22),1),"ddd") -> mar | Y109: =TEXT(WEEKDAY(DATE(CalendarioAño,7,23),1),"ddd") -> mié | Z109: =TEXT(WEEKDAY(DATE(CalendarioAño,7,24),1),"ddd") -> jue | AA109: =TEXT(WEEKDAY(DATE(CalendarioAño,7,25),1),"ddd") -> vie | AB109: =TEXT(WEEKDAY(DATE(CalendarioAño,7,26),1),"ddd") -> sáb | AC109: =TEXT(WEEKDAY(DATE(CalendarioAño,7,27),1),"ddd") -> dom | AD109: =TEXT(WEEKDAY(DATE(CalendarioAño,7,28),1),"ddd") -> lun | AE109: =TEXT(WEEKDAY(DATE(CalendarioAño,7,29),1),"ddd") -> mar | AF109: =TEXT(WEEKDAY(DATE(CalendarioAño,7,30),1),"ddd") -> mié | AG109: =TEXT(WEEKDAY(DATE(CalendarioAño,7,31),1),"ddd") -> jue
B110: Nombre del empleado | C110: 1 | D110: 2 | E110: 3 | F110: 4 | G110: 5 | H110: 6 | I110: 7 | J110: 8 | K110: 9 | L110: 10 | M110: 11 | N110: 12 | O110: 13 | P110: 14 | Q110: 15 | R110: 16 | S110: 17 | T110: 18 | U110: 19 | V110: 20 | W110: 21 | X110: 22 | Y110: 23 | Z110: 24 | AA110: 25 | AB110: 26 | AC110: 27 | AD110: 28 | AE110: 29 | AF110: 30 | AG110: 31 | AH110: Número total de días
B111: DAVE GERALD SALOME YAURI | E111: A | J111: A | L111: A | Q111: A
B112: GAEL ADRIEZ LUNA QUISPE | E112: A | L112: A | P112: A | Z112: A | AG112: A
B113: RODRIGO THIAGO HUAROTO DE LA TORRE | E113: A | J113: A | L113: A | P113: A | Q113: A
B114: LARA VELEZ PEREZ | E114: A | J114: A | L114: A | S114: A | Z114: A | AG114: A
B115: JOSE ANGEL SECO ANGULO | E115: A | P115: A | Q115: A | S115: A | W115: A | Z115: A
B116: JARED EVARISTO GUIZADO MITMA | E116: A | L116: A | S116: A
B117: MIA AITHANA ROSSELL MECCA | J117: A | P117: A | S117: A
B118: JULIAN GUTTIERREZ FIMETTi | J118: A | Q118: A | S118: A | W118: A | AF118: A
B119: IAN JADIEZ LEZAMA OJANAMA | F119: A | M119: A | AA119: A
B120: VALENTINA ROSARIO CABRERA | F120: A | M120: A
...

Sheet Agosto
B1: ASISTENCIA DE ALUMNOS
B2: Claves de los tipos de Asistencia | C2: V | D2: Vacaciones | G2: P | H2: Personal | K2: A | O2: R | P2: Recuperacion | T2: E | U2: Eventos
B4: Agosto | C4: SUPER BABY WOLF 3:00 PM | AH4: =CalendarioAño -> 2025
C5: =TEXT(WEEKDAY(DATE(CalendarioAño,8,1),1),"ddd") -> vie | D5: =TEXT(WEEKDAY(DATE(CalendarioAño,8,2),1),"ddd") -> sáb | E5: =TEXT(WEEKDAY(DATE(CalendarioAño,8,3),1),"ddd") -> dom | F5: =TEXT(WEEKDAY(DATE(CalendarioAño,8,4),1),"ddd") -> lun | G5: =TEXT(WEEKDAY(DATE(CalendarioAño,8,5),1),"ddd") -> mar | H5: =TEXT(WEEKDAY(DATE(CalendarioAño,8,6),1),"ddd") -> mié | I5: =TEXT(WEEKDAY(DATE(CalendarioAño,8,7),1),"ddd") -> jue | J5: =TEXT(WEEKDAY(DATE(CalendarioAño,8,8),1),"ddd") -> vie | K5: =TEXT(WEEKDAY(DATE(CalendarioAño,8,9),1),"ddd") -> sáb | L5: =TEXT(WEEKDAY(DATE(CalendarioAño,8,10),1),"ddd") -> dom | M5: =TEXT(WEEKDAY(DATE(CalendarioAño,8,11),1),"ddd") -> lun | N5: =TEXT(WEEKDAY(DATE(CalendarioAño,8,12),1),"ddd") -> mar | O5: =TEXT(WEEKDAY(DATE(CalendarioAño,8,13),1),"ddd") -> mié | P5: =TEXT(WEEKDAY(DATE(CalendarioAño,8,14),1),"ddd") -> jue | Q5: =TEXT(WEEKDAY(DATE(CalendarioAño,8,15),1),"ddd") -> vie | R5: =TEXT(WEEKDAY(DATE(CalendarioAño,8,16),1),"ddd") -> sáb | S5: =TEXT(WEEKDAY(DATE(CalendarioAño,8,17),1),"ddd") -> dom | T5: =TEXT(WEEKDAY(DATE(CalendarioAño,8,18),1),"ddd") -> lun | U5: =TEXT(WEEKDAY(DATE(CalendarioAño,8,19),1),"ddd") -> mar | V5: =TEXT(WEEKDAY(DATE(CalendarioAño,8,20),1),"ddd") -> mié | W5: =TEXT(WEEKDAY(DATE(CalendarioAño,8,21),1),"ddd") -> jue | X5: =TEXT(WEEKDAY(DATE(CalendarioAño,8,22),1),"ddd") -> vie | Y5: =TEXT(WEEKDAY(DATE(CalendarioAño,8,23),1),"ddd") -> sáb | Z5: =TEXT(WEEKDAY(DATE(CalendarioAño,8,24),1),"ddd") -> dom | AA5: =TEXT(WEEKDAY(DATE(CalendarioAño,8,25),1),"ddd") -> lun | AB5: =TEXT(WEEKDAY(DATE(CalendarioAño,8,26),1),"ddd") -> mar | AC5: =TEXT(WEEKDAY(DATE(CalendarioAño,8,27),1),"ddd") -> mié | AD5: =TEXT(WEEKDAY(DATE(CalendarioAño,8,28),1),"ddd") -> jue | AE5: =TEXT(WEEKDAY(DATE(CalendarioAño,8,29),1),"ddd") -> vie | AF5: =TEXT(WEEKDAY(DATE(CalendarioAño,8,30),1),"ddd") -> sáb | AG5: =TEXT(WEEKDAY(DATE(CalendarioAño,8,31),1),"ddd") -> dom
B6: Nombre del empleado | C6: 1 | D6: 2 | E6: 3 | F6: 4 | G6: 5 | H6: 6 | I6: 7 | J6: 8 | K6: 9 | L6: 10 | M6: 11 | N6: 12 | O6: 13 | P6: 14 | Q6: 15 | R6: 16 | S6: 17 | T6: 18 | U6: 19 | V6: 20 | W6: 21 | X6: 22 | Y6: 23 | Z6: 24 | AA6: 25 | AB6: 26 | AC6: 27 | AD6: 28 | AE6: 29 | AF6: 30 | AG6: 31 | AH6: Número total de días
B12: =Agosto!MonthName&" Total" -> Agosto Total
B14: Agosto | C14: BABY WOLF 3:30 PM | AH14: =CalendarioAño -> 2025
C15: =TEXT(WEEKDAY(DATE(CalendarioAño,8,1),1),"ddd") -> vie | D15: =TEXT(WEEKDAY(DATE(CalendarioAño,8,2),1),"ddd") -> sáb | E15: =TEXT(WEEKDAY(DATE(CalendarioAño,8,3),1),"ddd") -> dom | F15: =TEXT(WEEKDAY(DATE(CalendarioAño,8,4),1),"ddd") -> lun | G15: =TEXT(WEEKDAY(DATE(CalendarioAño,8,5),1),"ddd") -> mar | H15: =TEXT(WEEKDAY(DATE(CalendarioAño,8,6),1),"ddd") -> mié | I15: =TEXT(WEEKDAY(DATE(CalendarioAño,8,7),1),"ddd") -> jue | J15: =TEXT(WEEKDAY(DATE(CalendarioAño,8,8),1),"ddd") -> vie | K15: =TEXT(WEEKDAY(DATE(CalendarioAño,8,9),1),"ddd") -> sáb | L15: =TEXT(WEEKDAY(DATE(CalendarioAño,8,10),1),"ddd") -> dom | M15: =TEXT(WEEKDAY(DATE(CalendarioAño,8,11),1),"ddd") -> lun | N15: =TEXT(WEEKDAY(DATE(CalendarioAño,8,12),1),"ddd") -> mar | O15: =TEXT(WEEKDAY(DATE(CalendarioAño,8,13),1),"ddd") -> mié | P15: =TEXT(WEEKDAY(DATE(CalendarioAño,8,14),1),"ddd") -> jue | Q15: =TEXT(WEEKDAY(DATE(CalendarioAño,8,15),1),"ddd") -> vie | R15: =TEXT(WEEKDAY(DATE(CalendarioAño,8,16),1),"ddd") -> sáb | S15: =TEXT(WEEKDAY(DATE(CalendarioAño,8,17),1),"ddd") -> dom | T15: =TEXT(WEEKDAY(DATE(CalendarioAño,8,18),1),"ddd") -> lun | U15: =TEXT(WEEKDAY(DATE(CalendarioAño,8,19),1),"ddd") -> mar | V15: =TEXT(WEEKDAY(DATE(CalendarioAño,8,20),1),"ddd") -> mié | W15: =TEXT(WEEKDAY(DATE(CalendarioAño,8,21),1),"ddd") -> jue | X15: =TEXT(WEEKDAY(DATE(CalendarioAño,8,22),1),"ddd") -> vie | Y15: =TEXT(WEEKDAY(DATE(CalendarioAño,8,23),1),"ddd") -> sáb | Z15: =TEXT(WEEKDAY(DATE(CalendarioAño,8,24),1),"ddd") -> dom | AA15: =TEXT(WEEKDAY(DATE(CalendarioAño,8,25),1),"ddd") -> lun | AB15: =TEXT(WEEKDAY(DATE(CalendarioAño,8,26),1),"ddd") -> mar | AC15: =TEXT(WEEKDAY(DATE(CalendarioAño,8,27),1),"ddd") -> mié | AD15: =TEXT(WEEKDAY(DATE(CalendarioAño,8,28),1),"ddd") -> jue | AE15: =TEXT(WEEKDAY(DATE(CalendarioAño,8,29),1),"ddd") -> vie | AF15: =TEXT(WEEKDAY(DATE(CalendarioAño,8,30),1),"ddd") -> sáb | AG15: =TEXT(WEEKDAY(DATE(CalendarioAño,8,31),1),"ddd") -> dom
B16: Nombre del empleado | C16: 1 | D16: 2 | E16: 3 | F16: 4 | G16: 5 | H16: 6 | I16: 7 | J16: 8 | K16: 9 | L16: 10 | M16: 11 | N16: 12 | O16: 13 | P16: 14 | Q16: 15 | R16: 16 | S16: 17 | T16: 18 | U16: 19 | V16: 20 | W16: 21 | X16: 22 | Y16: 23 | Z16: 24 | AA16: 25 | AB16: 26 | AC16: 27 | AD16: 28 | AE16: 29 | AF16: 30 | AG16: 31 | AH16: Número total de días
B17: ISABELLA QUISPE LUCAS | G17: A | I17: A | N17: A | U17: A | W17: A | AB17: A | AD17: A
B18: LUA GIANELLA RODRIGUEZ CASTRO | G18: A | I18: A | P18: A | AB18: A | AD18: A
B19: MARTIN CAO RUIXUAN RUIZ CHU | G19: A | N19: A | O19: A | R19: A | T19: A | AD19: A | AE19: A
B20: VILMA GIORGINA PUMA ESTRADA | I20: A | N20: A | AB20: A | AD20: A
B22: =Agosto!MonthName&" Total" -> Agosto Total
B24: Agosto | C24: BABY WOLF 4:00 PM | AH24: =CalendarioAño -> 2025
C25: =TEXT(WEEKDAY(DATE(CalendarioAño,8,1),1),"ddd") -> vie | D25: =TEXT(WEEKDAY(DATE(CalendarioAño,8,2),1),"ddd") -> sáb | E25: =TEXT(WEEKDAY(DATE(CalendarioAño,8,3),1),"ddd") -> dom | F25: =TEXT(WEEKDAY(DATE(CalendarioAño,8,4),1),"ddd") -> lun | G25: =TEXT(WEEKDAY(DATE(CalendarioAño,8,5),1),"ddd") -> mar | H25: =TEXT(WEEKDAY(DATE(CalendarioAño,8,6),1),"ddd") -> mié | I25: =TEXT(WEEKDAY(DATE(CalendarioAño,8,7),1),"ddd") -> jue | J25: =TEXT(WEEKDAY(DATE(CalendarioAño,8,8),1),"ddd") -> vie | K25: =TEXT(WEEKDAY(DATE(CalendarioAño,8,9),1),"ddd") -> sáb | L25: =TEXT(WEEKDAY(DATE(CalendarioAño,8,10),1),"ddd") -> dom | M25: =TEXT(WEEKDAY(DATE(CalendarioAño,8,11),1),"ddd") -> lun | N25: =TEXT(WEEKDAY(DATE(CalendarioAño,8,12),1),"ddd") -> mar | O25: =TEXT(WEEKDAY(DATE(CalendarioAño,8,13),1),"ddd") -> mié | P25: =TEXT(WEEKDAY(DATE(CalendarioAño,8,14),1),"ddd") -> jue | Q25: =TEXT(WEEKDAY(DATE(CalendarioAño,8,15),1),"ddd") -> vie | R25: =TEXT(WEEKDAY(DATE(CalendarioAño,8,16),1),"ddd") -> sáb | S25: =TEXT(WEEKDAY(DATE(CalendarioAño,8,17),1),"ddd") -> dom | T25: =TEXT(WEEKDAY(DATE(CalendarioAño,8,18),1),"ddd") -> lun | U25: =TEXT(WEEKDAY(DATE(CalendarioAño,8,19),1),"ddd") -> mar | V25: =TEXT(WEEKDAY(DATE(CalendarioAño,8,20),1),"ddd") -> mié | W25: =TEXT(WEEKDAY(DATE(CalendarioAño,8,21),1),"ddd") -> jue | X25: =TEXT(WEEKDAY(DATE(CalendarioAño,8,22),1),"ddd") -> vie | Y25: =TEXT(WEEKDAY(DATE(CalendarioAño,8,23),1),"ddd") -> sáb | Z25: =TEXT(WEEKDAY(DATE(CalendarioAño,8,24),1),"ddd") -> dom | AA25: =TEXT(WEEKDAY(DATE(CalendarioAño,8,25),1),"ddd") -> lun | AB25: =TEXT(WEEKDAY(DATE(CalendarioAño,8,26),1),"ddd") -> mar | AC25: =TEXT(WEEKDAY(DATE(CalendarioAño,8,27),1),"ddd") -> mié | AD25: =TEXT(WEEKDAY(DATE(CalendarioAño,8,28),1),"ddd") -> jue | AE25: =TEXT(WEEKDAY(DATE(CalendarioAño,8,29),1),"ddd") -> vie | AF25: =TEXT(WEEKDAY(DATE(CalendarioAño,8,30),1),"ddd") -> sáb | AG25: =TEXT(WEEKDAY(DATE(CalendarioAño,8,31),1),"ddd") -> dom
B26: Nombre del empleado | C26: 1 | D26: 2 | E26: 3 | F26: 4 | G26: 5 | H26: 6 | I26: 7 | J26: 8 | K26: 9 | L26: 10 | M26: 11 | N26: 12 | O26: 13 | P26: 14 | Q26: 15 | R26: 16 | S26: 17 | T26: 18 | U26: 19 | V26: 20 | W26: 21 | X26: 22 | Y26: 23 | Z26: 24 | AA26: 25 | AB26: 26 | AC26: 27 | AD26: 28 | AE26: 29 | AF26: 30 | AG26: 31 | AH26: Número total de días
B27: LUCAS BOLAÑOS GUTIERREZ | C27: A | J27: A | AE27: A
B28: CALLIE IVANNA CALLIE IVANNA | C28: A | J28: A | K28: A | Q28: A
B29: RODRIGO CHISTIAN MORALES TARAZONA | D29: A | K29: A | R29: A | Y29: A
B30: JOSE ANDRES VELIZ HAYTA | D30: A | K30: A | N30: A | R30: A | X30: A | AE30: A
B31: NICOLAS ORDONEZ NORIEDA | D31: A | I31: A | J31: A | M31: A | O31: A | Q31: A | U31: A | W31: A | AB31: A
B32: MATHEWS MAXIMO ISMAEL PEREZ SAUÑE | O32: A | R32: A | W32: A | Y32: A | AC32: A
B33: ALEXANDRA GABRIELA BAUTISTA JUSTINIANO | R33: A | Y33: A
B34: MARTIN HOLGADO PAZ | AB34: A | AD34: A
B35: GAEL FLORENTINO TRILLO | AE35: A
B37: =Agosto!MonthName&" Total" -> Agosto Total
B39: Agosto | C39: BABY WOLF 4:30 PM | AH39: =CalendarioAño -> 2025
C40: =TEXT(WEEKDAY(DATE(CalendarioAño,8,1),1),"ddd") -> vie | D40: =TEXT(WEEKDAY(DATE(CalendarioAño,8,2),1),"ddd") -> sáb | E40: =TEXT(WEEKDAY(DATE(CalendarioAño,8,3),1),"ddd") -> dom | F40: =TEXT(WEEKDAY(DATE(CalendarioAño,8,4),1),"ddd") -> lun | G40: =TEXT(WEEKDAY(DATE(CalendarioAño,8,5),1),"ddd") -> mar | H40: =TEXT(WEEKDAY(DATE(CalendarioAño,8,6),1),"ddd") -> mié | I40: =TEXT(WEEKDAY(DATE(CalendarioAño,8,7),1),"ddd") -> jue | J40: =TEXT(WEEKDAY(DATE(CalendarioAño,8,8),1),"ddd") -> vie | K40: =TEXT(WEEKDAY(DATE(CalendarioAño,8,9),1),"ddd") -> sáb | L40: =TEXT(WEEKDAY(DATE(CalendarioAño,8,10),1),"ddd") -> dom | M40: =TEXT(WEEKDAY(DATE(CalendarioAño,8,11),1),"ddd") -> lun | N40: =TEXT(WEEKDAY(DATE(CalendarioAño,8,12),1),"ddd") -> mar | O40: =TEXT(WEEKDAY(DATE(CalendarioAño,8,13),1),"ddd") -> mié | P40: =TEXT(WEEKDAY(DATE(CalendarioAño,8,14),1),"ddd") -> jue | Q40: =TEXT(WEEKDAY(DATE(CalendarioAño,8,15),1),"ddd") -> vie | R40: =TEXT(WEEKDAY(DATE(CalendarioAño,8,16),1),"ddd") -> sáb | S40: =TEXT(WEEKDAY(DATE(CalendarioAño,8,17),1),"ddd") -> dom | T40: =TEXT(WEEKDAY(DATE(CalendarioAño,8,18),1),"ddd") -> lun | U40: =TEXT(WEEKDAY(DATE(CalendarioAño,8,19),1),"ddd") -> mar | V40: =TEXT(WEEKDAY(DATE(CalendarioAño,8,20),1),"ddd") -> mié | W40: =TEXT(WEEKDAY(DATE(CalendarioAño,8,21),1),"ddd") -> jue | X40: =TEXT(WEEKDAY(DATE(CalendarioAño,8,22),1),"ddd") -> vie | Y40: =TEXT(WEEKDAY(DATE(CalendarioAño,8,23),1),"ddd") -> sáb | Z40: =TEXT(WEEKDAY(DATE(CalendarioAño,8,24),1),"ddd") -> dom | AA40: =TEXT(WEEKDAY(DATE(CalendarioAño,8,25),1),"ddd") -> lun | AB40: =TEXT(WEEKDAY(DATE(CalendarioAño,8,26),1),"ddd") -> mar | AC40: =TEXT(WEEKDAY(DATE(CalendarioAño,8,27),1),"ddd") -> mié | AD40: =TEXT(WEEKDAY(DATE(CalendarioAño,8,28),1),"ddd") -> jue | AE40: =TEXT(WEEKDAY(DATE(CalendarioAño,8,29),1),"ddd") -> vie | AF40: =TEXT(WEEKDAY(DATE(CalendarioAño,8,30),1),"ddd") -> sáb | AG40: =TEXT(WEEKDAY(DATE(CalendarioAño,8,31),1),"ddd") -> dom
B41: Nombre del empleado | C41: 1 | D41: 2 | E41: 3 | F41: 4 | G41: 5 | H41: 6 | I41: 7 | J41: 8 | K41: 9 | L41: 10 | M41: 11 | N41: 12 | O41: 13 | P41: 14 | Q41: 15 | R41: 16 | S41: 17 | T41: 18 | U41: 19 | V41: 20 | W41: 21 | X41: 22 | Y41: 23 | Z41: 24 | AA41: 25 | AB41: 26 | AC41: 27 | AD41: 28 | AE41: 29 | AF41: 30 | AG41: 31 | AH41: Número total de días
B42: CAMILA MAUREEN GARCIA VEGA | C42: A | F42: A | G42: A | J42: A | M42: A | O42: A | Q42: A | X42: A | AA42: A | AD42: A
B43: ELIAS LEONARDO AISPIN CAYCHO | C43: A | D43: A | J43: A | O43: A | Q43: A
B44: FABRIZIO MIGUEL ASTORGA CASTRO | C44: A | D44: A | I44: A | J44: A
B45: CAMILO ROSARIO | C45: A | J45: A | O45: A | Q45: A | X45: A | AC45: A | AE45: A
B46: EMANUEL DAVID RIVAS PEATAN | D46: A | R46: A | Y46: A | AB46: A
B47: ALMA ISABELA CASTILLO MENDOZA | D47: A | F47: A | G47: A | I47: A | M47: A | R47: A | U47: A | W47: A | AB47: A | AC47: A
B48: SANTIAGO MEJIA CHANCO | O48: A | R48: A
B49: ALEXANDER ANDRE ROMERO ROJAS | D49: A | O49: A | R49: A | V49: A | W49: A | AE49: A
B50: MARCELA VICTORIA GIRALDO RAMIREZ | D50: A | I50: A | K50: A | P50: A | R50: A | W50: A
B51: VASCO DIAZ TAPIA | F51: A | I51: A | M51: A | N51: A | Q51: A | T51: A | AD51: A | AE51: A
B52: ALEC REYES KROLL | F52: A | O52: A | Q52: A | V52: A | AA52: A | AC52: A
B53: ISABELLA VALENTINA GUINEA CERDAN | G53: A
B54: MATTEO AUGUSTO RIVAS MERINO | G54: A | I54: A | P54: A | U54: A | AD54: A
B55: GALA GUTTIERREZ FIMETTi | G55: A | J55: A | O55: A | AC55: A | AE55: A
B56: KIANA CHAVEZ ESPARRAGA | O56: A | R56: A | V56: A | Y56: A
B57: MILAN BALDEON GUEVARA | Y57: A
B58: LUCAS AGUERO MESARES | AD58: A
B61: =Agosto!MonthName&" Total" -> Agosto Total
B63: Agosto | C63: LITTLE WOLF 5:00 PM | AH63: =CalendarioAño -> 2025
C64: =TEXT(WEEKDAY(DATE(CalendarioAño,8,1),1),"ddd") -> vie | D64: =TEXT(WEEKDAY(DATE(CalendarioAño,8,2),1),"ddd") -> sáb | E64: =TEXT(WEEKDAY(DATE(CalendarioAño,8,3),1),"ddd") -> dom | F64: =TEXT(WEEKDAY(DATE(CalendarioAño,8,4),1),"ddd") -> lun | G64: =TEXT(WEEKDAY(DATE(CalendarioAño,8,5),1),"ddd") -> mar | H64: =TEXT(WEEKDAY(DATE(CalendarioAño,8,6),1),"ddd") -> mié | I64: =TEXT(WEEKDAY(DATE(CalendarioAño,8,7),1),"ddd") -> jue | J64: =TEXT(WEEKDAY(DATE(CalendarioAño,8,8),1),"ddd") -> vie | K64: =TEXT(WEEKDAY(DATE(CalendarioAño,8,9),1),"ddd") -> sáb | L64: =TEXT(WEEKDAY(DATE(CalendarioAño,8,10),1),"ddd") -> dom | M64: =TEXT(WEEKDAY(DATE(CalendarioAño,8,11),1),"ddd") -> lun | N64: =TEXT(WEEKDAY(DATE(CalendarioAño,8,12),1),"ddd") -> mar | O64: =TEXT(WEEKDAY(DATE(CalendarioAño,8,13),1),"ddd") -> mié | P64: =TEXT(WEEKDAY(DATE(CalendarioAño,8,14),1),"ddd") -> jue | Q64: =TEXT(WEEKDAY(DATE(CalendarioAño,8,15),1),"ddd") -> vie | R64: =TEXT(WEEKDAY(DATE(CalendarioAño,8,16),1),"ddd") -> sáb | S64: =TEXT(WEEKDAY(DATE(CalendarioAño,8,17),1),"ddd") -> dom | T64: =TEXT(WEEKDAY(DATE(CalendarioAño,8,18),1),"ddd") -> lun | U64: =TEXT(WEEKDAY(DATE(CalendarioAño,8,19),1),"ddd") -> mar | V64: =TEXT(WEEKDAY(DATE(CalendarioAño,8,20),1),"ddd") -> mié | W64: =TEXT(WEEKDAY(DATE(CalendarioAño,8,21),1),"ddd") -> jue | X64: =TEXT(WEEKDAY(DATE(CalendarioAño,8,22),1),"ddd") -> vie | Y64: =TEXT(WEEKDAY(DATE(CalendarioAño,8,23),1),"ddd") -> sáb | Z64: =TEXT(WEEKDAY(DATE(CalendarioAño,8,24),1),"ddd") -> dom | AA64: =TEXT(WEEKDAY(DATE(CalendarioAño,8,25),1),"ddd") -> lun | AB64: =TEXT(WEEKDAY(DATE(CalendarioAño,8,26),1),"ddd") -> mar | AC64: =TEXT(WEEKDAY(DATE(CalendarioAño,8,27),1),"ddd") -> mié | AD64: =TEXT(WEEKDAY(DATE(CalendarioAño,8,28),1),"ddd") -> jue | AE64: =TEXT(WEEKDAY(DATE(CalendarioAño,8,29),1),"ddd") -> vie | AF64: =TEXT(WEEKDAY(DATE(CalendarioAño,8,30),1),"ddd") -> sáb | AG64: =TEXT(WEEKDAY(DATE(CalendarioAño,8,31),1),"ddd") -> dom
B65: Nombre del empleado | C65: 1 | D65: 2 | E65: 3 | F65: 4 | G65: 5 | H65: 6 | I65: 7 | J65: 8 | K65: 9 | L65: 10 | M65: 11 | N65: 12 | O65: 13 | P65: 14 | Q65: 15 | R65: 16 | S65: 17 | T65: 18 | U65: 19 | V65: 20 | W65: 21 | X65: 22 | Y65: 23 | Z65: 24 | AA65: 25 | AB65: 26 | AC65: 27 | AD65: 28 | AE65: 29 | AF65: 30 | AG65: 31 | AH65: Número total de días
B66: CAMILA VALENTINA GÓMEZ GUAMAN | C66: A | G66: A | U66: A | V66: A | AB66: A | AC66: A
B67: EMILIANO ALONSO CHIA ROMAN | C67: A | G67: A | J67: A | N67: A | T67: A | U67: A | V67: A | X67: A | AB67: A
B68: ADRIEL ANDREW PAREJA MONTES | C68: A | D68: A | I68: A | Q68: A | R68: A | X68: A | Y68: A | AE68: A
B69: ANTONELLA ESPERANZA OLANO CONTRERAS | D69: A | E69: A | G69: A
B70: DANIELA AIATAMA CUEVA ZEVALLOS | D70: A
B71: SANTIAGO IGNACIO DE JESUS ROJAS CUYUBAMBA | D71: A
B72: JULIAN CORNEJO SANDOVAL | F72: A | M72: A
B73: GABRIEL CORNEJO SANDOVAL | F73: A | M73: A
B74: JADEN BASTIEN RIOS YOMOND | F74: A | G74: A | J74: A | M74: A | T74: A | V74: A | AA74: A
B75: FABRIZIO MIGUEL ASTORGA CASTRO | F75: A | K75: A
B76: RODRIGO ALEJANDRO PALOMIO CAMPOS | F76: A | I76: A | M76: A | Q76: A | U76: A | X76: A
B77: ADRIANA ARANDA GUEVARA | G77: A | I77: A | N77: A | P77: A | W77: A | AD77: A
B78: SERGIO JEREMY AGUIRRE MISIYAURI | I78: A | N78: A | AD78: A
B79: VICTOR HAKIM RODRIGUEZ GOMEZ | J79: A | O79: A | Q79: A | X79: A | AC79: A
B80: NOAH GONZALES ROMERO | AA80: A | AC80: A
B81: JOAQUIN IGNACIO CHUMBES ROMAN | AD81: A
B82: DANIELA VERONICA TEJADA YATA | C82: A
B85: =Agosto!MonthName&" Total" -> Agosto Total
B87: Agosto | C87: LITTLE WOLF 5:30 PM
C88: =TEXT(WEEKDAY(DATE(CalendarioAño,8,1),1),"ddd") -> vie | D88: =TEXT(WEEKDAY(DATE(CalendarioAño,8,2),1),"ddd") -> sáb | E88: =TEXT(WEEKDAY(DATE(CalendarioAño,8,3),1),"ddd") -> dom | F88: =TEXT(WEEKDAY(DATE(CalendarioAño,8,4),1),"ddd") -> lun | G88: =TEXT(WEEKDAY(DATE(CalendarioAño,8,5),1),"ddd") -> mar | H88: =TEXT(WEEKDAY(DATE(CalendarioAño,8,6),1),"ddd") -> mié | I88: =TEXT(WEEKDAY(DATE(CalendarioAño,8,7),1),"ddd") -> jue | J88: =TEXT(WEEKDAY(DATE(CalendarioAño,8,8),1),"ddd") -> vie | K88: =TEXT(WEEKDAY(DATE(CalendarioAño,8,9),1),"ddd") -> sáb | L88: =TEXT(WEEKDAY(DATE(CalendarioAño,8,10),1),"ddd") -> dom | M88: =TEXT(WEEKDAY(DATE(CalendarioAño,8,11),1),"ddd") -> lun | N88: =TEXT(WEEKDAY(DATE(CalendarioAño,8,12),1),"ddd") -> mar | O88: =TEXT(WEEKDAY(DATE(CalendarioAño,8,13),1),"ddd") -> mié | P88: =TEXT(WEEKDAY(DATE(CalendarioAño,8,14),1),"ddd") -> jue | Q88: =TEXT(WEEKDAY(DATE(CalendarioAño,8,15),1),"ddd") -> vie | R88: =TEXT(WEEKDAY(DATE(CalendarioAño,8,16),1),"ddd") -> sáb | S88: =TEXT(WEEKDAY(DATE(CalendarioAño,8,17),1),"ddd") -> dom | T88: =TEXT(WEEKDAY(DATE(CalendarioAño,8,18),1),"ddd") -> lun | U88: =TEXT(WEEKDAY(DATE(CalendarioAño,8,19),1),"ddd") -> mar | V88: =TEXT(WEEKDAY(DATE(CalendarioAño,8,20),1),"ddd") -> mié | W88: =TEXT(WEEKDAY(DATE(CalendarioAño,8,21),1),"ddd") -> jue | X88: =TEXT(WEEKDAY(DATE(CalendarioAño,8,22),1),"ddd") -> vie | Y88: =TEXT(WEEKDAY(DATE(CalendarioAño,8,23),1),"ddd") -> sáb | Z88: =TEXT(WEEKDAY(DATE(CalendarioAño,8,24),1),"ddd") -> dom | AA88: =TEXT(WEEKDAY(DATE(CalendarioAño,8,25),1),"ddd") -> lun | AB88: =TEXT(WEEKDAY(DATE(CalendarioAño,8,26),1),"ddd") -> mar | AC88: =TEXT(WEEKDAY(DATE(CalendarioAño,8,27),1),"ddd") -> mié | AD88: =TEXT(WEEKDAY(DATE(CalendarioAño,8,28),1),"ddd") -> jue | AE88: =TEXT(WEEKDAY(DATE(CalendarioAño,8,29),1),"ddd") -> vie | AF88: =TEXT(WEEKDAY(DATE(CalendarioAño,8,30),1),"ddd") -> sáb | AG88: =TEXT(WEEKDAY(DATE(CalendarioAño,8,31),1),"ddd") -> dom
B89: Nombre del empleado | C89: 1 | D89: 2 | E89: 3 | F89: 4 | G89: 5 | H89: 6 | I89: 7 | J89: 8 | K89: 9 | L89: 10 | M89: 11 | N89: 12 | O89: 13 | P89: 14 | Q89: 15 | R89: 16 | S89: 17 | T89: 18 | U89: 19 | V89: 20 | W89: 21 | X89: 22 | Y89: 23 | Z89: 24 | AA89: 25 | AB89: 26 | AC89: 27 | AD89: 28 | AE89: 29 | AF89: 30 | AG89: 31
B90: LUKA SEBASTIAN PAVIC CONTRERAS | C90: A | J90: A | K90: A | O90: A | Q90: A | X90: A | Y90: A | AC90: A | AE90: A
B91: KEYLER AZAEL TOBAODA CORDOVA | C91: A | F91: A | I91: A | N91: A | P91: A | U91: A | W91: A | AB91: A | AD91: A
B92: RAFAEL AYVAR CUEVA | C92: A | F92: A | J92: A | M92: A | Q92: A | T92: A | V92: A | AA92: A | AC92: A
B93: BASTIAN ALESSIO GUTIERREZ CANCHO | G93: A | I93: A | P93: A
B94: ABRIL CANO VEGA | G94: A | I94: A | N94: A | P94: A | X94: A | AB94: A
B95: ZULEBY SEQUEIROS CANO | G95: A | I95: A | N95: A | P95: A | U95: A | X95: A | AB95: A | AE95: A
B96: AARON RICHARD ADRIAN CANAVAL FLORIAN | K96: A | R96: A | Y96: A
B97: SPERANZA ALTEA SAVOCA PONTIGGIA | K97: A | R97: A
B98: ENRICO JOSE SAVOCA PONTIGGIA | K98: A | R98: A
B99: AURELIO TRISTAN ALEXANDRINO CHISTIANS | M99: A | O99: A | R99: A | T99: A | Y99: A | AA99: A
B100: PIERO STEVEN AGUIRRE UCHASARA | O100: A | Y100: A | AC100: A
B103: =Agosto!MonthName&" Total" -> Agosto Total
B105: Agosto | C105: LITTLE WOLF 6:00 PM
C106: =TEXT(WEEKDAY(DATE(CalendarioAño,8,1),1),"ddd") -> vie | D106: =TEXT(WEEKDAY(DATE(CalendarioAño,8,2),1),"ddd") -> sáb | E106: =TEXT(WEEKDAY(DATE(CalendarioAño,8,3),1),"ddd") -> dom | F106: =TEXT(WEEKDAY(DATE(CalendarioAño,8,4),1),"ddd") -> lun | G106: =TEXT(WEEKDAY(DATE(CalendarioAño,8,5),1),"ddd") -> mar | H106: =TEXT(WEEKDAY(DATE(CalendarioAño,8,6),1),"ddd") -> mié | I106: =TEXT(WEEKDAY(DATE(CalendarioAño,8,7),1),"ddd") -> jue | J106: =TEXT(WEEKDAY(DATE(CalendarioAño,8,8),1),"ddd") -> vie | K106: =TEXT(WEEKDAY(DATE(CalendarioAño,8,9),1),"ddd") -> sáb | L106: =TEXT(WEEKDAY(DATE(CalendarioAño,8,10),1),"ddd") -> dom | M106: =TEXT(WEEKDAY(DATE(CalendarioAño,8,11),1),"ddd") -> lun | N106: =TEXT(WEEKDAY(DATE(CalendarioAño,8,12),1),"ddd") -> mar | O106: =TEXT(WEEKDAY(DATE(CalendarioAño,8,13),1),"ddd") -> mié | P106: =TEXT(WEEKDAY(DATE(CalendarioAño,8,14),1),"ddd") -> jue | Q106: =TEXT(WEEKDAY(DATE(CalendarioAño,8,15),1),"ddd") -> vie | R106: =TEXT(WEEKDAY(DATE(CalendarioAño,8,16),1),"ddd") -> sáb | S106: =TEXT(WEEKDAY(DATE(CalendarioAño,8,17),1),"ddd") -> dom | T106: =TEXT(WEEKDAY(DATE(CalendarioAño,8,18),1),"ddd") -> lun | U106: =TEXT(WEEKDAY(DATE(CalendarioAño,8,19),1),"ddd") -> mar | V106: =TEXT(WEEKDAY(DATE(CalendarioAño,8,20),1),"ddd") -> mié | W106: =TEXT(WEEKDAY(DATE(CalendarioAño,8,21),1),"ddd") -> jue | X106: =TEXT(WEEKDAY(DATE(CalendarioAño,8,22),1),"ddd") -> vie | Y106: =TEXT(WEEKDAY(DATE(CalendarioAño,8,23),1),"ddd") -> sáb | Z106: =TEXT(WEEKDAY(DATE(CalendarioAño,8,24),1),"ddd") -> dom | AA106: =TEXT(WEEKDAY(DATE(CalendarioAño,8,25),1),"ddd") -> lun | AB106: =TEXT(WEEKDAY(DATE(CalendarioAño,8,26),1),"ddd") -> mar | AC106: =TEXT(WEEKDAY(DATE(CalendarioAño,8,27),1),"ddd") -> mié | AD106: =TEXT(WEEKDAY(DATE(CalendarioAño,8,28),1),"ddd") -> jue | AE106: =TEXT(WEEKDAY(DATE(CalendarioAño,8,29),1),"ddd") -> vie | AF106: =TEXT(WEEKDAY(DATE(CalendarioAño,8,30),1),"ddd") -> sáb | AG106: =TEXT(WEEKDAY(DATE(CalendarioAño,8,31),1),"ddd") -> dom
B107: Nombre del empleado | C107: 1 | D107: 2 | E107: 3 | F107: 4 | G107: 5 | H107: 6 | I107: 7 | J107: 8 | K107: 9 | L107: 10 | M107: 11 | N107: 12 | O107: 13 | P107: 14 | Q107: 15 | R107: 16 | S107: 17 | T107: 18 | U107: 19 | V107: 20 | W107: 21 | X107: 22 | Y107: 23 | Z107: 24 | AA107: 25 | AB107: 26 | AC107: 27 | AD107: 28 | AE107: 29 | AF107: 30 | AG107: 31
B108: IAN JADIEZ LEZAMA OJANAMA | C108: A | D108: A | J108: A | T108: A | V108: A | W108: A | X108: A
B109: ALEXANDRA ROJAS SICLLA | D109: A | K109: A | R109: A | Y109: A
B110: JOSE ANGEL SECO ANGULO | F110: A | G110: A | I110: A | N110: A | P110: A | W110: A | AA110: A | AD110: A
B111: JULIAN GUTTIERREZ FIMETTi | F111: A | I111: A | M111: A | O111: A | T111: A | V111: A | AC111: A
B112: LARA VELEZ PEREZ | G112: A | I112: A | M112: A | P112: A | T112: A | X112: A | AA112: A | AC112: A
B113: GAEL ADRIEZ LUNA QUISPE | G113: A | J113: A | AB113: A | AD113: A
B114: MIA AITHANA ROSSELL MECCA | M114: A | N114: A | O114: A | P114: A | T114: A | U114: A | AB114: A | AD114: A
B115: DEREK MATEO ROMERO CARHUALLANQUI | N115: A | P115: A | U115: A | W115: A | AB115: A | AD115: A
B116: CAMILO DAVILA ESPINOZA | U116: A | W116: A | AB116: A
B117: THIAGO QUISPE FLORES | U117: A | AB117: A
B118: MAO VALENTINO JARA SICSHI | AB118: A
B121: =Agosto!MonthName&" Total" -> Agosto Total
B123: Agosto | C123: JUNIOR WOLF 6:30 PM
...

Sheet Setiembre
B1: ASISTENCIA DE ALUMNOS
B2: Claves de los tipos de Asistencia | C2: V | D2: Vacaciones | G2: P | H2: Personal | K2: A | O2: R | P2: Recuperacion | T2: E | U2: Eventos
B4: Setiembre | C4: SUPER BABY WOLF 3:00 PM | AG4: =CalendarioAño -> 2025
C5: lun | D5: mar | E5: =TEXT(WEEKDAY(DATE(CalendarioAño,8,6),1),"ddd") -> mié | F5: =TEXT(WEEKDAY(DATE(CalendarioAño,8,7),1),"ddd") -> jue | G5: vie | H5: =TEXT(WEEKDAY(DATE(CalendarioAño,8,9),1),"ddd") -> sáb | I5: dom | J5: lun | K5: mar | L5: =TEXT(WEEKDAY(DATE(CalendarioAño,8,6),1),"ddd") -> mié | M5: =TEXT(WEEKDAY(DATE(CalendarioAño,8,7),1),"ddd") -> jue | N5: vie | O5: =TEXT(WEEKDAY(DATE(CalendarioAño,8,9),1),"ddd") -> sáb | P5: dom | Q5: lun | R5: mar | S5: =TEXT(WEEKDAY(DATE(CalendarioAño,8,6),1),"ddd") -> mié | T5: =TEXT(WEEKDAY(DATE(CalendarioAño,8,7),1),"ddd") -> jue | U5: vie | V5: =TEXT(WEEKDAY(DATE(CalendarioAño,8,9),1),"ddd") -> sáb | W5: dom | X5: lun | Y5: mar | Z5: =TEXT(WEEKDAY(DATE(CalendarioAño,8,6),1),"ddd") -> mié | AA5: =TEXT(WEEKDAY(DATE(CalendarioAño,8,7),1),"ddd") -> jue | AB5: vie | AC5: =TEXT(WEEKDAY(DATE(CalendarioAño,8,9),1),"ddd") -> sáb | AD5: dom | AE5: lun | AF5: mar
B6: Nombre del empleado | C6: 1 | D6: 2 | E6: 3 | F6: 4 | G6: 5 | H6: 6 | I6: 7 | J6: 8 | K6: 9 | L6: 10 | M6: 11 | N6: 12 | O6: 13 | P6: 14 | Q6: 15 | R6: 16 | S6: 17 | T6: 18 | U6: 19 | V6: 20 | W6: 21 | X6: 22 | Y6: 23 | Z6: 24 | AA6: 25 | AB6: 26 | AC6: 27 | AD6: 28 | AE6: 29 | AF6: 30 | AG6: Número total de días
B12: =Setiembre!MonthName&" Total" -> Setiembre Total
B14: Setiembre | C14: BABY WOLF 3:30 PM | AG14: =CalendarioAño -> 2025
C15: lun | D15: mar | E15: =TEXT(WEEKDAY(DATE(CalendarioAño,8,6),1),"ddd") -> mié | F15: =TEXT(WEEKDAY(DATE(CalendarioAño,8,7),1),"ddd") -> jue | G15: vie | H15: =TEXT(WEEKDAY(DATE(CalendarioAño,8,9),1),"ddd") -> sáb | I15: dom | J15: lun | K15: mar | L15: =TEXT(WEEKDAY(DATE(CalendarioAño,8,6),1),"ddd") -> mié | M15: =TEXT(WEEKDAY(DATE(CalendarioAño,8,7),1),"ddd") -> jue | N15: vie | O15: =TEXT(WEEKDAY(DATE(CalendarioAño,8,9),1),"ddd") -> sáb | P15: dom | Q15: lun | R15: mar | S15: =TEXT(WEEKDAY(DATE(CalendarioAño,8,6),1),"ddd") -> mié | T15: =TEXT(WEEKDAY(DATE(CalendarioAño,8,7),1),"ddd") -> jue | U15: vie | V15: =TEXT(WEEKDAY(DATE(CalendarioAño,8,9),1),"ddd") -> sáb | W15: dom | X15: lun | Y15: mar | Z15: =TEXT(WEEKDAY(DATE(CalendarioAño,8,6),1),"ddd") -> mié | AA15: =TEXT(WEEKDAY(DATE(CalendarioAño,8,7),1),"ddd") -> jue | AB15: vie | AC15: =TEXT(WEEKDAY(DATE(CalendarioAño,8,9),1),"ddd") -> sáb | AD15: dom | AE15: lun | AF15: mar
B16: Nombre del empleado | C16: 1 | D16: 2 | E16: 3 | F16: 4 | G16: 5 | H16: 6 | I16: 7 | J16: 8 | K16: 9 | L16: 10 | M16: 11 | N16: 12 | O16: 13 | P16: 14 | Q16: 15 | R16: 16 | S16: 17 | T16: 18 | U16: 19 | V16: 20 | W16: 21 | X16: 22 | Y16: 23 | Z16: 24 | AA16: 25 | AB16: 26 | AC16: 27 | AD16: 28 | AE16: 29 | AF16: 30 | AG16: Número total de días
B17: MARTIN CAO RUIXUAN RUIZ CHU | D17: A | H17: A | N17: A
B18: VILMA GIORGINA PUMA ESTRADA | D18: A | G18: A | M18: A | N18: A | R18: A | Y18: A | AF18: A
B22: =Setiembre!MonthName&" Total" -> Setiembre Total
B24: Setiembre | C24: BABY WOLF 4:00 PM | AG24: =CalendarioAño -> 2025
C25: lun | D25: mar | E25: =TEXT(WEEKDAY(DATE(CalendarioAño,8,6),1),"ddd") -> mié | F25: =TEXT(WEEKDAY(DATE(CalendarioAño,8,7),1),"ddd") -> jue | G25: vie | H25: =TEXT(WEEKDAY(DATE(CalendarioAño,8,9),1),"ddd") -> sáb | I25: dom | J25: lun | K25: mar | L25: =TEXT(WEEKDAY(DATE(CalendarioAño,8,6),1),"ddd") -> mié | M25: =TEXT(WEEKDAY(DATE(CalendarioAño,8,7),1),"ddd") -> jue | N25: vie | O25: =TEXT(WEEKDAY(DATE(CalendarioAño,8,9),1),"ddd") -> sáb | P25: dom | Q25: lun | R25: mar | S25: =TEXT(WEEKDAY(DATE(CalendarioAño,8,6),1),"ddd") -> mié | T25: =TEXT(WEEKDAY(DATE(CalendarioAño,8,7),1),"ddd") -> jue | U25: vie | V25: =TEXT(WEEKDAY(DATE(CalendarioAño,8,9),1),"ddd") -> sáb | W25: dom | X25: lun | Y25: mar | Z25: =TEXT(WEEKDAY(DATE(CalendarioAño,8,6),1),"ddd") -> mié | AA25: =TEXT(WEEKDAY(DATE(CalendarioAño,8,7),1),"ddd") -> jue | AB25: vie | AC25: =TEXT(WEEKDAY(DATE(CalendarioAño,8,9),1),"ddd") -> sáb | AD25: dom | AE25: lun | AF25: mar
B26: Nombre del empleado | C26: 1 | D26: 2 | E26: 3 | F26: 4 | G26: 5 | H26: 6 | I26: 7 | J26: 8 | K26: 9 | L26: 10 | M26: 11 | N26: 12 | O26: 13 | P26: 14 | Q26: 15 | R26: 16 | S26: 17 | T26: 18 | U26: 19 | V26: 20 | W26: 21 | X26: 22 | Y26: 23 | Z26: 24 | AA26: 25 | AB26: 26 | AC26: 27 | AD26: 28 | AE26: 29 | AF26: 30 | AG26: Número total de días
B27: CALLIE IVANNA CALLIE IVANNA | E27: A
B28: EMANUEL DAVID RIVAS PEATAN | E28: A | V28: A
B29: LUA GIANELLA RODRIGUEZ CASTRO | D29: A | F29: A | G29: A | J29: A | M29: A | Q29: A | R29: A | T29: A | V29: A | X29: A | Y29: A | AA29: A
B30: MATHEWS MAXIMO ISMAEL PEREZ SAUÑE | D30: A | F30: A | M30: A | N30: A | AA30: A | AB30: A
B31: MARTIN HOLGADO PAZ | D31: A | F31: A | M31: A | Y31: A | AF31: A
B32: NICOLAS ORDONEZ NORIEDA | D32: A | F32: A | M32: A | R32: A | T32: A | AF32: A
B33: ALEJANDRO VALENCIA GARCIA | D33: A | F33: A | K33: A | M33: A | R33: A | T33: A | Y33: A | AA33: A
B34: ISABELLA QUISPE LUCAS | D34: A | K34: A | M34: A | R34: A | T34: A | Y34: A | AA34: A | AF34: A
B35: RODRIGO CHISTIAN MORALES TARAZONA | H35: A | O35: A | V35: A | AC35: A
B36: GAEL FLORENTINO TRILLO | N36: A | S36: A | Y36: A | AB36: A
B37: LUCAS BOLAÑOS GUTIERREZ | S37: A | U37: A
B38: MATIAS NICOLAS ROJAS VILLAR | S38: A | U38: A | Z38: A | AC38: A
B39: LOGAN ESTRADA OSORIO | V39: A
B40: ALEXANDRA GABRIELA BAUTISTA JUSTINIANO | V40: A
B41: EMILIA FONSECA SALAZAR | AC41: A
B42: PIERO VALENTINO GONZALES NUÑEZ | AE42: A
B45: =Setiembre!MonthName&" Total" -> Setiembre Total
B47: Setiembre | C47: BABY WOLF 4:30 PM | AG47: =CalendarioAño -> 2025
C48: lun | D48: mar | E48: =TEXT(WEEKDAY(DATE(CalendarioAño,8,6),1),"ddd") -> mié | F48: =TEXT(WEEKDAY(DATE(CalendarioAño,8,7),1),"ddd") -> jue | G48: vie | H48: =TEXT(WEEKDAY(DATE(CalendarioAño,8,9),1),"ddd") -> sáb | I48: dom | J48: lun | K48: mar | L48: =TEXT(WEEKDAY(DATE(CalendarioAño,8,6),1),"ddd") -> mié | M48: =TEXT(WEEKDAY(DATE(CalendarioAño,8,7),1),"ddd") -> jue | N48: vie | O48: =TEXT(WEEKDAY(DATE(CalendarioAño,8,9),1),"ddd") -> sáb | P48: dom | Q48: lun | R48: mar | S48: =TEXT(WEEKDAY(DATE(CalendarioAño,8,6),1),"ddd") -> mié | T48: =TEXT(WEEKDAY(DATE(CalendarioAño,8,7),1),"ddd") -> jue | U48: vie | V48: =TEXT(WEEKDAY(DATE(CalendarioAño,8,9),1),"ddd") -> sáb | W48: dom | X48: lun | Y48: mar | Z48: =TEXT(WEEKDAY(DATE(CalendarioAño,8,6),1),"ddd") -> mié | AA48: =TEXT(WEEKDAY(DATE(CalendarioAño,8,7),1),"ddd") -> jue | AB48: vie | AC48: =TEXT(WEEKDAY(DATE(CalendarioAño,8,9),1),"ddd") -> sáb | AD48: dom | AE48: lun | AF48: mar
B49: Nombre del empleado | C49: 1 | D49: 2 | E49: 3 | F49: 4 | G49: 5 | H49: 6 | I49: 7 | J49: 8 | K49: 9 | L49: 10 | M49: 11 | N49: 12 | O49: 13 | P49: 14 | Q49: 15 | R49: 16 | S49: 17 | T49: 18 | U49: 19 | V49: 20 | W49: 21 | X49: 22 | Y49: 23 | Z49: 24 | AA49: 25 | AB49: 26 | AC49: 27 | AD49: 28 | AE49: 29 | AF49: 30 | AG49: Número total de días
B50: CAMILO ROSARIO | E50: A | S50: A | U50: A
B51: GALA GUTTIERREZ FIMETTi | E51: A | G51: A | Z51: A | AB51: A | AE51: A
B52: CAMILA MAUREEN GARCIA VEGA | E52: A | F52: A | J52: A | S52: A | X52: A | AE52: A
B53: ALEXANDER ANDRE ROMERO ROJAS | E53: A | J53: A | M53: A | T53: A | Y53: A | AE53: A | AF53: A
B54: JESUS ALEJANDRO MICHILOT JULCA | E54: A | F54: A | M54: A | N54: A | O54: A | S54: A | T54: A | Y54: A | Z54: A | AF54: A
B55: ELIAS LEONARDO AISPIN CAYCHO | F55: A | G55: A | H55: A | N55: A | O55: A
B56: MARCELA VICTORIA GIRALDO RAMIREZ | F56: A | H56: A | M56: A | O56: A | S56: A | T56: A | AA56: A | AB56: A
B57: VASCO DIAZ TAPIA | C57: A | D57: A | G57: A | T57: A
B58: LUCAS AGUERO MESARES | C58: A | D58: A | H58: A | K58: A | AF58: A
B59: ALMA ISABELA CASTILLO MENDOZA | C59: A | K59: A | N59: A | R59: A | T59: A | Y59: A | AF59: A
B60: JOSE ANDRES VELIZ HAYTA | C60: A | G60: A | X60: A
B61: MILAN BALDEON GUEVARA | C61: A | H61: A | O61: A | U61: A | V61: A | Z61: A | AC61: A
B62: ALEC REYES KROLL | C62: A | J62: A | Q62: A | X62: A | AB62: A | AE62: A
B63: KIANA CHAVEZ ESPARRAGA | H63: A
B64: MAURICIO STEFANO VILLANUEVA MONTAYA | N64: A | O64: A | V64: A | AC64: A
B65: EIDRIAN FABIAN FLORES NUÑEZ | X65: A | AE65: A
B66: ALANA OSHIRO MATSUFUJI | AF66: A
B70: =Setiembre!MonthName&" Total" -> Setiembre Total
B72: Setiembre | C72: LITTLE WOLF 5:00 PM | AG72: =CalendarioAño -> 2025
C73: lun | D73: mar | E73: =TEXT(WEEKDAY(DATE(CalendarioAño,8,6),1),"ddd") -> mié | F73: =TEXT(WEEKDAY(DATE(CalendarioAño,8,7),1),"ddd") -> jue | G73: vie | H73: =TEXT(WEEKDAY(DATE(CalendarioAño,8,9),1),"ddd") -> sáb | I73: dom | J73: lun | K73: mar | L73: =TEXT(WEEKDAY(DATE(CalendarioAño,8,6),1),"ddd") -> mié | M73: =TEXT(WEEKDAY(DATE(CalendarioAño,8,7),1),"ddd") -> jue | N73: vie | O73: =TEXT(WEEKDAY(DATE(CalendarioAño,8,9),1),"ddd") -> sáb | P73: dom | Q73: lun | R73: mar | S73: =TEXT(WEEKDAY(DATE(CalendarioAño,8,6),1),"ddd") -> mié | T73: =TEXT(WEEKDAY(DATE(CalendarioAño,8,7),1),"ddd") -> jue | U73: vie | V73: =TEXT(WEEKDAY(DATE(CalendarioAño,8,9),1),"ddd") -> sáb | W73: dom | X73: lun | Y73: mar | Z73: =TEXT(WEEKDAY(DATE(CalendarioAño,8,6),1),"ddd") -> mié | AA73: =TEXT(WEEKDAY(DATE(CalendarioAño,8,7),1),"ddd") -> jue | AB73: vie | AC73: =TEXT(WEEKDAY(DATE(CalendarioAño,8,9),1),"ddd") -> sáb | AD73: dom | AE73: lun | AF73: mar
B74: Nombre del empleado | C74: 1 | D74: 2 | E74: 3 | F74: 4 | G74: 5 | H74: 6 | I74: 7 | J74: 8 | K74: 9 | L74: 10 | M74: 11 | N74: 12 | O74: 13 | P74: 14 | Q74: 15 | R74: 16 | S74: 17 | T74: 18 | U74: 19 | V74: 20 | W74: 21 | X74: 22 | Y74: 23 | Z74: 24 | AA74: 25 | AB74: 26 | AC74: 27 | AD74: 28 | AE74: 29 | AF74: 30 | AG74: Número total de días
B75: JADEN BASTIEN RIOS YOMOND | C75: A | E75: A | J75: A | S75: A | X75: A | AB75: A | AE75: A
B76: JOAQUIN IGNACIO CHUMBES ROMAN | D76: A | F76: A
B77: ADRIANA ARANDA GUEVARA | C77: A | F77: A | G77: A | K77: A | N77: A | R77: A | S77: A
B78: SERGIO JEREMY AGUIRRE MISIYAURI | D78: A | F78: A | K78: A | M78: A | R78: A | T78: A | Y78: A | AA78: A
B79: RODRIGO ALEJANDRO PALOMIO CAMPOS | D79: A | F79: A | K79: A | N79: A | R79: A | T79: A | Y79: A | AA79: A | AF79: A
B80: CAMILA VALENTINA GÓMEZ GUAMAN | C80: A | F80: A | K80: A | R80: A | U80: A | Y80: A | AA80: A | AE80: A
B81: EMILIANO ALONSO CHIA ROMAN | D81: A | J81: A | N81: A | S81: A | U81: A | Z81: A | AB81: A
B82: NOAH GONZALES ROMERO | C82: A | J82: A | S82: A
B83: ADRIEL ANDREW PAREJA MONTES | G83: A | H83: A | Q83: A | U83: A | V83: A | AB83: A | AC83: A
B84: AARON RICHARD ADRIAN CANAVAL FLORIAN | H84: A | V84: A | AC84: A
B85: SPERANZA ALTEA SAVOCA PONTIGGIA | H85: A | O85: A | V85: A | AC85: A
B86: ENRICO JOSE SAVOCA PONTIGGIA | H86: A | O86: A | V86: A | AC86: A
B87: FACUNDO VALENTINO RIOS MEDINA | H87: A
B88: NICOLAS ANDER SANCHEZ PAUCAR | H88: A | O88: A | V88: A | AC88: A
B89: ALBERTO HUARSUCA RAMIREZ | J89: A | M89: A | Q89: A | R89: A
B90: DAVID ALONSO VELEZ FALCON | T90: A | Y90: A | AA90: A
B91: FACUNDO VALENTINO RIOS MEDINA | V91: A | AC91: A
B92: MATEO PORRAS OJEDA | V92: A
B93: THOMAS MATHEY GALINDO | Z93: A | AA93: A
B95: =Setiembre!MonthName&" Total" -> Setiembre Total
B97: Setiembre | C97: LITTLE WOLF 5:30 PM
C98: lun | D98: mar | E98: =TEXT(WEEKDAY(DATE(CalendarioAño,8,6),1),"ddd") -> mié | F98: =TEXT(WEEKDAY(DATE(CalendarioAño,8,7),1),"ddd") -> jue | G98: vie | H98: =TEXT(WEEKDAY(DATE(CalendarioAño,8,9),1),"ddd") -> sáb | I98: dom | J98: lun | K98: mar | L98: =TEXT(WEEKDAY(DATE(CalendarioAño,8,6),1),"ddd") -> mié | M98: =TEXT(WEEKDAY(DATE(CalendarioAño,8,7),1),"ddd") -> jue | N98: vie | O98: =TEXT(WEEKDAY(DATE(CalendarioAño,8,9),1),"ddd") -> sáb | P98: dom | Q98: lun | R98: mar | S98: =TEXT(WEEKDAY(DATE(CalendarioAño,8,6),1),"ddd") -> mié | T98: =TEXT(WEEKDAY(DATE(CalendarioAño,8,7),1),"ddd") -> jue | U98: vie | V98: =TEXT(WEEKDAY(DATE(CalendarioAño,8,9),1),"ddd") -> sáb | W98: dom | X98: lun | Y98: mar | Z98: =TEXT(WEEKDAY(DATE(CalendarioAño,8,6),1),"ddd") -> mié | AA98: =TEXT(WEEKDAY(DATE(CalendarioAño,8,7),1),"ddd") -> jue | AB98: vie | AC98: =TEXT(WEEKDAY(DATE(CalendarioAño,8,9),1),"ddd") -> sáb | AD98: dom | AE98: lun | AF98: mar
B99: Nombre del empleado | C99: 1 | D99: 2 | E99: 3 | F99: 4 | G99: 5 | H99: 6 | I99: 7 | J99: 8 | K99: 9 | L99: 10 | M99: 11 | N99: 12 | O99: 13 | P99: 14 | Q99: 15 | R99: 16 | S99: 17 | T99: 18 | U99: 19 | V99: 20 | W99: 21 | X99: 22 | Y99: 23 | Z99: 24 | AA99: 25 | AB99: 26 | AC99: 27 | AD99: 28 | AE99: 29 | AF99: 30
B100: JULIAN GUTTIERREZ FIMETTi | E100: A | G100: A | Z100: A | AB100: A | AE100: A
B101: ZULEBY SEQUEIROS CANO | E101: A | G101: A | K101: A | N101: A | R101: A | U101: A | Z101: A | AB101: A | AF101: A
B102: ABRIL CANO VEGA | E102: A | G102: A | K102: A | N102: A | S102: A | U102: A | Y102: A | AB102: A | AF102: A
B103: KEYLER AZAEL TOBAODA CORDOVA | C103: A | E103: A | K103: A
B104: BASTIAN ALESSIO GUTIERREZ CANCHO | F104: A
B105: LUKA SEBASTIAN PAVIC CONTRERAS | G105: A | H105: A | N105: A | S105: A | U105: A | Z105: A | AB105: A
B106: PIERO STEVEN AGUIRRE UCHASARA | H106: A | S106: A | V106: A | Z106: A
B107: VICTOR HAKIM RODRIGUEZ GOMEZ | J107: A | Q107: A | S107: A | U107: A | Z107: A | AB107: A
B108: AURELIO TRISTAN ALEXANDRINO CHISTIANS | J108: A | N108: A | Q108: A | S108: A | X108: A | Z108: A | AE108: A
B109: JARED EVARISTO GUIZADO MITMA | K109: A
B110: ANTONELLA ESPERANZA OLANO CONTRERAS | S110: A | Y110: A | Z110: A | AB110: A
B113: =Setiembre!MonthName&" Total" -> Setiembre Total
B115: Setiembre | C115: LITTLE WOLF 6:00 PM
C116: lun | D116: mar | E116: =TEXT(WEEKDAY(DATE(CalendarioAño,8,6),1),"ddd") -> mié | F116: =TEXT(WEEKDAY(DATE(CalendarioAño,8,7),1),"ddd") -> jue | G116: vie | H116: =TEXT(WEEKDAY(DATE(CalendarioAño,8,9),1),"ddd") -> sáb | I116: dom | J116: lun | K116: mar | L116: =TEXT(WEEKDAY(DATE(CalendarioAño,8,6),1),"ddd") -> mié | M116: =TEXT(WEEKDAY(DATE(CalendarioAño,8,7),1),"ddd") -> jue | N116: vie | O116: =TEXT(WEEKDAY(DATE(CalendarioAño,8,9),1),"ddd") -> sáb | P116: dom | Q116: lun | R116: mar | S116: =TEXT(WEEKDAY(DATE(CalendarioAño,8,6),1),"ddd") -> mié | T116: =TEXT(WEEKDAY(DATE(CalendarioAño,8,7),1),"ddd") -> jue | U116: vie | V116: =TEXT(WEEKDAY(DATE(CalendarioAño,8,9),1),"ddd") -> sáb | W116: dom | X116: lun | Y116: mar | Z116: =TEXT(WEEKDAY(DATE(CalendarioAño,8,6),1),"ddd") -> mié | AA116: =TEXT(WEEKDAY(DATE(CalendarioAño,8,7),1),"ddd") -> jue | AB116: vie | AC116: =TEXT(WEEKDAY(DATE(CalendarioAño,8,9),1),"ddd") -> sáb | AD116: dom | AE116: lun | AF116: mar
B117: Nombre del empleado | C117: 1 | D117: 2 | E117: 3 | F117: 4 | G117: 5 | H117: 6 | I117: 7 | J117: 8 | K117: 9 | L117: 10 | M117: 11 | N117: 12 | O117: 13 | P117: 14 | Q117: 15 | R117: 16 | S117: 17 | T117: 18 | U117: 19 | V117: 20 | W117: 21 | X117: 22 | Y117: 23 | Z117: 24 | AA117: 25 | AB117: 26 | AC117: 27 | AD117: 28 | AE117: 29 | AF117: 30
B118: LARA VELEZ PEREZ | C118: A | E118: A | J118: A | Q118: A | Z118: A
B119: MIA AITHANA ROSSELL MECCA | E119: A | F119: A | J119: A | M119: A | R119: A | S119: A | U119: A | Y119: A
B120: JOSE ANGEL SECO ANGULO | C120: A | F120: A | J120: A | M120: A | Q120: A | T120: A | X120: A | Z120: A | AE120: A
B121: DEREK MATEO ROMERO CARHUALLANQUI | F121: A | K121: A | T121: A | U121: A | V121: A | Y121: A | AF121: A
B122: RAFAEL AYVAR CUEVA | C122: A | G122: A | J122: A | N122: A | Q122: A | U122: A | AC122: exa | AE122: A
B123: GAEL ADRIEZ LUNA QUISPE | G123: A | K123: A | M123: A | Y123: A | AE123: A
...

Sheet Octubre
B1: ASISTENCIA DE ALUMNOS
B2: Claves de los tipos de Asistencia | C2: V | D2: Vacaciones | G2: P | H2: Personal | K2: A | O2: R | P2: Recuperacion | T2: E | U2: Eventos
B4: Octubre | C4: SUPER BABY WOLF 3:00 PM | AH4: =CalendarioAño -> 2025
