Workbook
Name ColumnTitle13: EmployeeName[[#Headers],[ALUMNOS ]]
Name Titulo1: Enero[[#Headers],[NOMBRE Y APELLIDO]]
Name Titulo10: Octubre[[#Headers],[Nombre del empleado]]
Name Titulo11: Noviembre[[#Headers],[Nombre del empleado]]
Name Titulo12: Diciembre[[#Headers],[Nombre del empleado]]
Name Titulo2: Febrero[[#Headers],[NOMBRE Y APELLIDOS]]
Name Titulo3: Marzo[[#Headers],[Nombre del empleado]]
Name Titulo4: Abril[[#Headers],[Nombre del empleado]]
Name Titulo5: Mayo[[#Headers],[Nombre del empleado]]
Name Titulo6: Junio[[#Headers],[Nombre del empleado]]
Name Titulo7: Julio[[#Headers],[Nombre del empleado]]
Name Titulo8: Agosto[[#Headers],[Nombre del empleado]]
Name Titulo9: Septiembre[[#Headers],[Nombre del empleado]]
Name KeySick: Setiembre!$K$2
Name KeyVacationLabel: Junio!$D$2
Name MonthName: Octubre!$B$4
Name KeyPersonalLabel: Abril!$H$2
Name CalendarioAño: Abril!$AG$4
Name Key_name: Octubre!$B$2
Name KeyVacation: Octubre!$C$2
Name KeyVacationLabel: Febrero!$D$2
Name MonthName: Abril!$B$4
Name KeyVacationLabel: Julio!$D$2
Name CalendarioAño: Octubre!$AH$4
Name Employee_Absence_Title: Julio!$B$1
Name KeyCustom1Label: Mayo!$P$2
Name KeyPersonalLabel: Marzo!$H$2
Name KeyVacationLabel: Octubre!$D$2
Name KeyVacationLabel: Marzo!$D$2
Name CalendarioAño: Noviembre!$AH$4
Name KeyPersonalLabel: Febrero!$H$2
Name KeySickLabel: Julio!$L$2
Name KeyVacation: Setiembre!$C$2
Name KeySickLabel: Marzo!$L$2
Name CalendarioAño: Junio!$AH$4
Name CalendarioAño: Febrero!$AD$4
Name KeyCustom1: Agosto!$O$2
Name KeySickLabel: Octubre!$L$2
Name KeySickLabel: Enero!$L$2
Name KeyPersonalLabel: Junio!$H$2
Name KeyCustom2: Marzo!$T$2
Name KeyPersonalLabel: Noviembre!$H$2
Name KeyCustom1: #REF!
Name KeySick: Enero!$K$2
Name KeyPersonal: Diciembre!$G$2
Name KeyCustom1Label: Diciembre!$P$2
Name KeyCustom2Label: Diciembre!$U$2
Name KeySick: Diciembre!$K$2
Name KeyCustom1Label: Febrero!$P$2
Name KeyCustom2: Mayo!$T$2
Name KeyVacation: Mayo!$C$2
Name KeyPersonal: Setiembre!$G$2
Name Key_name: #REF!
Name KeyCustom1Label: Agosto!$P$2
Name KeyCustom1: Diciembre!$O$2
Name KeyPersonalLabel: #REF!
Name KeyCustom2: Agosto!$T$2
Name Employee_Absence_Title: Diciembre!$B$1
Name KeyVacation: Junio!$C$2
Name KeyVacationLabel: Abril!$D$2

Sheet Enero
B1: ASISTENCIA DE ALUMNOS
B2: Claves de los tipos de Asistencia | C2: F | D2: FALTAS | G2: J | H2: JUSTIFICADA | K2: A | L2: ASISTENCIA | O2: R | P2: RECUPERACION | T2: E | U2: EVENTOS
B4: Enero | C4: MEGA SUPER BABY WOLF 3:00 PM/9:00 AM | AH4: 2026
C5: =TEXT(WEEKDAY(DATE(Enero!CalendarioAño,1,1),1),"ddd") -> jue | D5: =TEXT(WEEKDAY(DATE(Enero!CalendarioAño,1,2),1),"ddd") -> vie | E5: =TEXT(WEEKDAY(DATE(Enero!CalendarioAño,1,3),1),"ddd") -> sáb | F5: =TEXT(WEEKDAY(DATE(Enero!CalendarioAño,1,4),1),"ddd") -> dom | G5: =TEXT(WEEKDAY(DATE(Enero!CalendarioAño,1,5),1),"ddd") -> lun | H5: =TEXT(WEEKDAY(DATE(Enero!CalendarioAño,1,6),1),"ddd") -> mar | I5: =TEXT(WEEKDAY(DATE(Enero!CalendarioAño,1,7),1),"ddd") -> mié | J5: =TEXT(WEEKDAY(DATE(Enero!CalendarioAño,1,8),1),"ddd") -> jue | K5: =TEXT(WEEKDAY(DATE(Enero!CalendarioAño,1,9),1),"ddd") -> vie | L5: =TEXT(WEEKDAY(DATE(Enero!CalendarioAño,1,10),1),"ddd") -> sáb | M5: =TEXT(WEEKDAY(DATE(Enero!CalendarioAño,1,11),1),"ddd") -> dom | N5: =TEXT(WEEKDAY(DATE(Enero!CalendarioAño,1,12),1),"ddd") -> lun | O5: =TEXT(WEEKDAY(DATE(Enero!CalendarioAño,1,13),1),"ddd") -> mar | P5: =TEXT(WEEKDAY(DATE(Enero!CalendarioAño,1,14),1),"ddd") -> mié | Q5: =TEXT(WEEKDAY(DATE(Enero!CalendarioAño,1,15),1),"ddd") -> jue | R5: =TEXT(WEEKDAY(DATE(Enero!CalendarioAño,1,16),1),"ddd") -> vie | S5: =TEXT(WEEKDAY(DATE(Enero!CalendarioAño,1,17),1),"ddd") -> sáb | T5: =TEXT(WEEKDAY(DATE(Enero!CalendarioAño,1,18),1),"ddd") -> dom | U5: =TEXT(WEEKDAY(DATE(Enero!CalendarioAño,1,19),1),"ddd") -> lun | V5: =TEXT(WEEKDAY(DATE(Enero!CalendarioAño,1,20),1),"ddd") -> mar | W5: =TEXT(WEEKDAY(DATE(Enero!CalendarioAño,1,21),1),"ddd") -> mié | X5: =TEXT(WEEKDAY(DATE(Enero!CalendarioAño,1,22),1),"ddd") -> jue | Y5: =TEXT(WEEKDAY(DATE(Enero!CalendarioAño,1,23),1),"ddd") -> vie | Z5: =TEXT(WEEKDAY(DATE(Enero!CalendarioAño,1,24),1),"ddd") -> sáb | AA5: =TEXT(WEEKDAY(DATE(Enero!CalendarioAño,1,25),1),"ddd") -> dom | AB5: =TEXT(WEEKDAY(DATE(Enero!CalendarioAño,1,26),1),"ddd") -> lun | AC5: =TEXT(WEEKDAY(DATE(Enero!CalendarioAño,1,27),1),"ddd") -> mar | AD5: =TEXT(WEEKDAY(DATE(Enero!CalendarioAño,1,28),1),"ddd") -> mié | AE5: =TEXT(WEEKDAY(DATE(Enero!CalendarioAño,1,29),1),"ddd") -> jue | AF5: =TEXT(WEEKDAY(DATE(Enero!CalendarioAño,1,30),1),"ddd") -> vie | AG5: =TEXT(WEEKDAY(DATE(Enero!CalendarioAño,1,31),1),"ddd") -> sáb
B6: NOMBRE Y APELLIDO | C6: 1 | D6: 2 | E6: 3 | F6: 4 | G6: 5 | H6: 6 | I6: 7 | J6: 8 | K6: 9 | L6: 10 | M6: 11 | N6: 12 | O6: 13 | P6: 14 | Q6: 15 | R6: 16 | S6: 17 | T6: 18 | U6: 19 | V6: 20 | W6: 21 | X6: 22 | Y6: 23 | Z6: 24 | AA6: 25 | AB6: 26 | AC6: 27 | AD6: 28 | AE6: 29 | AF6: 30 | AG6: 31 | AH6: Número total de días
B8: =Enero!MonthName&" Total" -> Enero Total | C8: =SUBTOTAL(103,Enero!$C$7) -> 0 | D8: =SUBTOTAL(103,Enero!$D$7) -> 0 | E8: =SUBTOTAL(103,Enero!$E$7) -> 0 | F8: =SUBTOTAL(103,Enero!$F$7) -> 0 | G8: =SUBTOTAL(103,Enero!$G$7) -> 0 | H8: =SUBTOTAL(103,Enero!$H$7) -> 0 | I8: =SUBTOTAL(103,Enero!$I$7) -> 0 | J8: =SUBTOTAL(103,Enero!$J$7) -> 0 | K8: =SUBTOTAL(103,Enero!$K$7) -> 0 | L8: =SUBTOTAL(103,Enero!$L$7) -> 0 | M8: =SUBTOTAL(103,Enero!$M$7) -> 0 | N8: =SUBTOTAL(103,Enero!$N$7) -> 0 | O8: =SUBTOTAL(103,Enero!$O$7) -> 0 | P8: =SUBTOTAL(103,Enero!$P$7) -> 0 | Q8: =SUBTOTAL(103,Enero!$Q$7) -> 0 | R8: =SUBTOTAL(103,Enero!$R$7) -> 0 | S8: =SUBTOTAL(103,Enero!$S$7) -> 0 | T8: =SUBTOTAL(103,Enero!$T$7) -> 0 | U8: =SUBTOTAL(103,Enero!$U$7) -> 0 | V8: =SUBTOTAL(103,Enero!$V$7) -> 0 | W8: =SUBTOTAL(103,Enero!$W$7) -> 0 | X8: =SUBTOTAL(103,Enero!$X$7) -> 0 | Y8: =SUBTOTAL(103,Enero!$Y$7) -> 0 | Z8: =SUBTOTAL(103,Enero!$Z$7) -> 0 | AA8: =SUBTOTAL(103,Enero!$AA$7) -> 0 | AB8: =SUBTOTAL(103,Enero!$AB$7) -> 0 | AC8: =SUBTOTAL(103,Enero!$AC$7) -> 0 | AD8: =SUBTOTAL(103,Enero!$AD$7) -> 0 | AE8: =SUBTOTAL(103,Enero!$AE$7) -> 0 | AF8: =SUBTOTAL(103,Enero!$AF$7) -> 0 | AG8: =SUBTOTAL(103,Enero!$AG$7) -> 0
B10: Enero | C10: SUPER BABY WOLF 3:30 PM/9:30 AM | AH10: 2026
C11: =TEXT(WEEKDAY(DATE(Enero!CalendarioAño,1,1),1),"ddd") -> jue | D11: =TEXT(WEEKDAY(DATE(Enero!CalendarioAño,1,2),1),"ddd") -> vie | E11: =TEXT(WEEKDAY(DATE(Enero!CalendarioAño,1,3),1),"ddd") -> sáb | F11: =TEXT(WEEKDAY(DATE(Enero!CalendarioAño,1,4),1),"ddd") -> dom | G11: =TEXT(WEEKDAY(DATE(Enero!CalendarioAño,1,5),1),"ddd") -> lun | H11: =TEXT(WEEKDAY(DATE(Enero!CalendarioAño,1,6),1),"ddd") -> mar | I11: =TEXT(WEEKDAY(DATE(Enero!CalendarioAño,1,7),1),"ddd") -> mié | J11: =TEXT(WEEKDAY(DATE(Enero!CalendarioAño,1,8),1),"ddd") -> jue | K11: =TEXT(WEEKDAY(DATE(Enero!CalendarioAño,1,9),1),"ddd") -> vie | L11: =TEXT(WEEKDAY(DATE(Enero!CalendarioAño,1,10),1),"ddd") -> sáb | M11: =TEXT(WEEKDAY(DATE(Enero!CalendarioAño,1,11),1),"ddd") -> dom | N11: =TEXT(WEEKDAY(DATE(Enero!CalendarioAño,1,12),1),"ddd") -> lun | O11: =TEXT(WEEKDAY(DATE(Enero!CalendarioAño,1,13),1),"ddd") -> mar | P11: =TEXT(WEEKDAY(DATE(Enero!CalendarioAño,1,14),1),"ddd") -> mié | Q11: =TEXT(WEEKDAY(DATE(Enero!CalendarioAño,1,15),1),"ddd") -> jue | R11: =TEXT(WEEKDAY(DATE(Enero!CalendarioAño,1,16),1),"ddd") -> vie | S11: =TEXT(WEEKDAY(DATE(Enero!CalendarioAño,1,17),1),"ddd") -> sáb | T11: =TEXT(WEEKDAY(DATE(Enero!CalendarioAño,1,18),1),"ddd") -> dom | U11: =TEXT(WEEKDAY(DATE(Enero!CalendarioAño,1,19),1),"ddd") -> lun | V11: =TEXT(WEEKDAY(DATE(Enero!CalendarioAño,1,20),1),"ddd") -> mar | W11: =TEXT(WEEKDAY(DATE(Enero!CalendarioAño,1,21),1),"ddd") -> mié | X11: =TEXT(WEEKDAY(DATE(Enero!CalendarioAño,1,22),1),"ddd") -> jue | Y11: =TEXT(WEEKDAY(DATE(Enero!CalendarioAño,1,23),1),"ddd") -> vie | Z11: =TEXT(WEEKDAY(DATE(Enero!CalendarioAño,1,24),1),"ddd") -> sáb | AA11: =TEXT(WEEKDAY(DATE(Enero!CalendarioAño,1,25),1),"ddd") -> dom | AB11: =TEXT(WEEKDAY(DATE(Enero!CalendarioAño,1,26),1),"ddd") -> lun | AC11: =TEXT(WEEKDAY(DATE(Enero!CalendarioAño,1,27),1),"ddd") -> mar | AD11: =TEXT(WEEKDAY(DATE(Enero!CalendarioAño,1,28),1),"ddd") -> mié | AE11: =TEXT(WEEKDAY(DATE(Enero!CalendarioAño,1,29),1),"ddd") -> jue | AF11: =TEXT(WEEKDAY(DATE(Enero!CalendarioAño,1,30),1),"ddd") -> vie | AG11: =TEXT(WEEKDAY(DATE(Enero!CalendarioAño,1,31),1),"ddd") -> sáb
B12: NOMBRE Y APELLIDO | C12: 1 | D12: 2 | E12: 3 | F12: 4 | G12: 5 | H12: 6 | I12: 7 | J12: 8 | K12: 9 | L12: 10 | M12: 11 | N12: 12 | O12: 13 | P12: 14 | Q12: 15 | R12: 16 | S12: 17 | T12: 18 | U12: 19 | V12: 20 | W12: 21 | X12: 22 | Y12: 23 | Z12: 24 | AA12: 25 | AB12: 26 | AC12: 27 | AD12: 28 | AE12: 29 | AF12: 30 | AG12: 31 | AH12: Número total de días
B13: RAFAEL ALEJANDRO LUYO ALVARADO | G13: A | H13: A | I13: A | J13: A | K13: A | Y13: A | AB13: A | AD13: A | AE13: A
B14: OLIVIA GOÑES SERNA | G14: A | H14: A | J14: A | N14: A | Q14: A | AE14: A
B15: NOHA CASTILLO PRADO | G15: A | J15: A | N15: A | Q15: A | AB15: A | AE15: A
B16: ANIA SILVA CHÁVEZ | H16: A | J16: A | O16: A | Q16: A | AC16: A | AE16: A
B17: ADRIANA CLAUDIA ALVARADO ALVAREZ | I17: A | K17: A | N17: A | U17: A | W17: A | Y17: A | AD17: A | AE17: A
B18: ALESSIA VALENTINA ROJAS DÍAZ | H18: A | I18: A | K18: A | R18: A | W18: A | Y18: A | AD18: A
B19: JULEN EZEQUIEL GORAN RAMÍREZ MAQUERS | J19: A | L19: A | Q19: A | S19: A | V19: A | X19: A | AE19: A | AG19: A
B20: ADRIEL RAZEK ALFARO HUAMANI | J20: A
B21: VASCO ALEJANDRO QUEVEDO OROZ | J21: A | O21: A | Q21: A | V21: A | Y21: A | AC21: A
B22: MATTHEW GAEL ORTIZ OLAYA | H22: A | J22: A | O22: A | Q22: A | V22: A | X22: A | AC22: A | AE22: A
B23: LUCIANA CELESTE BERNIS SAMAME | I23: A | O23: A | Q23: A
B24: ISSAC DARITH ALVARADO OLIVARES | L24: A | R24: A | Y24: A | Z24: A | AG24: A
B25: ALHANNA ATHENEA HUAMANI CORTIJO | H25: A | O25: A | Q25: A | V25: A | X25: A | AE25: A
B26: GABRIEL ANDRÉS CASTAÑEDA CÁCERES | H26: A | O26: A | V26: A
B27: AARON ALESSANDRO INGA ARZAPALO | H27: A | S27: A | V27: A | Z27: A | AD27: A | AG27: A
B28: JULIETA MALDONADO GUEVARA | X28: A | AB28: A | AE28: A
B29: MARCELO SUAREZ FLORES | Z29: A | AG29: A
B30: ANTONELLA ZEA ESPINOZA | AB30: A
B31: MATT JESÚS AURES GUTIÉRREZ | AC31: A | AE31: A
B34: =Enero!MonthName&" Total" -> Enero Total | C34: =SUBTOTAL(103,Enero!$C$7) -> 0 | D34: =SUBTOTAL(103,Enero!$D$7) -> 0 | E34: =SUBTOTAL(103,Enero!$E$7) -> 0 | G34: =SUBTOTAL(103,Enero!$G$7) -> 0 | H34: =SUBTOTAL(103,Enero!$H$7) -> 0
B37: Enero | C37: SUPER BABY WOLF 4:00 PM /10:00 AM | AH37: 2026
C38: =TEXT(WEEKDAY(DATE(Enero!CalendarioAño,1,1),1),"ddd") -> jue | D38: =TEXT(WEEKDAY(DATE(Enero!CalendarioAño,1,2),1),"ddd") -> vie | E38: =TEXT(WEEKDAY(DATE(Enero!CalendarioAño,1,3),1),"ddd") -> sáb | F38: =TEXT(WEEKDAY(DATE(Enero!CalendarioAño,1,4),1),"ddd") -> dom | G38: =TEXT(WEEKDAY(DATE(Enero!CalendarioAño,1,5),1),"ddd") -> lun | H38: =TEXT(WEEKDAY(DATE(Enero!CalendarioAño,1,6),1),"ddd") -> mar | I38: =TEXT(WEEKDAY(DATE(Enero!CalendarioAño,1,7),1),"ddd") -> mié | J38: =TEXT(WEEKDAY(DATE(Enero!CalendarioAño,1,8),1),"ddd") -> jue | K38: =TEXT(WEEKDAY(DATE(Enero!CalendarioAño,1,9),1),"ddd") -> vie | L38: =TEXT(WEEKDAY(DATE(Enero!CalendarioAño,1,10),1),"ddd") -> sáb | M38: =TEXT(WEEKDAY(DATE(Enero!CalendarioAño,1,11),1),"ddd") -> dom | N38: =TEXT(WEEKDAY(DATE(Enero!CalendarioAño,1,12),1),"ddd") -> lun | O38: =TEXT(WEEKDAY(DATE(Enero!CalendarioAño,1,13),1),"ddd") -> mar | P38: =TEXT(WEEKDAY(DATE(Enero!CalendarioAño,1,14),1),"ddd") -> mié | Q38: =TEXT(WEEKDAY(DATE(Enero!CalendarioAño,1,15),1),"ddd") -> jue | R38: =TEXT(WEEKDAY(DATE(Enero!CalendarioAño,1,16),1),"ddd") -> vie | S38: =TEXT(WEEKDAY(DATE(Enero!CalendarioAño,1,17),1),"ddd") -> sáb | T38: =TEXT(WEEKDAY(DATE(Enero!CalendarioAño,1,18),1),"ddd") -> dom | U38: =TEXT(WEEKDAY(DATE(Enero!CalendarioAño,1,19),1),"ddd") -> lun | V38: =TEXT(WEEKDAY(DATE(Enero!CalendarioAño,1,20),1),"ddd") -> mar | W38: =TEXT(WEEKDAY(DATE(Enero!CalendarioAño,1,21),1),"ddd") -> mié | X38: =TEXT(WEEKDAY(DATE(Enero!CalendarioAño,1,22),1),"ddd") -> jue | Y38: =TEXT(WEEKDAY(DATE(Enero!CalendarioAño,1,23),1),"ddd") -> vie | Z38: =TEXT(WEEKDAY(DATE(Enero!CalendarioAño,1,24),1),"ddd") -> sáb | AA38: =TEXT(WEEKDAY(DATE(Enero!CalendarioAño,1,25),1),"ddd") -> dom | AB38: =TEXT(WEEKDAY(DATE(Enero!CalendarioAño,1,26),1),"ddd") -> lun | AC38: =TEXT(WEEKDAY(DATE(Enero!CalendarioAño,1,27),1),"ddd") -> mar | AD38: =TEXT(WEEKDAY(DATE(Enero!CalendarioAño,1,28),1),"ddd") -> mié | AE38: =TEXT(WEEKDAY(DATE(Enero!CalendarioAño,1,29),1),"ddd") -> jue | AF38: =TEXT(WEEKDAY(DATE(Enero!CalendarioAño,1,30),1),"ddd") -> vie | AG38: =TEXT(WEEKDAY(DATE(Enero!CalendarioAño,1,31),1),"ddd") -> sáb
B39: NOMBRE Y APELLIDO | C39: 1 | D39: 2 | E39: 3 | F39: 4 | G39: 5 | H39: 6 | I39: 7 | J39: 8 | K39: 9 | L39: 10 | M39: 11 | N39: 12 | O39: 13 | P39: 14 | Q39: 15 | R39: 16 | S39: 17 | T39: 18 | U39: 19 | V39: 20 | W39: 21 | X39: 22 | Y39: 23 | Z39: 24 | AA39: 25 | AB39: 26 | AC39: 27 | AD39: 28 | AE39: 29 | AF39: 30 | AG39: 31 | AH39: Número total de días
B40: ALEJANDRO JOAQUÍN TELLO SALAS | G40: A | I40: A | N40: A | R40: A | U40: A | W40: A | AD40: A
B41: ETHAN LIAM EDUARDO CHICCHON APAZA | G41: A | K41: A | R41: A | U41: A | W41: A | AB41: A | AD41: A
B42: ALBA CAYETANA YEPEZ VELIZ | G42: A | N42: A | V42: A | X42: A | AC42: A | AG42: A
B43: AITANA POLO MERCADO | H43: A | J43: A | Q43: A | AC43: A
B44: ORLANDO GABRIEL BOCANEGRA RIVASPLATA | I44: A | K44: A | R44: A | W44: A | Y44: A | AB44: A | AD44: A
B45: RAFAEL ALESSANDRO ESPINOZA ROJAS | H45: A | U45: A | V45: A | X45: A | Y45: A
B46: DYLAN ESTEBAN CHACÓN RIVAS | I46: A | K46: A | W46: A | Y46: A | AB46: A | AD46: A
B47: PIERO VALENTINO GONZALES NÚÑEZ | I47: A | N47: A | S47: A | U47: A | AB47: A | AD47: A | AG47: A
B48: ISAO NICOLÁS HIGA FARÍAS | H48: A | I48: A | N48: A | R48: A | U48: A | W48: A | Y48: A | AB48: A | AD48: A
B49: SOPHFIA QUISPE GÓMEZ | I49: A
B50: LEANDRO GIOVANNI MONTERO CARCAMO | L50: A | S50: A | Z50: A
B51: MATHIAS RODOLFO CARDENAS SULCARAY | L51: A | S51: A | Z51: A | AG51: A
B52: RODRIGO CHRISTIAN MORALES TARAZONA | L52: A | R52: A | S52: A | Z52: A
B53: DARIEL MATHIAS VALDEZ CAMPOS | J53: A | L53: A | R53: A | S53: A | X53: A | Z53: A
B54: BENJAMIN QUISPE HUAPAYA | O54: A | Q54: A | V54: A | X54: A | AC54: A | AE54: A
B55: MARÍA FERNANDA ELERA REY | H55: A | O55: A | Q55: A | V55: A | X55: A | AC55: A | AE55: A
B56: EMILIA MARCELA FONSECA SALAZAR | Q56: A | U56: A | AC56: A | AE56: A
B57: SEBASTIAN VERASTEGUI | W57: A | Y57: A | AC57: A | AE57: A
B58: LAIA THAIS JARA PAREDES | X58: A | AC58: A | AE58: A | AG58: A
B59: JULIAN BENJAMIN CUEVA LOAYZA | AE59: A | AG59: A
B60: MATEO CHAUCA | AG60: A
B62: =Enero!MonthName&" Total" -> Enero Total | C62: =SUBTOTAL(103,Enero!$C$7) -> 0 | D62: =SUBTOTAL(103,Enero!$D$7) -> 0 | E62: =SUBTOTAL(103,Enero!$E$7) -> 0 | G62: =SUBTOTAL(103,Enero!$G$7) -> 0
B64: Enero | C64: BABY WOLF 4:30 PM/10:30 | AH64: 2026
C65: =TEXT(WEEKDAY(DATE(Enero!CalendarioAño,1,1),1),"ddd") -> jue | D65: =TEXT(WEEKDAY(DATE(Enero!CalendarioAño,1,2),1),"ddd") -> vie | E65: =TEXT(WEEKDAY(DATE(Enero!CalendarioAño,1,3),1),"ddd") -> sáb | F65: =TEXT(WEEKDAY(DATE(Enero!CalendarioAño,1,4),1),"ddd") -> dom | G65: =TEXT(WEEKDAY(DATE(Enero!CalendarioAño,1,5),1),"ddd") -> lun | H65: =TEXT(WEEKDAY(DATE(Enero!CalendarioAño,1,6),1),"ddd") -> mar | I65: =TEXT(WEEKDAY(DATE(Enero!CalendarioAño,1,7),1),"ddd") -> mié | J65: =TEXT(WEEKDAY(DATE(Enero!CalendarioAño,1,8),1),"ddd") -> jue | K65: =TEXT(WEEKDAY(DATE(Enero!CalendarioAño,1,9),1),"ddd") -> vie | L65: =TEXT(WEEKDAY(DATE(Enero!CalendarioAño,1,10),1),"ddd") -> sáb | M65: =TEXT(WEEKDAY(DATE(Enero!CalendarioAño,1,11),1),"ddd") -> dom | N65: =TEXT(WEEKDAY(DATE(Enero!CalendarioAño,1,12),1),"ddd") -> lun | O65: =TEXT(WEEKDAY(DATE(Enero!CalendarioAño,1,13),1),"ddd") -> mar | P65: =TEXT(WEEKDAY(DATE(Enero!CalendarioAño,1,14),1),"ddd") -> mié | Q65: =TEXT(WEEKDAY(DATE(Enero!CalendarioAño,1,15),1),"ddd") -> jue | R65: =TEXT(WEEKDAY(DATE(Enero!CalendarioAño,1,16),1),"ddd") -> vie | S65: =TEXT(WEEKDAY(DATE(Enero!CalendarioAño,1,17),1),"ddd") -> sáb | T65: =TEXT(WEEKDAY(DATE(Enero!CalendarioAño,1,18),1),"ddd") -> dom | U65: =TEXT(WEEKDAY(DATE(Enero!CalendarioAño,1,19),1),"ddd") -> lun | V65: =TEXT(WEEKDAY(DATE(Enero!CalendarioAño,1,20),1),"ddd") -> mar | W65: =TEXT(WEEKDAY(DATE(Enero!CalendarioAño,1,21),1),"ddd") -> mié | X65: =TEXT(WEEKDAY(DATE(Enero!CalendarioAño,1,22),1),"ddd") -> jue | Y65: =TEXT(WEEKDAY(DATE(Enero!CalendarioAño,1,23),1),"ddd") -> vie | Z65: =TEXT(WEEKDAY(DATE(Enero!CalendarioAño,1,24),1),"ddd") -> sáb | AA65: =TEXT(WEEKDAY(DATE(Enero!CalendarioAño,1,25),1),"ddd") -> dom | AB65: =TEXT(WEEKDAY(DATE(Enero!CalendarioAño,1,26),1),"ddd") -> lun | AC65: =TEXT(WEEKDAY(DATE(Enero!CalendarioAño,1,27),1),"ddd") -> mar | AD65: =TEXT(WEEKDAY(DATE(Enero!CalendarioAño,1,28),1),"ddd") -> mié | AE65: =TEXT(WEEKDAY(DATE(Enero!CalendarioAño,1,29),1),"ddd") -> jue | AF65: =TEXT(WEEKDAY(DATE(Enero!CalendarioAño,1,30),1),"ddd") -> vie | AG65: =TEXT(WEEKDAY(DATE(Enero!CalendarioAño,1,31),1),"ddd") -> sáb
B66: NOMBRE Y APELLIDO | C66: 1 | D66: 2 | E66: 3 | F66: 4 | G66: 5 | H66: 6 | I66: 7 | J66: 8 | K66: 9 | L66: 10 | M66: 11 | N66: 12 | O66: 13 | P66: 14 | Q66: 15 | R66: 16 | S66: 17 | T66: 18 | U66: 19 | V66: 20 | W66: 21 | X66: 22 | Y66: 23 | Z66: 24 | AA66: 25 | AB66: 26 | AC66: 27 | AD66: 28 | AE66: 29 | AF66: 30 | AG66: 31 | AH66: Número total de días
B67: SOPHIA KAI DÁVILA GUZMÁN | G67: A | K67: A | R67: A | AD67: A
B68: SANTIAGO ALONSO FERNÁNDEZ DÍAZ | H68: A | J68: A | N68: A | U68: A | W68: A | AD68: A
B69: SANTHIAGO ALEXANDEE AGUSTÍN SILENCIO | H69: A | J69: A | O69: A | Q69: A | V69: A
B70: SALVADOR LARCO VERGAS | H70: A | J70: A | O70: A | Q70: A | V70: A | Z70: A | AG70: A
B71: ALEC REYES KROLL | H71: A | K71: A | O71: A | Q71: A | V71: A | AC71: A
B72: MATTEO AUGUSTO RIVAS MERINO | H72: A | K72: A | Q72: A | R72: A
B73: GABRIELA ISABELLA ROJAS LAZO | K73: A | L73: A | O73: A | R73: A | V73: A | AC73: A
B74: SOFÍA NICOLLE LUCENA COMPOS | H74: A | J74: A | O74: A
B75: HARRY VINCENT LANDEO LUCAS | I75: A | S75: A | V75: A | Z75: A | AE75: A | AG75: A
B76: AITANA SOSA QUIROZ | I76: A
B77: MARTIN HOLGADO PAZ | I77: A | R77: A | W77: A | AD77: A
B78: NICOLAS ORDONEZ NORIEDA | I78: A | N78: A | R78: A | U78: A | W78: A | AB78: A | AD78: A
B79: AIDAN LIAM ANTONIO SEGURA IBARRA | I79: A | Q79: A | S79: A | X79: A | Z79: A | AG79: A
B80: EMANUEL DAVID RIVAS PAETAN | L80: A | S80: A | Z80: A | AG80: A
B81: LUCIO VINCENZO MOSQUERA ANGELES | L81: A | R81: A | S81: A | Z81: A | AG81: A
B82: MAURICIO STEFANO VILLANUEVA MONTAYA | L82: A
B83: DARA CASSANA CIURLIZZA | H83: A | L83: A | S83: A | X83: A | Z83: A | AE83: A | AG83: A
B84: MARIANA MONTEZA VALENTINA | L84: A | S84: A | W84: A | Z84: A | AD84: A
B85: FERNANDA SOLES | H85: A | N85: A | Q85: A | V85: A | AE85: A
B86: LUKA DEREK HUAMAN CASAS | N86: A | S86: A | U86: A | W86: A | Z86: A | AC86: A | AD86: A | AE86: A
B87: FRANCO SALSARRIAGA EZETA | O87: A | Q87: A | V87: A | X87: A | AC87: A | AE87: A
B88: NOAH AGUILERA LUYO | O88: A | V88: A | X88: A | AC88: A
B89: LUA GIANELLA RODRIGUEZ CASTRO | Q89: A | W89: A | X89: A | AD89: A
B90: DANAE | S90: A | V90: A | Z90: A
B91: VILMA GEORGINA PUMA ESTRADA | V91: A | W91: A
B92: LEAH GARCIA QUIÑONES | U92: A | X92: A | AB92: A | AG92: A
B93: SOFÍA AMAIA ALARCÓN VILCHEZ | AC93: A | AE93: A
B94: FABRIZIO MIGUEL ASTORGA CASTRO | AD94: A | AG94: A
B95: =Enero!MonthName&" Total" -> Enero Total | C95: =SUBTOTAL(103,Enero!$C$7) -> 0 | D95: =SUBTOTAL(103,Enero!$D$7) -> 0 | E95: =SUBTOTAL(103,Enero!$E$7) -> 0 | G95: =SUBTOTAL(103,Enero!$G$7) -> 0
B97: Enero | C97: BABY WOLF 5:00 PM/11:00 AM | AH97: 2026
C98: =TEXT(WEEKDAY(DATE(Enero!CalendarioAño,1,1),1),"ddd") -> jue | D98: =TEXT(WEEKDAY(DATE(Enero!CalendarioAño,1,2),1),"ddd") -> vie | E98: =TEXT(WEEKDAY(DATE(Enero!CalendarioAño,1,3),1),"ddd") -> sáb | F98: =TEXT(WEEKDAY(DATE(Enero!CalendarioAño,1,4),1),"ddd") -> dom | G98: =TEXT(WEEKDAY(DATE(Enero!CalendarioAño,1,5),1),"ddd") -> lun | H98: =TEXT(WEEKDAY(DATE(Enero!CalendarioAño,1,6),1),"ddd") -> mar | I98: =TEXT(WEEKDAY(DATE(Enero!CalendarioAño,1,7),1),"ddd") -> mié | J98: =TEXT(WEEKDAY(DATE(Enero!CalendarioAño,1,8),1),"ddd") -> jue | K98: =TEXT(WEEKDAY(DATE(Enero!CalendarioAño,1,9),1),"ddd") -> vie | L98: =TEXT(WEEKDAY(DATE(Enero!CalendarioAño,1,10),1),"ddd") -> sáb | M98: =TEXT(WEEKDAY(DATE(Enero!CalendarioAño,1,11),1),"ddd") -> dom | N98: =TEXT(WEEKDAY(DATE(Enero!CalendarioAño,1,12),1),"ddd") -> lun | O98: =TEXT(WEEKDAY(DATE(Enero!CalendarioAño,1,13),1),"ddd") -> mar | P98: =TEXT(WEEKDAY(DATE(Enero!CalendarioAño,1,14),1),"ddd") -> mié | Q98: =TEXT(WEEKDAY(DATE(Enero!CalendarioAño,1,15),1),"ddd") -> jue | R98: =TEXT(WEEKDAY(DATE(Enero!CalendarioAño,1,16),1),"ddd") -> vie | S98: =TEXT(WEEKDAY(DATE(Enero!CalendarioAño,1,17),1),"ddd") -> sáb | T98: =TEXT(WEEKDAY(DATE(Enero!CalendarioAño,1,18),1),"ddd") -> dom | U98: =TEXT(WEEKDAY(DATE(Enero!CalendarioAño,1,19),1),"ddd") -> lun | V98: =TEXT(WEEKDAY(DATE(Enero!CalendarioAño,1,20),1),"ddd") -> mar | W98: =TEXT(WEEKDAY(DATE(Enero!CalendarioAño,1,21),1),"ddd") -> mié | X98: =TEXT(WEEKDAY(DATE(Enero!CalendarioAño,1,22),1),"ddd") -> jue | Y98: =TEXT(WEEKDAY(DATE(Enero!CalendarioAño,1,23),1),"ddd") -> vie | Z98: =TEXT(WEEKDAY(DATE(Enero!CalendarioAño,1,24),1),"ddd") -> sáb | AA98: =TEXT(WEEKDAY(DATE(Enero!CalendarioAño,1,25),1),"ddd") -> dom | AB98: =TEXT(WEEKDAY(DATE(Enero!CalendarioAño,1,26),1),"ddd") -> lun | AC98: =TEXT(WEEKDAY(DATE(Enero!CalendarioAño,1,27),1),"ddd") -> mar | AD98: =TEXT(WEEKDAY(DATE(Enero!CalendarioAño,1,28),1),"ddd") -> mié | AE98: =TEXT(WEEKDAY(DATE(Enero!CalendarioAño,1,29),1),"ddd") -> jue | AF98: =TEXT(WEEKDAY(DATE(Enero!CalendarioAño,1,30),1),"ddd") -> vie | AG98: =TEXT(WEEKDAY(DATE(Enero!CalendarioAño,1,31),1),"ddd") -> sáb
B99: NOMBRE Y APELLIDO | C99: 1 | D99: 2 | E99: 3 | F99: 4 | G99: 5 | H99: 6 | I99: 7 | J99: 8 | K99: 9 | L99: 10 | M99: 11 | N99: 12 | O99: 13 | P99: 14 | Q99: 15 | R99: 16 | S99: 17 | T99: 18 | U99: 19 | V99: 20 | W99: 21 | X99: 22 | Y99: 23 | Z99: 24 | AA99: 25 | AB99: 26 | AC99: 27 | AD99: 28 | AE99: 29 | AF99: 30 | AG99: 31 | AH99: Número total de días
B100: BRUNO SEBASTIÁN VIGIL PAREDES | G100: A | I100: A | N100: A | W100: A | AB100: A | AD100: A
B101: GIACOMO REM ROBLES ESCUDERO | G101: A | I101: A | W101: A | X101: A | Z101: A | AB101: A | AD101: A
B102: CARLOS ALBERTO FERNÁNDEZ ABAD | G102: A | I102: A | N102: A | R102: A | W102: A | AB102: A | AD102: A
B103: SANTIAGO ALVA MACCIAVELLO | G103: A | J103: A | K103: A | O103: A | W103: A | Y103: A | AB103: A | AD103: A | AE103: A
B104: ÚRSULA JULIETA DÍAZ ORTIZ | J104: A | N104: A | S104: A | Z104: A
B105: CAMILA MAUREEN GARCIA VEGA | K105: A | N105: A | Q105: A | V105: A | Y105: A | AB105: A | AD105: A
B106: RAFAEL TERRIBLE | H106: A | J106: A | O106: A | Q106: A | V106: A | AC106: A | AE106: A
B107: ALESSIA FÁTIMA LASAPONARA RUIZ | H107: A | J107: A | O107: A | Q107: A | V107: A | X107: A | AC107: A | AE107: A
B108: SERGIO JEREMY AGUIRRE MISIYAURI | H108: A | I108: A | O108: A | Q108: A | R108: A | V108: A | X108: A | AC108: A | AE108: A
B109: CAMILA JARA PAREDES | I109: A | X109: A | AC109: A | AE109: A | AG109: A
B110: ADRIEL ANDREW PAREJA MONTES | L110: A | S110: A | Z110: A | AG110: A
...

Sheet Febrero
B1: ASISTENCIA DE ALUMNOS
B2: Claves de los tipos de Asistencia | C2: F | D2: FALTAS | G2: J | H2: JUSTIFICADA | K2: A | L2: ASISTENCIA | O2: R | P2: RECUPERACION | T2: E | U2: EVENTOS
B4: Enero | C4: MEGA SUPER BABY WOLF 3:00 PM/9:00 AM | AD4: 2026
C5: =TEXT(WEEKDAY(DATE(Febrero!CalendarioAño,1,5),1),"ddd") -> lun | D5: =TEXT(WEEKDAY(DATE(Febrero!CalendarioAño,1,6),1),"ddd") -> mar | E5: =TEXT(WEEKDAY(DATE(Febrero!CalendarioAño,1,7),1),"ddd") -> mié | F5: =TEXT(WEEKDAY(DATE(Febrero!CalendarioAño,1,8),1),"ddd") -> jue | G5: =TEXT(WEEKDAY(DATE(Febrero!CalendarioAño,1,9),1),"ddd") -> vie | H5: =TEXT(WEEKDAY(DATE(Febrero!CalendarioAño,1,10),1),"ddd") -> sáb | I5: =TEXT(WEEKDAY(DATE(Febrero!CalendarioAño,1,11),1),"ddd") -> dom | J5: =TEXT(WEEKDAY(DATE(Febrero!CalendarioAño,1,5),1),"ddd") -> lun | K5: =TEXT(WEEKDAY(DATE(Febrero!CalendarioAño,1,6),1),"ddd") -> mar | L5: =TEXT(WEEKDAY(DATE(Febrero!CalendarioAño,1,7),1),"ddd") -> mié | M5: =TEXT(WEEKDAY(DATE(Febrero!CalendarioAño,1,8),1),"ddd") -> jue | N5: =TEXT(WEEKDAY(DATE(Febrero!CalendarioAño,1,9),1),"ddd") -> vie | O5: =TEXT(WEEKDAY(DATE(Febrero!CalendarioAño,1,10),1),"ddd") -> sáb | P5: =TEXT(WEEKDAY(DATE(Febrero!CalendarioAño,1,11),1),"ddd") -> dom | Q5: =TEXT(WEEKDAY(DATE(Febrero!CalendarioAño,1,5),1),"ddd") -> lun | R5: =TEXT(WEEKDAY(DATE(Febrero!CalendarioAño,1,6),1),"ddd") -> mar | S5: =TEXT(WEEKDAY(DATE(Febrero!CalendarioAño,1,7),1),"ddd") -> mié | T5: =TEXT(WEEKDAY(DATE(Febrero!CalendarioAño,1,8),1),"ddd") -> jue | U5: =TEXT(WEEKDAY(DATE(Febrero!CalendarioAño,1,9),1),"ddd") -> vie | V5: =TEXT(WEEKDAY(DATE(Febrero!CalendarioAño,1,10),1),"ddd") -> sáb | W5: =TEXT(WEEKDAY(DATE(Febrero!CalendarioAño,1,11),1),"ddd") -> dom | X5: =TEXT(WEEKDAY(DATE(Febrero!CalendarioAño,1,5),1),"ddd") -> lun | Y5: =TEXT(WEEKDAY(DATE(Febrero!CalendarioAño,1,6),1),"ddd") -> mar | Z5: =TEXT(WEEKDAY(DATE(Febrero!CalendarioAño,1,7),1),"ddd") -> mié | AA5: =TEXT(WEEKDAY(DATE(Febrero!CalendarioAño,1,8),1),"ddd") -> jue | AB5: =TEXT(WEEKDAY(DATE(Febrero!CalendarioAño,1,9),1),"ddd") -> vie | AC5: =TEXT(WEEKDAY(DATE(Febrero!CalendarioAño,1,10),1),"ddd") -> sáb
B6: NOMBRE Y APELLIDO | C6: 2 | D6: 3 | E6: 4 | F6: 5 | G6: 6 | H6: 7 | I6: 8 | J6: 9 | K6: 10 | L6: 11 | M6: 12 | N6: 13 | O6: 14 | P6: 15 | Q6: 16 | R6: 17 | S6: 18 | T6: 19 | U6: 20 | V6: 21 | W6: 22 | X6: 23 | Y6: 24 | Z6: 25 | AA6: 26 | AB6: 27 | AC6: 28 | AD6: Número total de días
B8: =Febrero!MonthName&" Total" -> Enero Total | C8: =SUBTOTAL(103,Febrero!$C$7) -> 0 | D8: =SUBTOTAL(103,Febrero!$D$7) -> 0 | E8: =SUBTOTAL(103,Febrero!$E$7) -> 0 | F8: =SUBTOTAL(103,Febrero!$F$7) -> 0 | G8: =SUBTOTAL(103,Febrero!$G$7) -> 0 | H8: =SUBTOTAL(103,Febrero!$H$7) -> 0 | I8: =SUBTOTAL(103,Febrero!$I$7) -> 0 | J8: =SUBTOTAL(103,Febrero!$J$7) -> 0 | K8: =SUBTOTAL(103,Febrero!$K$7) -> 0 | L8: =SUBTOTAL(103,Febrero!$L$7) -> 0 | M8: =SUBTOTAL(103,Febrero!$M$7) -> 0 | N8: =SUBTOTAL(103,Febrero!$N$7) -> 0 | O8: =SUBTOTAL(103,Febrero!$O$7) -> 0 | P8: =SUBTOTAL(103,Febrero!$P$7) -> 0 | Q8: =SUBTOTAL(103,Febrero!$Q$7) -> 0 | R8: =SUBTOTAL(103,Febrero!$R$7) -> 0 | S8: =SUBTOTAL(103,Febrero!$S$7) -> 0 | T8: =SUBTOTAL(103,Febrero!$T$7) -> 0 | U8: =SUBTOTAL(103,Febrero!$U$7) -> 0 | V8: =SUBTOTAL(103,Febrero!$V$7) -> 0 | W8: =SUBTOTAL(103,Febrero!$W$7) -> 0 | X8: =SUBTOTAL(103,Febrero!$X$7) -> 0 | Y8: =SUBTOTAL(103,Febrero!$Y$7) -> 0 | Z8: =SUBTOTAL(103,Febrero!$Z$7) -> 0 | AA8: =SUBTOTAL(103,Febrero!$AA$7) -> 0 | AB8: =SUBTOTAL(103,Febrero!$AB$7) -> 0 | AC8: =SUBTOTAL(103,Febrero!$AC$7) -> 0
B10: Enero | C10: SUPER BABY WOLF 3:30 PM/9:30 AM | AD10: 2026
C11: =TEXT(WEEKDAY(DATE(Febrero!CalendarioAño,1,5),1),"ddd") -> lun | D11: =TEXT(WEEKDAY(DATE(Febrero!CalendarioAño,1,6),1),"ddd") -> mar | E11: =TEXT(WEEKDAY(DATE(Febrero!CalendarioAño,1,7),1),"ddd") -> mié | F11: =TEXT(WEEKDAY(DATE(Febrero!CalendarioAño,1,8),1),"ddd") -> jue | G11: =TEXT(WEEKDAY(DATE(Febrero!CalendarioAño,1,9),1),"ddd") -> vie | H11: =TEXT(WEEKDAY(DATE(Febrero!CalendarioAño,1,10),1),"ddd") -> sáb | I11: =TEXT(WEEKDAY(DATE(Febrero!CalendarioAño,1,11),1),"ddd") -> dom | J11: =TEXT(WEEKDAY(DATE(Febrero!CalendarioAño,1,5),1),"ddd") -> lun | K11: =TEXT(WEEKDAY(DATE(Febrero!CalendarioAño,1,6),1),"ddd") -> mar | L11: =TEXT(WEEKDAY(DATE(Febrero!CalendarioAño,1,7),1),"ddd") -> mié | M11: =TEXT(WEEKDAY(DATE(Febrero!CalendarioAño,1,8),1),"ddd") -> jue | N11: =TEXT(WEEKDAY(DATE(Febrero!CalendarioAño,1,9),1),"ddd") -> vie | O11: =TEXT(WEEKDAY(DATE(Febrero!CalendarioAño,1,10),1),"ddd") -> sáb | P11: =TEXT(WEEKDAY(DATE(Febrero!CalendarioAño,1,11),1),"ddd") -> dom | Q11: =TEXT(WEEKDAY(DATE(Febrero!CalendarioAño,1,5),1),"ddd") -> lun | R11: =TEXT(WEEKDAY(DATE(Febrero!CalendarioAño,1,6),1),"ddd") -> mar | S11: =TEXT(WEEKDAY(DATE(Febrero!CalendarioAño,1,7),1),"ddd") -> mié | T11: =TEXT(WEEKDAY(DATE(Febrero!CalendarioAño,1,8),1),"ddd") -> jue | U11: =TEXT(WEEKDAY(DATE(Febrero!CalendarioAño,1,9),1),"ddd") -> vie | V11: =TEXT(WEEKDAY(DATE(Febrero!CalendarioAño,1,10),1),"ddd") -> sáb | W11: =TEXT(WEEKDAY(DATE(Febrero!CalendarioAño,1,11),1),"ddd") -> dom | X11: =TEXT(WEEKDAY(DATE(Febrero!CalendarioAño,1,5),1),"ddd") -> lun | Y11: =TEXT(WEEKDAY(DATE(Febrero!CalendarioAño,1,6),1),"ddd") -> mar | Z11: =TEXT(WEEKDAY(DATE(Febrero!CalendarioAño,1,7),1),"ddd") -> mié | AA11: =TEXT(WEEKDAY(DATE(Febrero!CalendarioAño,1,8),1),"ddd") -> jue | AB11: =TEXT(WEEKDAY(DATE(Febrero!CalendarioAño,1,9),1),"ddd") -> vie | AC11: =TEXT(WEEKDAY(DATE(Febrero!CalendarioAño,1,10),1),"ddd") -> sáb
B12: NOMBRE Y APELLIDO | C12: 2 | D12: 3 | E12: 4 | F12: 5 | G12: 6 | H12: 7 | I12: 8 | J12: 9 | K12: 10 | L12: 11 | M12: 12 | N12: 13 | O12: 14 | P12: 15 | Q12: 16 | R12: 17 | S12: 18 | T12: 19 | U12: 20 | V12: 21 | W12: 22 | X12: 23 | Y12: 24 | Z12: 25 | AA12: 26 | AB12: 27 | AC12: 28 | AD12: Número total de días
B13: RAFAEL ALEJANDRO LUYO ALVARADO | C13: A | D13: A | E13: A | F13: A | G13: A | J13: A | K13: A | L13: A | M13: A | N13: A | Q13: A | R13: A | S13: A | T13: A | U13: A
B14: OLIVIA GOÑES SERNA | C14: A | G14: A | H14: A | J14: A | L14: A | S14: A | Z14: A
B15: NOHA CASTILLO PRADO | C15: A | J15: A | M15: A | Q15: A | X15: A
B16: ANIA SILVA CHÁVEZ | D16: A | F16: A | G16: A | K16: A | Q16: A | T16: A | X16: A | AA16: A
B17: ADRIANA CLAUDIA ALVARADO ALVAREZ | E17: A | G17: A | L17: A | N17: A | S17: A | U17: A | Z17: A
B18: ALESSIA VALENTINA ROJAS DÍAZ | D18: A | E18: A | M18: A | T18: A | V18: A
B19: JULEN EZEQUIEL GORAN RAMÍREZ MAQUERS | F19: A | K19: A | M19: A | O19: A | U19: A | V19: A | Y19: A | Z19: A | AA19: A
B20: ADRIEL RAZEK ALFARO HUAMANI | K20: A | M20: A | T20: A | Y20: A | AA20: A
B21: VASCO ALEJANDRO QUEVEDO OROZ | G21: A | L21: A
B22: MATTHEW GAEL ORTIZ OLAYA | D22: A
B23: LUCIANA CELESTE BERNIS SAMAME | E23: A | F23: A | K23: A | M23: A | Q23: A | R23: A
B24: ISSAC DARITH ALVARADO OLIVARES | H24: A | L24: A | U24: A
B25: ALHANNA ATHENEA HUAMANI CORTIJO | D25: A | F25: A | K25: A | M25: A | R25: A | T25: A
B26: GABRIEL ANDRÉS CASTAÑEDA CÁCERES | D26: A | F26: A | N26: A | R26: A | U26: A
B27: AARON ALESSANDRO INGA ARZAPALO | D27: A | U27: A
B28: JULIETA MALDONADO GUEVARA | C28: A | F28: A
B29: MARCELO SUAREZ FLORES | V29: A
B30: ANTONELLA ZEA ESPINOZA | J30: A | X30: A | AA30: A
B31: MATT JESÚS AURES GUTIÉRREZ | F31: A | K31: A | R31: A | T31: A | V31: A | X31: A | AA31: A
B32: YUN HE DAVID ZHANG IZQUIERDO | C32: A | E32: A | F32: A
B33: NOAH KROES | D33: A | F33: A | K33: A | R33: A
B34: GETZENN VELIT AYALA | F34: A | H34: A | K34: A | M34: A | R34: A | T34: A | Y34: A | AA34: A
B35: CATALINA MILAGROS SANDOVAL MÉNDEZ | G35: A
B36: JOAQUIN CARBAJAL ESPINOZA | H36: A | M36: A | AA36: A
B37: LIA SALAZAR CASTILLA | T37: A | X37: A
B38: PABLO STEFANO MAZUELOS LUPACA | AA38: A
B41: =Febrero!MonthName&" Total" -> Enero Total | C41: =SUBTOTAL(103,Febrero!$C$7) -> 0 | D41: =SUBTOTAL(103,Febrero!$D$7) -> 0 | E41: =SUBTOTAL(103,Febrero!$E$7) -> 0 | G41: =SUBTOTAL(103,Febrero!$G$7) -> 0 | H41: =SUBTOTAL(103,Febrero!$H$7) -> 0
B44: Enero | C44: SUPER BABY WOLF 4:00 PM /10:00 AM | AD44: 2026
C45: =TEXT(WEEKDAY(DATE(Febrero!CalendarioAño,1,5),1),"ddd") -> lun | D45: =TEXT(WEEKDAY(DATE(Febrero!CalendarioAño,1,6),1),"ddd") -> mar | E45: =TEXT(WEEKDAY(DATE(Febrero!CalendarioAño,1,7),1),"ddd") -> mié | F45: =TEXT(WEEKDAY(DATE(Febrero!CalendarioAño,1,8),1),"ddd") -> jue | G45: =TEXT(WEEKDAY(DATE(Febrero!CalendarioAño,1,9),1),"ddd") -> vie | H45: =TEXT(WEEKDAY(DATE(Febrero!CalendarioAño,1,10),1),"ddd") -> sáb | I45: =TEXT(WEEKDAY(DATE(Febrero!CalendarioAño,1,11),1),"ddd") -> dom | J45: =TEXT(WEEKDAY(DATE(Febrero!CalendarioAño,1,5),1),"ddd") -> lun | K45: =TEXT(WEEKDAY(DATE(Febrero!CalendarioAño,1,6),1),"ddd") -> mar | L45: =TEXT(WEEKDAY(DATE(Febrero!CalendarioAño,1,7),1),"ddd") -> mié | M45: =TEXT(WEEKDAY(DATE(Febrero!CalendarioAño,1,8),1),"ddd") -> jue | N45: =TEXT(WEEKDAY(DATE(Febrero!CalendarioAño,1,9),1),"ddd") -> vie | O45: =TEXT(WEEKDAY(DATE(Febrero!CalendarioAño,1,10),1),"ddd") -> sáb | P45: =TEXT(WEEKDAY(DATE(Febrero!CalendarioAño,1,11),1),"ddd") -> dom | Q45: =TEXT(WEEKDAY(DATE(Febrero!CalendarioAño,1,5),1),"ddd") -> lun | R45: =TEXT(WEEKDAY(DATE(Febrero!CalendarioAño,1,6),1),"ddd") -> mar | S45: =TEXT(WEEKDAY(DATE(Febrero!CalendarioAño,1,7),1),"ddd") -> mié | T45: =TEXT(WEEKDAY(DATE(Febrero!CalendarioAño,1,8),1),"ddd") -> jue | U45: =TEXT(WEEKDAY(DATE(Febrero!CalendarioAño,1,9),1),"ddd") -> vie | V45: =TEXT(WEEKDAY(DATE(Febrero!CalendarioAño,1,10),1),"ddd") -> sáb | W45: =TEXT(WEEKDAY(DATE(Febrero!CalendarioAño,1,11),1),"ddd") -> dom | X45: =TEXT(WEEKDAY(DATE(Febrero!CalendarioAño,1,5),1),"ddd") -> lun | Y45: =TEXT(WEEKDAY(DATE(Febrero!CalendarioAño,1,6),1),"ddd") -> mar | Z45: =TEXT(WEEKDAY(DATE(Febrero!CalendarioAño,1,7),1),"ddd") -> mié | AA45: =TEXT(WEEKDAY(DATE(Febrero!CalendarioAño,1,8),1),"ddd") -> jue | AB45: =TEXT(WEEKDAY(DATE(Febrero!CalendarioAño,1,9),1),"ddd") -> vie | AC45: =TEXT(WEEKDAY(DATE(Febrero!CalendarioAño,1,10),1),"ddd") -> sáb
B46: NOMBRE Y APELLIDO | C46: 2 | D46: 3 | E46: 4 | F46: 5 | G46: 6 | H46: 7 | I46: 8 | J46: 9 | K46: 10 | L46: 11 | M46: 12 | N46: 13 | O46: 14 | P46: 15 | Q46: 16 | R46: 17 | S46: 18 | T46: 19 | U46: 20 | V46: 21 | W46: 22 | X46: 23 | Y46: 24 | Z46: 25 | AA46: 26 | AB46: 27 | AC46: 28 | AD46: Número total de días
B47: ALEJANDRO JOAQUÍN TELLO SALAS | E47: A | G47: A | H47: A | J47: A | L47: A | Q47: A | S47: A | X47: A | Z47: A
B48: ETHAN LIAM EDUARDO CHICCHON APAZA | C48: A | E48: A | G48: A | Q48: A | S48: A | U48: A | Z48: A
B49: ALBA CAYETANA YEPEZ VELIZ | F49: A | K49: A | M49: A | T49: A | X49: A | AA49: A
B50: AITANA POLO MERCADO | D50: A | K50: A | T50: A
B51: ORLANDO GABRIEL BOCANEGRA RIVASPLATA | E51: A | G51: A | L51: A | N51: A | S51: A | U51: A | Z51: A
B52: RAFAEL ALESSANDRO ESPINOZA ROJAS | D52: A | E52: A | J52: A | K52: A | X52: A | Z52: A
B53: DYLAN ESTEBAN CHACÓN RIVAS | E53: A | G53: A | L53: A | N53: A | S53: A | U53: A | Z53: A
B54: PIERO VALENTINO GONZALES NÚÑEZ | F54: A | Z54: A | AA54: A
B55: ISAO NICOLÁS HIGA FARÍAS | C55: A | E55: A | N55: A
B56: SOPHFIA QUISPE GÓMEZ
B57: MATHIAS RODOLFO CARDENAS SULCARAY | H57: A | O57: A | V57: A
B58: RODRIGO CHRISTIAN MORALES TARAZONA | G58: A | U58: A | Z58: A
B59: DARIEL MATHIAS VALDEZ CAMPOS | C59: A | E59: A | G59: A | K59: A | L59: A | Q59: A | T59: A
B60: BENJAMIN QUISPE HUAPAYA | D60: A | E60: A | K60: A | M60: A | S60: A | U60: A | Y60: A | AA60: A
B61: MARÍA FERNANDA ELERA REY | D61: A | F61: A | N61: A | R61: A | T61: A
B62: EMILIA MARCELA FONSECA SALAZAR | F62: A | H62: A | N62: A | T62: A
B63: SEBASTIAN VERASTEGUI | G63: A | K63: A | N63: A | R63: A | Y63: A
B64: LAIA THAIS JARA PAREDES | F64: A | H64: A | M64: A | O64: A | R64: A | AA64: A
B65: JULIAN BENJAMIN CUEVA LOAYZA | C65: A | G65: A | J65: A | N65: A | Q65: A | V65: A | X65: A
B66: MATEO CHAUCA | D66: A | H66: A | K66: A | O66: A | V66: A
B67: GABRIEL SANCHEZ CABELLO | D67: A | F67: A | M67: A | O67: A | U67: A | V67: A
B68: LEONARDO HIDALGO VASQUEZ | D68: A | O68: A | T68: A | U68: A | V68: A | X68: A
B69: ALESSIA MORENO | D69: A | H69: A | K69: A | N69: A | O69: A | R69: A | V69: A | Y69: A
B70: ADAEL GUTIERREZ URETA | E70: A | H70: A | V70: A | Z70: A
B71: BENJAMIN ROMERO | K71: A | M71: A | R71: A | T71: A
B72: SAORI DOMENICA OSHIRO LOPEZ | T72: A | Y72: A | AA72: A
B73: GAIA EMMA MENACHO ALVAREZ | AA73: A
B76: =Febrero!MonthName&" Total" -> Enero Total | C76: =SUBTOTAL(103,Febrero!$C$7) -> 0 | D76: =SUBTOTAL(103,Febrero!$D$7) -> 0 | E76: =SUBTOTAL(103,Febrero!$E$7) -> 0 | G76: =SUBTOTAL(103,Febrero!$G$7) -> 0
B78: Enero | C78: BABY WOLF 4:30 PM/10:30 | AD78: 2026
C79: =TEXT(WEEKDAY(DATE(Febrero!CalendarioAño,1,5),1),"ddd") -> lun | D79: =TEXT(WEEKDAY(DATE(Febrero!CalendarioAño,1,6),1),"ddd") -> mar | E79: =TEXT(WEEKDAY(DATE(Febrero!CalendarioAño,1,7),1),"ddd") -> mié | F79: =TEXT(WEEKDAY(DATE(Febrero!CalendarioAño,1,8),1),"ddd") -> jue | G79: =TEXT(WEEKDAY(DATE(Febrero!CalendarioAño,1,9),1),"ddd") -> vie | H79: =TEXT(WEEKDAY(DATE(Febrero!CalendarioAño,1,10),1),"ddd") -> sáb | I79: =TEXT(WEEKDAY(DATE(Febrero!CalendarioAño,1,11),1),"ddd") -> dom | J79: =TEXT(WEEKDAY(DATE(Febrero!CalendarioAño,1,5),1),"ddd") -> lun | K79: =TEXT(WEEKDAY(DATE(Febrero!CalendarioAño,1,6),1),"ddd") -> mar | L79: =TEXT(WEEKDAY(DATE(Febrero!CalendarioAño,1,7),1),"ddd") -> mié | M79: =TEXT(WEEKDAY(DATE(Febrero!CalendarioAño,1,8),1),"ddd") -> jue | N79: =TEXT(WEEKDAY(DATE(Febrero!CalendarioAño,1,9),1),"ddd") -> vie | O79: =TEXT(WEEKDAY(DATE(Febrero!CalendarioAño,1,10),1),"ddd") -> sáb | P79: =TEXT(WEEKDAY(DATE(Febrero!CalendarioAño,1,11),1),"ddd") -> dom | Q79: =TEXT(WEEKDAY(DATE(Febrero!CalendarioAño,1,5),1),"ddd") -> lun | R79: =TEXT(WEEKDAY(DATE(Febrero!CalendarioAño,1,6),1),"ddd") -> mar | S79: =TEXT(WEEKDAY(DATE(Febrero!CalendarioAño,1,7),1),"ddd") -> mié | T79: =TEXT(WEEKDAY(DATE(Febrero!CalendarioAño,1,8),1),"ddd") -> jue | U79: =TEXT(WEEKDAY(DATE(Febrero!CalendarioAño,1,9),1),"ddd") -> vie | V79: =TEXT(WEEKDAY(DATE(Febrero!CalendarioAño,1,10),1),"ddd") -> sáb | W79: =TEXT(WEEKDAY(DATE(Febrero!CalendarioAño,1,11),1),"ddd") -> dom | X79: =TEXT(WEEKDAY(DATE(Febrero!CalendarioAño,1,5),1),"ddd") -> lun | Y79: =TEXT(WEEKDAY(DATE(Febrero!CalendarioAño,1,6),1),"ddd") -> mar | Z79: =TEXT(WEEKDAY(DATE(Febrero!CalendarioAño,1,7),1),"ddd") -> mié | AA79: =TEXT(WEEKDAY(DATE(Febrero!CalendarioAño,1,8),1),"ddd") -> jue | AB79: =TEXT(WEEKDAY(DATE(Febrero!CalendarioAño,1,9),1),"ddd") -> vie | AC79: =TEXT(WEEKDAY(DATE(Febrero!CalendarioAño,1,10),1),"ddd") -> sáb
B80: NOMBRE Y APELLIDO | C80: 2 | D80: 3 | E80: 4 | F80: 5 | G80: 6 | H80: 7 | I80: 8 | J80: 9 | K80: 10 | L80: 11 | M80: 12 | N80: 13 | O80: 14 | P80: 15 | Q80: 16 | R80: 17 | S80: 18 | T80: 19 | U80: 20 | V80: 21 | W80: 22 | X80: 23 | Y80: 24 | Z80: 25 | AA80: 26 | AB80: 27 | AC80: 28 | AD80: Número total de días
B81: SOPHIA KAI DÁVILA GUZMÁN | F81: A
B82: SANTIAGO ALONSO FERNÁNDEZ DÍAZ | C82: A | E82: A | F82: A | G82: A | H82: A | J82: A | K82: A | R82: A | X82: A | Z82: A
B83: SANTHIAGO ALEXANDEE AGUSTÍN SILENCIO | D83: A | F83: A | K83: A | M83: A | R83: A | T83: A
B84: SALVADOR LARCO VERGAS | O84: A
B85: ALEC REYES KROLL | D85: A | F85: A | K85: A | M85: A | R85: A | T85: A | Y85: A
B86: MATTEO AUGUSTO RIVAS MERINO
B87: GABRIELA ISABELLA ROJAS LAZO | D87: A | G87: A | K87: A | N87: A | R87: A | U87: A | Y87: A
B88: SOFÍA NICOLLE LUCENA COMPOS | E88: A
B89: HARRY VINCENT LANDEO LUCAS | T89: A | AA89: A
B90: AITANA SOSA QUIROZ
B91: MARTIN HOLGADO PAZ | E91: A | G91: A | L91: A | S91: A
B92: NICOLAS ORDONEZ NORIEDA | E92: A | G92: A | J92: A | L92: A | N92: A | Q92: A | S92: A | X92: A | Z92: A
B93: AIDAN LIAM ANTONIO SEGURA IBARRA | Y93: A | Z93: A | AA93: A
B94: EMANUEL DAVID RIVAS PAETAN | H94: A | O94: A | V94: A
B95: LUCIO VINCENZO MOSQUERA ANGELES | L95: A | O95: A
B96: MAURICIO STEFANO VILLANUEVA MONTAYA
B97: DARA CASSANA CIURLIZZA | M97: A | O97: A | V97: A
B98: MARIANA MONTEZA VALENTINA | E98: A | H98: A
B99: FERNANDA SOLES | D99: A
B100: LUKA DEREK HUAMAN CASAS | C100: A | E100: A | Q100: A | S100: A | T100: A | U100: A | V100: A | X100: A | Y100: A | Z100: A | AA100: A
B101: FRANCO SALSARRIAGA EZETA | D101: A | F101: A | J101: A | M101: A | R101: A | X101: A | AA101: A
B102: NOAH AGUILERA LUYO | F102: A | M102: A | T102: A | X102: A | AA102: A
B103: LUA GIANELLA RODRIGUEZ CASTRO | E103: A | L103: A | AA103: A
B104: DANAE SANDOVAL CABRERA | D104: A | H104: A | V104: A
B105: VILMA GEORGINA PUMA ESTRADA | C105: A
B106: LEAH GARCIA QUIÑONES | C106: A | M106: A | T106: A | U106: A | X106: A | AA106: A
B107: SOFÍA AMAIA ALARCÓN VILCHEZ | F107: A | J107: A | M107: A | Q107: A | S107: A | Z107: A
B108: ALEXANDRA GABRIELA BAUTISTA JUSTINIANO | H108: A | O108: A | V108: A
B109: CAMILO ROSARIO CABRERA | N109: A | Q109: A | U109: A | X109: A
B110: ADAEL GUTIERREZ URETA
...

Sheet Nombres de los alumnos 
B1: NOMBRES DE ALUMNOS
B3: ALUMNOS | C3: HORARIOS
B4: MARTIN HOLGADO PAZ
B5: JADEN BASTIEN RIOS YOMOND
B6: ALEJANDRO SEBASTIAN VALENCIA GARCIA
B7: ALEXANDRA ROJAS SICLLA
B8: DAVID ALONSO VELEZ FALCÓN
B9: ALMA ISABEL CASTILLO MENDOZA
B10: THOMAS ALEJANDRO MATHEY GALINDO
B11: VASCO ALVAREZ CORREA
B12: ALEXANDER ANDRE ROMERO ROJAS
B13: CAMILO ROSARIO CABRERA
B14: RAFAEL AYVAR CUEVA
B15: ALESSIO VEGARA EZETA
... B239: LUCIANA VARGAS RAMIREZ

Sheet Marzo
B1: ASISTENCIA DE ALUMNOS
B2: Claves de los tipos de Asistencia | C2: F | D2: FALTAS | G2: J | H2: JUSTIFICADA | K2: A | L2: ASISTENCIA | O2: R | P2: RECUPERACION | T2: E | U2: EVENTOS
B4: Marzo | C4: MEGA SUPER BABY WOLF 3:00 PM/9:00 AM | AH4: 2026
C5: =TEXT(WEEKDAY(DATE(Marzo!CalendarioAño,1,4),1),"ddd") -> dom | D5: =TEXT(WEEKDAY(DATE(Marzo!CalendarioAño,1,5),1),"ddd") -> lun | E5: =TEXT(WEEKDAY(DATE(Marzo!CalendarioAño,1,6),1),"ddd") -> mar | F5: =TEXT(WEEKDAY(DATE(Marzo!CalendarioAño,1,7),1),"ddd") -> mié | G5: =TEXT(WEEKDAY(DATE(Marzo!CalendarioAño,1,8),1),"ddd") -> jue | H5: =TEXT(WEEKDAY(DATE(Marzo!CalendarioAño,1,9),1),"ddd") -> vie | I5: =TEXT(WEEKDAY(DATE(Marzo!CalendarioAño,1,10),1),"ddd") -> sáb | J5: =TEXT(WEEKDAY(DATE(Marzo!CalendarioAño,1,4),1),"ddd") -> dom | K5: =TEXT(WEEKDAY(DATE(Marzo!CalendarioAño,1,5),1),"ddd") -> lun | L5: =TEXT(WEEKDAY(DATE(Marzo!CalendarioAño,1,6),1),"ddd") -> mar | M5: =TEXT(WEEKDAY(DATE(Marzo!CalendarioAño,1,7),1),"ddd") -> mié | N5: =TEXT(WEEKDAY(DATE(Marzo!CalendarioAño,1,8),1),"ddd") -> jue | O5: =TEXT(WEEKDAY(DATE(Marzo!CalendarioAño,1,9),1),"ddd") -> vie | P5: =TEXT(WEEKDAY(DATE(Marzo!CalendarioAño,1,10),1),"ddd") -> sáb | Q5: =TEXT(WEEKDAY(DATE(Marzo!CalendarioAño,1,4),1),"ddd") -> dom | R5: =TEXT(WEEKDAY(DATE(Marzo!CalendarioAño,1,5),1),"ddd") -> lun | S5: =TEXT(WEEKDAY(DATE(Marzo!CalendarioAño,1,6),1),"ddd") -> mar | T5: =TEXT(WEEKDAY(DATE(Marzo!CalendarioAño,1,7),1),"ddd") -> mié | U5: =TEXT(WEEKDAY(DATE(Marzo!CalendarioAño,1,8),1),"ddd") -> jue | V5: =TEXT(WEEKDAY(DATE(Marzo!CalendarioAño,1,9),1),"ddd") -> vie | W5: =TEXT(WEEKDAY(DATE(Marzo!CalendarioAño,1,10),1),"ddd") -> sáb | X5: =TEXT(WEEKDAY(DATE(Marzo!CalendarioAño,1,4),1),"ddd") -> dom | Y5: =TEXT(WEEKDAY(DATE(Marzo!CalendarioAño,1,5),1),"ddd") -> lun | Z5: =TEXT(WEEKDAY(DATE(Marzo!CalendarioAño,1,6),1),"ddd") -> mar | AA5: =TEXT(WEEKDAY(DATE(Marzo!CalendarioAño,1,7),1),"ddd") -> mié | AB5: =TEXT(WEEKDAY(DATE(Marzo!CalendarioAño,1,8),1),"ddd") -> jue | AC5: =TEXT(WEEKDAY(DATE(Marzo!CalendarioAño,1,9),1),"ddd") -> vie | AD5: =TEXT(WEEKDAY(DATE(Marzo!CalendarioAño,1,10),1),"ddd") -> sáb | AE5: =TEXT(WEEKDAY(DATE(Marzo!CalendarioAño,1,4),1),"ddd") -> dom | AF5: =TEXT(WEEKDAY(DATE(Marzo!CalendarioAño,1,5),1),"ddd") -> lun | AG5: =TEXT(WEEKDAY(DATE(Marzo!CalendarioAño,1,6),1),"ddd") -> mar
B6: NOMBRE Y APELLIDO | C6: 1 | D6: 2 | E6: 3 | F6: 4 | G6: 5 | H6: 6 | I6: 7 | J6: 8 | K6: 9 | L6: 10 | M6: 11 | N6: 12 | O6: 13 | P6: 14 | Q6: 15 | R6: 16 | S6: 17 | T6: 18 | U6: 19 | V6: 20 | W6: 21 | X6: 22 | Y6: 23 | Z6: 24 | AA6: 25 | AB6: 26 | AC6: 27 | AD6: 28 | AE6: 29 | AF6: 30 | AG6: 31 | AH6: Número total de días
B8: =Marzo!MonthName&" Total" -> Marzo Total | C8: =SUBTOTAL(103,Marzo!$C$7) -> 0 | D8: =SUBTOTAL(103,Marzo!$D$7) -> 0 | E8: =SUBTOTAL(103,Marzo!$E$7) -> 0 | F8: =SUBTOTAL(103,Marzo!$F$7) -> 0 | G8: =SUBTOTAL(103,Marzo!$G$7) -> 0 | H8: =SUBTOTAL(103,Marzo!$H$7) -> 0 | I8: =SUBTOTAL(103,Marzo!$I$7) -> 0 | J8: =SUBTOTAL(103,Marzo!$J$7) -> 0 | K8: =SUBTOTAL(103,Marzo!$K$7) -> 0 | L8: =SUBTOTAL(103,Marzo!$L$7) -> 0 | M8: =SUBTOTAL(103,Marzo!$M$7) -> 0 | N8: =SUBTOTAL(103,Marzo!$N$7) -> 0 | O8: =SUBTOTAL(103,Marzo!$O$7) -> 0 | P8: =SUBTOTAL(103,Marzo!$P$7) -> 0 | Q8: =SUBTOTAL(103,Marzo!$Q$7) -> 0 | R8: =SUBTOTAL(103,Marzo!$R$7) -> 0 | S8: =SUBTOTAL(103,Marzo!$S$7) -> 0 | T8: =SUBTOTAL(103,Marzo!$T$7) -> 0 | U8: =SUBTOTAL(103,Marzo!$U$7) -> 0 | V8: =SUBTOTAL(103,Marzo!$V$7) -> 0 | W8: =SUBTOTAL(103,Marzo!$W$7) -> 0 | X8: =SUBTOTAL(103,Marzo!$X$7) -> 0 | Y8: =SUBTOTAL(103,Marzo!$Y$7) -> 0 | Z8: =SUBTOTAL(103,Marzo!$Z$7) -> 0 | AA8: =SUBTOTAL(103,Marzo!$AA$7) -> 0 | AB8: =SUBTOTAL(103,Marzo!$AB$7) -> 0 | AC8: =SUBTOTAL(103,Marzo!$AC$7) -> 0 | AD8: =SUBTOTAL(103,Marzo!$AD$7) -> 0 | AE8: =SUBTOTAL(103,Marzo!$AE$7) -> 0 | AF8: =SUBTOTAL(103,Marzo!$AF$7) -> 0 | AG8: =SUBTOTAL(103,Marzo!$AG$7) -> 0
B10: Marzo | C10: SUPER BABY WOLF 3:30 PM/9:30 AM | AH10: 2026
C11: =TEXT(WEEKDAY(DATE(Marzo!CalendarioAño,1,4),1),"ddd") -> dom | D11: =TEXT(WEEKDAY(DATE(Marzo!CalendarioAño,1,5),1),"ddd") -> lun | E11: =TEXT(WEEKDAY(DATE(Marzo!CalendarioAño,1,6),1),"ddd") -> mar | F11: =TEXT(WEEKDAY(DATE(Marzo!CalendarioAño,1,7),1),"ddd") -> mié | G11: =TEXT(WEEKDAY(DATE(Marzo!CalendarioAño,1,8),1),"ddd") -> jue | H11: =TEXT(WEEKDAY(DATE(Marzo!CalendarioAño,1,9),1),"ddd") -> vie | I11: =TEXT(WEEKDAY(DATE(Marzo!CalendarioAño,1,10),1),"ddd") -> sáb | J11: =TEXT(WEEKDAY(DATE(Marzo!CalendarioAño,1,4),1),"ddd") -> dom | K11: =TEXT(WEEKDAY(DATE(Marzo!CalendarioAño,1,5),1),"ddd") -> lun | L11: =TEXT(WEEKDAY(DATE(Marzo!CalendarioAño,1,6),1),"ddd") -> mar | M11: =TEXT(WEEKDAY(DATE(Marzo!CalendarioAño,1,7),1),"ddd") -> mié | N11: =TEXT(WEEKDAY(DATE(Marzo!CalendarioAño,1,8),1),"ddd") -> jue | O11: =TEXT(WEEKDAY(DATE(Marzo!CalendarioAño,1,9),1),"ddd") -> vie | P11: =TEXT(WEEKDAY(DATE(Marzo!CalendarioAño,1,10),1),"ddd") -> sáb | Q11: =TEXT(WEEKDAY(DATE(Marzo!CalendarioAño,1,4),1),"ddd") -> dom | R11: =TEXT(WEEKDAY(DATE(Marzo!CalendarioAño,1,5),1),"ddd") -> lun | S11: =TEXT(WEEKDAY(DATE(Marzo!CalendarioAño,1,6),1),"ddd") -> mar | T11: =TEXT(WEEKDAY(DATE(Marzo!CalendarioAño,1,7),1),"ddd") -> mié | U11: =TEXT(WEEKDAY(DATE(Marzo!CalendarioAño,1,8),1),"ddd") -> jue | V11: =TEXT(WEEKDAY(DATE(Marzo!CalendarioAño,1,9),1),"ddd") -> vie | W11: =TEXT(WEEKDAY(DATE(Marzo!CalendarioAño,1,10),1),"ddd") -> sáb | X11: =TEXT(WEEKDAY(DATE(Marzo!CalendarioAño,1,4),1),"ddd") -> dom | Y11: =TEXT(WEEKDAY(DATE(Marzo!CalendarioAño,1,5),1),"ddd") -> lun | Z11: =TEXT(WEEKDAY(DATE(Marzo!CalendarioAño,1,6),1),"ddd") -> mar | AA11: =TEXT(WEEKDAY(DATE(Marzo!CalendarioAño,1,7),1),"ddd") -> mié | AB11: =TEXT(WEEKDAY(DATE(Marzo!CalendarioAño,1,8),1),"ddd") -> jue | AC11: =TEXT(WEEKDAY(DATE(Marzo!CalendarioAño,1,9),1),"ddd") -> vie | AD11: =TEXT(WEEKDAY(DATE(Marzo!CalendarioAño,1,10),1),"ddd") -> sáb | AE11: =TEXT(WEEKDAY(DATE(Marzo!CalendarioAño,1,4),1),"ddd") -> dom | AF11: =TEXT(WEEKDAY(DATE(Marzo!CalendarioAño,1,5),1),"ddd") -> lun | AG11: =TEXT(WEEKDAY(DATE(Marzo!CalendarioAño,1,6),1),"ddd") -> mar
B12: NOMBRE Y APELLIDO | C12: 1 | D12: 2 | E12: 3 | F12: 4 | G12: 5 | H12: 6 | I12: 7 | J12: 8 | K12: 9 | L12: 10 | M12: 11 | N12: 12 | O12: 13 | P12: 14 | Q12: 15 | R12: 16 | S12: 17 | T12: 18 | U12: 19 | V12: 20 | W12: 21 | X12: 22 | Y12: 23 | Z12: 24 | AA12: 25 | AB12: 26 | AC12: 27 | AD12: 28 | AE12: 29 | AF12: 30 | AG12: 31 | AH12: Número total de días
B13: RAFAEL ALEJANDRO LUYO ALVARADO | F13: A | G13: A | H13: A | K13: A | O13: A | P13: A | R13: A | S13: A | Z13: A | AA13: A | AB13: A | AC13: A | AF13: A | AG13: A
B14: OLIVIA GOÑES SERNA
B15: NOHA CASTILLO PRADO | G15: A | K15: A | R15: A | U15: A | Y15: A | AB15: A | AF15: A
B16: ANIA SILVA CHÁVEZ | E16: A | G16: A | L16: A | S16: A | Z16: A | AB16: A | AG16: A
B17: ADRIANA CLAUDIA ALVARADO ALVAREZ | G17: A | H17: A | O17: A | R17: A | T17: A | V17: A | Y17: A | AF17: A | AG17: A
B18: ALESSIA VALENTINA ROJAS DÍAZ | F18: A | H18: A | T18: A | V18: A | Z18: A | AC18: A
B19: JULEN EZEQUIEL GORAN RAMÍREZ MAQUERS | G19: A | H19: A | P19: A | R19: A | W19: A
B20: ADRIEL RAZEK ALFARO HUAMANI | G20: A
B21: VASCO ALEJANDRO QUEVEDO OROZ
B22: MATTHEW GAEL ORTIZ OLAYA
B23: LUCIANA CELESTE BERNIS SAMAME | G23: A | O23: A | S23: A | U23: A | Z23: A | AF23: A | AG23: A
B24: ISSAC DARITH ALVARADO OLIVARES | H24: A | O24: A | W24: A | AC24: A
B25: ALHANNA ATHENEA HUAMANI CORTIJO
B26: GABRIEL ANDRÉS CASTAÑEDA CÁCERES | H26: A | O26: A | Z26: A | AC26: A
B27: AARON ALESSANDRO INGA ARZAPALO | G27: A | R27: A
B28: JULIETA MALDONADO GUEVARA
B29: ANTONELLA ZEA ESPINOZA | P29: A | Y29: A | AG29: A
B30: MATT JESÚS AURES GUTIÉRREZ | E30: A | G30: A | S30: A | U30: A | Z30: A | AB30: A
B31: GETZENN VELIT AYALA | E31: A | G31: A | L31: A | U31: A | Z31: A | AD31: A
B32: GAIA EMMA MENACHO ALVAREZ | E32: A | H32: A | L32: A | S32: A | U32: A
B33: PABLO STEFANO MAZUELOS LUPACA | E33: A | S33: A | U33: A | Z33: A | AB33: A | AG33: A
B34: GABRIEL SANCHEZ CABELLO | E34: A | T34: A | W34: A | Z34: A | AB34: A | AG34: A
B35: MARCELO SUAREZ FLORES | P35: A | W35: A | AD35: A
B36: LUCA OTOYA CUSTODIO | T36: A | AA36: A | AF36: A
B37: JOAQUIN IGNACIO CARBAJAL ESPINOZA | W37: A | AD37: A
B39: =Marzo!MonthName&" Total" -> Marzo Total | C39: =SUBTOTAL(103,Marzo!$C$7) -> 0 | D39: =SUBTOTAL(103,Marzo!$D$7) -> 0 | E39: =SUBTOTAL(103,Marzo!$E$7) -> 0 | G39: =SUBTOTAL(103,Marzo!$G$7) -> 0 | H39: =SUBTOTAL(103,Marzo!$H$7) -> 0
B42: Marzo | C42: SUPER BABY WOLF 4:00 PM /10:00 AM | AH42: 2026
C43: =TEXT(WEEKDAY(DATE(Marzo!CalendarioAño,1,4),1),"ddd") -> dom | D43: =TEXT(WEEKDAY(DATE(Marzo!CalendarioAño,1,5),1),"ddd") -> lun | E43: =TEXT(WEEKDAY(DATE(Marzo!CalendarioAño,1,6),1),"ddd") -> mar | F43: =TEXT(WEEKDAY(DATE(Marzo!CalendarioAño,1,7),1),"ddd") -> mié | G43: =TEXT(WEEKDAY(DATE(Marzo!CalendarioAño,1,8),1),"ddd") -> jue | H43: =TEXT(WEEKDAY(DATE(Marzo!CalendarioAño,1,9),1),"ddd") -> vie | I43: =TEXT(WEEKDAY(DATE(Marzo!CalendarioAño,1,10),1),"ddd") -> sáb | J43: =TEXT(WEEKDAY(DATE(Marzo!CalendarioAño,1,4),1),"ddd") -> dom | K43: =TEXT(WEEKDAY(DATE(Marzo!CalendarioAño,1,5),1),"ddd") -> lun | L43: =TEXT(WEEKDAY(DATE(Marzo!CalendarioAño,1,6),1),"ddd") -> mar | M43: =TEXT(WEEKDAY(DATE(Marzo!CalendarioAño,1,7),1),"ddd") -> mié | N43: =TEXT(WEEKDAY(DATE(Marzo!CalendarioAño,1,8),1),"ddd") -> jue | O43: =TEXT(WEEKDAY(DATE(Marzo!CalendarioAño,1,9),1),"ddd") -> vie | P43: =TEXT(WEEKDAY(DATE(Marzo!CalendarioAño,1,10),1),"ddd") -> sáb | Q43: =TEXT(WEEKDAY(DATE(Marzo!CalendarioAño,1,4),1),"ddd") -> dom | R43: =TEXT(WEEKDAY(DATE(Marzo!CalendarioAño,1,5),1),"ddd") -> lun | S43: =TEXT(WEEKDAY(DATE(Marzo!CalendarioAño,1,6),1),"ddd") -> mar | T43: =TEXT(WEEKDAY(DATE(Marzo!CalendarioAño,1,7),1),"ddd") -> mié | U43: =TEXT(WEEKDAY(DATE(Marzo!CalendarioAño,1,8),1),"ddd") -> jue | V43: =TEXT(WEEKDAY(DATE(Marzo!CalendarioAño,1,9),1),"ddd") -> vie | W43: =TEXT(WEEKDAY(DATE(Marzo!CalendarioAño,1,10),1),"ddd") -> sáb | X43: =TEXT(WEEKDAY(DATE(Marzo!CalendarioAño,1,4),1),"ddd") -> dom | Y43: =TEXT(WEEKDAY(DATE(Marzo!CalendarioAño,1,5),1),"ddd") -> lun | Z43: =TEXT(WEEKDAY(DATE(Marzo!CalendarioAño,1,6),1),"ddd") -> mar | AA43: =TEXT(WEEKDAY(DATE(Marzo!CalendarioAño,1,7),1),"ddd") -> mié | AB43: =TEXT(WEEKDAY(DATE(Marzo!CalendarioAño,1,8),1),"ddd") -> jue | AC43: =TEXT(WEEKDAY(DATE(Marzo!CalendarioAño,1,9),1),"ddd") -> vie | AD43: =TEXT(WEEKDAY(DATE(Marzo!CalendarioAño,1,10),1),"ddd") -> sáb | AE43: =TEXT(WEEKDAY(DATE(Marzo!CalendarioAño,1,4),1),"ddd") -> dom | AF43: =TEXT(WEEKDAY(DATE(Marzo!CalendarioAño,1,5),1),"ddd") -> lun | AG43: =TEXT(WEEKDAY(DATE(Marzo!CalendarioAño,1,6),1),"ddd") -> mar
B44: NOMBRE Y APELLIDO | C44: 1 | D44: 2 | E44: 3 | F44: 4 | G44: 5 | H44: 6 | I44: 7 | J44: 8 | K44: 9 | L44: 10 | M44: 11 | N44: 12 | O44: 13 | P44: 14 | Q44: 15 | R44: 16 | S44: 17 | T44: 18 | U44: 19 | V44: 20 | W44: 21 | X44: 22 | Y44: 23 | Z44: 24 | AA44: 25 | AB44: 26 | AC44: 27 | AD44: 28 | AE44: 29 | AF44: 30 | AG44: 31 | AH44: Número total de días
B45: ALEJANDRO JOAQUÍN TELLO SALAS | F45: A | H45: A | K45: A | O45: A | R45: A | Y45: A | AA45: A
B46: ETHAN LIAM EDUARDO CHICCHON APAZA | E46: A | G46: A | Y46: A
B47: ALBA CAYETANA YEPEZ VELIZ | E47: A
B48: AITANA POLO MERCADO | E48: A
B49: ORLANDO GABRIEL BOCANEGRA RIVASPLATA | F49: A | K49: A | V49: A | AA49: A
B50: RAFAEL ALESSANDRO ESPINOZA ROJAS | F50: A | G50: A | U50: A | V50: A
B51: DYLAN ESTEBAN CHACÓN RIVAS | T51: A | AC51: A | AD51: A
B52: PIERO VALENTINO GONZALES NÚÑEZ | E52: A | G52: A | K52: A | O52: A | T52: A | U52: A | AC52: A
B53: ISAO NICOLÁS HIGA FARÍAS
B54: SOPHFIA QUISPE GÓMEZ
B55: LEANDRO GIOVANNI MONTERO CARCAMO
B56: MATHIAS RODOLFO CARDENAS SULCARAY | P56: A | W56: A
B57: RODRIGO CHRISTIAN MORALES TARAZONA | G57: A | K57: A | P57: A | W57: A | AD57: A
B58: DARIEL MATHIAS VALDEZ CAMPOS
B59: BENJAMIN QUISPE HUAPAYA | E59: A | G59: A | S59: A | U59: A | AB59: A | AG59: A
B60: MARÍA FERNANDA ELERA REY | E60: A | K60: A | S60: A | U60: A | AA60: A | AD60: A
B61: EMILIA MARCELA FONSECA SALAZAR | G61: A | H61: A | R61: A | U61: A | AA61: A | AG61: A
B62: SEBASTIAN VERASTEGUI | F62: A | S62: A | V62: A
B63: LAIA THAIS JARA PAREDES | E63: A
B64: BENJAMIN ROMERO | E64: A | F64: A | G64: A | H64: A | K64: A | R64: A | S64: A | T64: A | Y64: A | Z64: A | AG64: A
B65: VILMA GEORGINA PUMA ESTRADA | F65: A | S65: A | U65: A | Z65: A | AB65: A | AG65: A
B66: LEONARDO HIDALGO VASQUEZ | G66: A | O66: A | P66: A | S66: A | W66: A
B67: ADAEL GUTIERREZ URETA | H67: A | P67: A | V67: A | W67: A | AC67: A | AD67: A
B68: ALESSIA MORENO | L68: A | P68: A | S68: A | W68: A | Z68: A | AG68: A
B69: JULIAN BENJAMIN CUEVA LOAYZA | H69: A | K69: A | O69: A | R69: A | W69: A | Y69: A | AC69: A
B70: DEREK GALVEZ PACHAS | P70: A | T70: A | W70: A | AA70: A | AD70: A
B71: AZUL TENORIO MALCA | S71: A | U71: A | AG71: A
B72: MICAELA CORDERO CHAVEZ | AD72: A | AG72: A
B74: =Marzo!MonthName&" Total" -> Marzo Total | C74: =SUBTOTAL(103,Marzo!$C$7) -> 0 | D74: =SUBTOTAL(103,Marzo!$D$7) -> 0 | E74: =SUBTOTAL(103,Marzo!$E$7) -> 0 | G74: =SUBTOTAL(103,Marzo!$G$7) -> 0
B76: Marzo | C76: BABY WOLF 4:30 PM/10:30 | AH76: 2026
C77: =TEXT(WEEKDAY(DATE(Marzo!CalendarioAño,1,4),1),"ddd") -> dom | D77: =TEXT(WEEKDAY(DATE(Marzo!CalendarioAño,1,5),1),"ddd") -> lun | E77: =TEXT(WEEKDAY(DATE(Marzo!CalendarioAño,1,6),1),"ddd") -> mar | F77: =TEXT(WEEKDAY(DATE(Marzo!CalendarioAño,1,7),1),"ddd") -> mié | G77: =TEXT(WEEKDAY(DATE(Marzo!CalendarioAño,1,8),1),"ddd") -> jue | H77: =TEXT(WEEKDAY(DATE(Marzo!CalendarioAño,1,9),1),"ddd") -> vie | I77: =TEXT(WEEKDAY(DATE(Marzo!CalendarioAño,1,10),1),"ddd") -> sáb | J77: =TEXT(WEEKDAY(DATE(Marzo!CalendarioAño,1,4),1),"ddd") -> dom | K77: =TEXT(WEEKDAY(DATE(Marzo!CalendarioAño,1,5),1),"ddd") -> lun | L77: =TEXT(WEEKDAY(DATE(Marzo!CalendarioAño,1,6),1),"ddd") -> mar | M77: =TEXT(WEEKDAY(DATE(Marzo!CalendarioAño,1,7),1),"ddd") -> mié | N77: =TEXT(WEEKDAY(DATE(Marzo!CalendarioAño,1,8),1),"ddd") -> jue | O77: =TEXT(WEEKDAY(DATE(Marzo!CalendarioAño,1,9),1),"ddd") -> vie | P77: =TEXT(WEEKDAY(DATE(Marzo!CalendarioAño,1,10),1),"ddd") -> sáb | Q77: =TEXT(WEEKDAY(DATE(Marzo!CalendarioAño,1,4),1),"ddd") -> dom | R77: =TEXT(WEEKDAY(DATE(Marzo!CalendarioAño,1,5),1),"ddd") -> lun | S77: =TEXT(WEEKDAY(DATE(Marzo!CalendarioAño,1,6),1),"ddd") -> mar | T77: =TEXT(WEEKDAY(DATE(Marzo!CalendarioAño,1,7),1),"ddd") -> mié | U77: =TEXT(WEEKDAY(DATE(Marzo!CalendarioAño,1,8),1),"ddd") -> jue | V77: =TEXT(WEEKDAY(DATE(Marzo!CalendarioAño,1,9),1),"ddd") -> vie | W77: =TEXT(WEEKDAY(DATE(Marzo!CalendarioAño,1,10),1),"ddd") -> sáb | X77: =TEXT(WEEKDAY(DATE(Marzo!CalendarioAño,1,4),1),"ddd") -> dom | Y77: =TEXT(WEEKDAY(DATE(Marzo!CalendarioAño,1,5),1),"ddd") -> lun | Z77: =TEXT(WEEKDAY(DATE(Marzo!CalendarioAño,1,6),1),"ddd") -> mar | AA77: =TEXT(WEEKDAY(DATE(Marzo!CalendarioAño,1,7),1),"ddd") -> mié | AB77: =TEXT(WEEKDAY(DATE(Marzo!CalendarioAño,1,8),1),"ddd") -> jue | AC77: =TEXT(WEEKDAY(DATE(Marzo!CalendarioAño,1,9),1),"ddd") -> vie | AD77: =TEXT(WEEKDAY(DATE(Marzo!CalendarioAño,1,10),1),"ddd") -> sáb | AE77: =TEXT(WEEKDAY(DATE(Marzo!CalendarioAño,1,4),1),"ddd") -> dom | AF77: =TEXT(WEEKDAY(DATE(Marzo!CalendarioAño,1,5),1),"ddd") -> lun | AG77: =TEXT(WEEKDAY(DATE(Marzo!CalendarioAño,1,6),1),"ddd") -> mar
B78: NOMBRE Y APELLIDO | C78: 1 | D78: 2 | E78: 3 | F78: 4 | G78: 5 | H78: 6 | I78: 7 | J78: 8 | K78: 9 | L78: 10 | M78: 11 | N78: 12 | O78: 13 | P78: 14 | Q78: 15 | R78: 16 | S78: 17 | T78: 18 | U78: 19 | V78: 20 | W78: 21 | X78: 22 | Y78: 23 | Z78: 24 | AA78: 25 | AB78: 26 | AC78: 27 | AD78: 28 | AE78: 29 | AF78: 30 | AG78: 31 | AH78: Número total de días
B79: SOPHIA KAI DÁVILA GUZMÁN
B80: SANTIAGO ALONSO FERNÁNDEZ DÍAZ | K80: A | R80: A | S80: A | T80: A
B81: SANTHIAGO ALEXANDEE AGUSTÍN SILENCIO | F81: A | S81: A | AA81: A | AB81: A
B82: SALVADOR LARCO VERGAS
B83: ALEC REYES KROLL | E83: A | K83: A | Y83: A | AC83: A | AG83: A
B84: MATTEO AUGUSTO RIVAS MERINO
B85: GABRIELA ISABELLA ROJAS LAZO | E85: A | O85: A | S85: A | V85: A | Z85: A | AC85: A
B86: SOFÍA NICOLLE LUCENA COMPOS | F86: A
B87: HARRY VINCENT LANDEO LUCAS
B88: AITANA SOSA QUIROZ
B89: MARTIN HOLGADO PAZ | H89: A | S89: A | V89: A
B90: NICOLAS ORDONEZ NORIEDA | H90: A | O90: A | R90: A | Y90: A | AA90: A | AF90: A
B91: AIDAN LIAM ANTONIO SEGURA IBARRA | H91: A | V91: A
B92: EMANUEL DAVID RIVAS PAETAN | P92: A | W92: A | AD92: A
B93: LUCIO VINCENZO MOSQUERA ANGELES | G93: A
B94: DARA CASSANA CIURLIZZA | G94: A | P94: A | W94: A | AB94: A
B95: MARIANA MONTEZA VALENTINA | P95: A | T95: A | W95: A | AA95: A | AD95: A
B96: FERNANDA SOLES
B97: LUKA DEREK HUAMAN CASAS | E97: A | G97: A | S97: A | U97: A
B98: FRANCO SALSARRIAGA EZETA | E98: A | G98: A | S98: A | U98: A | AB98: A | AG98: A
B99: NOAH AGUILERA LUYO | E99: A | G99: A
B100: LUA GIANELLA RODRIGUEZ CASTRO | F100: A | G100: A | O100: A | S100: A | T100: A | Y100: A | AB100: A
B101: DANAE SANDOVAL CABRERA | P101: A | V101: A | W101: A | AA101: A | AD101: A
B102: VILMA GEORGINA PUMA ESTRADA
B103: LEAH GARCIA QUIÑONES | G103: A | K103: A | R103: A | V103: A | Z103: A | AB103: A | AC103: A
B104: SOFÍA AMAIA ALARCÓN VILCHEZ | E104: A | G104: A | S104: A
B105: ANDREA DANIELA REYNOSO BARAHONA | G105: A | L105: A | S105: A | U105: A | AB105: A | AG105: A
B106: ALESSANDRO MATHIAS GALARZA CRISANTO | O106: A | R106: A | S106: A | T106: A
B107: RAFAELA MIRANDA HUAMANCHA CAMONES | U107: A | W107: A | AA107: A
B108: MARIA LUCIA LOZADA ROSALES | AB108: A
...

Sheet Abril
B1: ASISTENCIA DE ALUMNOS
B2: Claves de los tipos de Asistencia | C2: F | D2: FALTAS | G2: J | H2: JUSTIFICADA | K2: A | L2: ASISTENCIA | O2: R | P2: RECUPERACION | T2: E | U2: EVENTOS
B4: Abril | C4: MEGA SUPER BABY WOLF 3:00 PM/9:00 AM | AG4: 2026
C5: =TEXT(WEEKDAY(DATE(Abril!CalendarioAño,1,7),1),"ddd") -> mié | D5: =TEXT(WEEKDAY(DATE(Abril!CalendarioAño,1,8),1),"ddd") -> jue | E5: =TEXT(WEEKDAY(DATE(Abril!CalendarioAño,1,9),1),"ddd") -> vie | F5: =TEXT(WEEKDAY(DATE(Abril!CalendarioAño,1,10),1),"ddd") -> sáb | G5: =TEXT(WEEKDAY(DATE(Abril!CalendarioAño,1,11),1),"ddd") -> dom | H5: =TEXT(WEEKDAY(DATE(Abril!CalendarioAño,1,12),1),"ddd") -> lun | I5: =TEXT(WEEKDAY(DATE(Abril!CalendarioAño,1,13),1),"ddd") -> mar | J5: =TEXT(WEEKDAY(DATE(Abril!CalendarioAño,1,14),1),"ddd") -> mié | K5: =TEXT(WEEKDAY(DATE(Abril!CalendarioAño,1,15),1),"ddd") -> jue | L5: =TEXT(WEEKDAY(DATE(Abril!CalendarioAño,1,16),1),"ddd") -> vie | M5: =TEXT(WEEKDAY(DATE(Abril!CalendarioAño,1,17),1),"ddd") -> sáb | N5: =TEXT(WEEKDAY(DATE(Abril!CalendarioAño,1,18),1),"ddd") -> dom | O5: =TEXT(WEEKDAY(DATE(Abril!CalendarioAño,1,19),1),"ddd") -> lun | P5: =TEXT(WEEKDAY(DATE(Abril!CalendarioAño,1,20),1),"ddd") -> mar | Q5: =TEXT(WEEKDAY(DATE(Abril!CalendarioAño,1,21),1),"ddd") -> mié | R5: =TEXT(WEEKDAY(DATE(Abril!CalendarioAño,1,22),1),"ddd") -> jue | S5: =TEXT(WEEKDAY(DATE(Abril!CalendarioAño,1,23),1),"ddd") -> vie | T5: =TEXT(WEEKDAY(DATE(Abril!CalendarioAño,1,24),1),"ddd") -> sáb | U5: =TEXT(WEEKDAY(DATE(Abril!CalendarioAño,1,25),1),"ddd") -> dom | V5: =TEXT(WEEKDAY(DATE(Abril!CalendarioAño,1,26),1),"ddd") -> lun | W5: =TEXT(WEEKDAY(DATE(Abril!CalendarioAño,1,27),1),"ddd") -> mar | X5: =TEXT(WEEKDAY(DATE(Abril!CalendarioAño,1,28),1),"ddd") -> mié | Y5: =TEXT(WEEKDAY(DATE(Abril!CalendarioAño,1,29),1),"ddd") -> jue | Z5: =TEXT(WEEKDAY(DATE(Abril!CalendarioAño,1,30),1),"ddd") -> vie | AA5: =TEXT(WEEKDAY(DATE(Abril!CalendarioAño,1,31),1),"ddd") -> sáb | AB5: =TEXT(WEEKDAY(DATE(Abril!CalendarioAño,1,25),1),"ddd") -> dom | AC5: =TEXT(WEEKDAY(DATE(Abril!CalendarioAño,1,26),1),"ddd") -> lun | AD5: =TEXT(WEEKDAY(DATE(Abril!CalendarioAño,1,27),1),"ddd") -> mar | AE5: =TEXT(WEEKDAY(DATE(Abril!CalendarioAño,1,28),1),"ddd") -> mié | AF5: =TEXT(WEEKDAY(DATE(Abril!CalendarioAño,1,29),1),"ddd") -> jue
B6: NOMBRE Y APELLIDO | C6: 1 | D6: 2 | E6: 3 | F6: 4 | G6: 5 | H6: 6 | I6: 7 | J6: 8 | K6: 9 | L6: 10 | M6: 11 | N6: 12 | O6: 13 | P6: 14 | Q6: 15 | R6: 16 | S6: 17 | T6: 18 | U6: 19 | V6: 20 | W6: 21 | X6: 22 | Y6: 23 | Z6: 24 | AA6: 25 | AB6: 26 | AC6: 27 | AD6: 28 | AE6: 29 | AF6: 30 | AG6: Número total de días
B8: =Abril!MonthName&" Total" -> Abril Total | C8: =SUBTOTAL(103,Abril!$C$7) -> 0 | D8: =SUBTOTAL(103,Abril!$D$7) -> 0 | E8: =SUBTOTAL(103,Abril!$E$7) -> 0 | F8: =SUBTOTAL(103,Abril!$F$7) -> 0 | G8: =SUBTOTAL(103,Abril!$G$7) -> 0 | H8: =SUBTOTAL(103,Abril!$H$7) -> 0 | I8: =SUBTOTAL(103,Abril!$I$7) -> 0 | J8: =SUBTOTAL(103,Abril!$J$7) -> 0 | K8: =SUBTOTAL(103,Abril!$K$7) -> 0 | L8: =SUBTOTAL(103,Abril!$L$7) -> 0 | M8: =SUBTOTAL(103,Abril!$M$7) -> 0 | N8: =SUBTOTAL(103,Abril!$N$7) -> 0 | O8: =SUBTOTAL(103,Abril!$O$7) -> 0 | P8: =SUBTOTAL(103,Abril!$P$7) -> 0 | Q8: =SUBTOTAL(103,Abril!$Q$7) -> 0 | R8: =SUBTOTAL(103,Abril!$R$7) -> 0 | S8: =SUBTOTAL(103,Abril!$S$7) -> 0 | T8: =SUBTOTAL(103,Abril!$T$7) -> 0 | U8: =SUBTOTAL(103,Abril!$U$7) -> 0 | V8: =SUBTOTAL(103,Abril!$V$7) -> 0 | W8: =SUBTOTAL(103,Abril!$W$7) -> 0 | X8: =SUBTOTAL(103,Abril!$X$7) -> 0 | Y8: =SUBTOTAL(103,Abril!$Y$7) -> 0 | Z8: =SUBTOTAL(103,Abril!$Z$7) -> 0 | AA8: =SUBTOTAL(103,Abril!$AA$7) -> 0 | AB8: =SUBTOTAL(103,Abril!$AB$7) -> 0 | AC8: =SUBTOTAL(103,Abril!$AC$7) -> 0 | AD8: =SUBTOTAL(103,Abril!$AD$7) -> 0 | AE8: =SUBTOTAL(103,Abril!$AE$7) -> 0 | AF8: =SUBTOTAL(103,Abril!$AF$7) -> 0
B10: Abril | C10: SUPER BABY WOLF 3:30 PM/9:30 AM | AG10: 2026
C11: =TEXT(WEEKDAY(DATE(Abril!CalendarioAño,1,7),1),"ddd") -> mié | D11: =TEXT(WEEKDAY(DATE(Abril!CalendarioAño,1,8),1),"ddd") -> jue | E11: =TEXT(WEEKDAY(DATE(Abril!CalendarioAño,1,9),1),"ddd") -> vie | F11: =TEXT(WEEKDAY(DATE(Abril!CalendarioAño,1,10),1),"ddd") -> sáb | G11: =TEXT(WEEKDAY(DATE(Abril!CalendarioAño,1,11),1),"ddd") -> dom | H11: =TEXT(WEEKDAY(DATE(Abril!CalendarioAño,1,12),1),"ddd") -> lun | I11: =TEXT(WEEKDAY(DATE(Abril!CalendarioAño,1,13),1),"ddd") -> mar | J11: =TEXT(WEEKDAY(DATE(Abril!CalendarioAño,1,14),1),"ddd") -> mié | K11: =TEXT(WEEKDAY(DATE(Abril!CalendarioAño,1,15),1),"ddd") -> jue | L11: =TEXT(WEEKDAY(DATE(Abril!CalendarioAño,1,16),1),"ddd") -> vie | M11: =TEXT(WEEKDAY(DATE(Abril!CalendarioAño,1,17),1),"ddd") -> sáb | N11: =TEXT(WEEKDAY(DATE(Abril!CalendarioAño,1,18),1),"ddd") -> dom | O11: =TEXT(WEEKDAY(DATE(Abril!CalendarioAño,1,19),1),"ddd") -> lun | P11: =TEXT(WEEKDAY(DATE(Abril!CalendarioAño,1,20),1),"ddd") -> mar | Q11: =TEXT(WEEKDAY(DATE(Abril!CalendarioAño,1,21),1),"ddd") -> mié | R11: =TEXT(WEEKDAY(DATE(Abril!CalendarioAño,1,22),1),"ddd") -> jue | S11: =TEXT(WEEKDAY(DATE(Abril!CalendarioAño,1,23),1),"ddd") -> vie | T11: =TEXT(WEEKDAY(DATE(Abril!CalendarioAño,1,24),1),"ddd") -> sáb | U11: =TEXT(WEEKDAY(DATE(Abril!CalendarioAño,1,25),1),"ddd") -> dom | V11: =TEXT(WEEKDAY(DATE(Abril!CalendarioAño,1,26),1),"ddd") -> lun | W11: =TEXT(WEEKDAY(DATE(Abril!CalendarioAño,1,27),1),"ddd") -> mar | X11: =TEXT(WEEKDAY(DATE(Abril!CalendarioAño,1,28),1),"ddd") -> mié | Y11: =TEXT(WEEKDAY(DATE(Abril!CalendarioAño,1,29),1),"ddd") -> jue | Z11: =TEXT(WEEKDAY(DATE(Abril!CalendarioAño,1,30),1),"ddd") -> vie | AA11: =TEXT(WEEKDAY(DATE(Abril!CalendarioAño,1,31),1),"ddd") -> sáb | AB11: =TEXT(WEEKDAY(DATE(Abril!CalendarioAño,1,25),1),"ddd") -> dom | AC11: =TEXT(WEEKDAY(DATE(Abril!CalendarioAño,1,26),1),"ddd") -> lun | AD11: =TEXT(WEEKDAY(DATE(Abril!CalendarioAño,1,27),1),"ddd") -> mar | AE11: =TEXT(WEEKDAY(DATE(Abril!CalendarioAño,1,28),1),"ddd") -> mié | AF11: =TEXT(WEEKDAY(DATE(Abril!CalendarioAño,1,29),1),"ddd") -> jue
B12: NOMBRE Y APELLIDO | C12: 1 | D12: 2 | E12: 3 | F12: 4 | G12: 5 | H12: 6 | I12: 7 | J12: 8 | K12: 9 | L12: 10 | M12: 11 | N12: 12 | O12: 13 | P12: 14 | Q12: 15 | R12: 16 | S12: 17 | T12: 18 | U12: 19 | V12: 20 | W12: 21 | X12: 22 | Y12: 23 | Z12: 24 | AA12: 25 | AB12: 26 | AC12: 27 | AD12: 28 | AE12: 29 | AF12: 30 | AG12: Número total de días
B13: RAFAEL ALEJANDRO LUYO ALVARADO | H13: A | I13: A | J13: A | K13: A
B14: LUCA OTOYA CUSTODIO | H14: A | J14: A | K14: A
B15: NOHA CASTILLO PRADO | H15: A
B16: ADRIANA CLAUDIA ALVARADO ALVAREZ | H16: A
B17: LUCIANA CELESTE BERNIS SAMAME | I17: A
B18: PABLO STEFANO MAZUELOS LUPACA | I18: A
B19: RAFAELA MIRANDA HUAMANCHA CAMONES | J19: A
B20: ALESSIA VALENTINA ROJAS DÍAZ | J20: A
B34: =Abril!MonthName&" Total" -> Abril Total | C34: =SUBTOTAL(103,Abril!$C$7) -> 0 | D34: =SUBTOTAL(103,Abril!$D$7) -> 0 | E34: =SUBTOTAL(103,Abril!$E$7) -> 0 | G34: =SUBTOTAL(103,Abril!$G$7) -> 0 | H34: =SUBTOTAL(103,Abril!$H$7) -> 0
B37: Abril | C37: SUPER BABY WOLF 4:00 PM /10:00 AM | AG37: 2026
C38: =TEXT(WEEKDAY(DATE(Abril!CalendarioAño,1,7),1),"ddd") -> mié | D38: =TEXT(WEEKDAY(DATE(Abril!CalendarioAño,1,8),1),"ddd") -> jue | E38: =TEXT(WEEKDAY(DATE(Abril!CalendarioAño,1,9),1),"ddd") -> vie | F38: =TEXT(WEEKDAY(DATE(Abril!CalendarioAño,1,10),1),"ddd") -> sáb | G38: =TEXT(WEEKDAY(DATE(Abril!CalendarioAño,1,11),1),"ddd") -> dom | H38: =TEXT(WEEKDAY(DATE(Abril!CalendarioAño,1,12),1),"ddd") -> lun | I38: =TEXT(WEEKDAY(DATE(Abril!CalendarioAño,1,13),1),"ddd") -> mar | J38: =TEXT(WEEKDAY(DATE(Abril!CalendarioAño,1,14),1),"ddd") -> mié | K38: =TEXT(WEEKDAY(DATE(Abril!CalendarioAño,1,15),1),"ddd") -> jue | L38: =TEXT(WEEKDAY(DATE(Abril!CalendarioAño,1,16),1),"ddd") -> vie | M38: =TEXT(WEEKDAY(DATE(Abril!CalendarioAño,1,17),1),"ddd") -> sáb | N38: =TEXT(WEEKDAY(DATE(Abril!CalendarioAño,1,18),1),"ddd") -> dom | O38: =TEXT(WEEKDAY(DATE(Abril!CalendarioAño,1,19),1),"ddd") -> lun | P38: =TEXT(WEEKDAY(DATE(Abril!CalendarioAño,1,20),1),"ddd") -> mar | Q38: =TEXT(WEEKDAY(DATE(Abril!CalendarioAño,1,21),1),"ddd") -> mié | R38: =TEXT(WEEKDAY(DATE(Abril!CalendarioAño,1,22),1),"ddd") -> jue | S38: =TEXT(WEEKDAY(DATE(Abril!CalendarioAño,1,23),1),"ddd") -> vie | T38: =TEXT(WEEKDAY(DATE(Abril!CalendarioAño,1,24),1),"ddd") -> sáb | U38: =TEXT(WEEKDAY(DATE(Abril!CalendarioAño,1,25),1),"ddd") -> dom | V38: =TEXT(WEEKDAY(DATE(Abril!CalendarioAño,1,26),1),"ddd") -> lun | W38: =TEXT(WEEKDAY(DATE(Abril!CalendarioAño,1,27),1),"ddd") -> mar | X38: =TEXT(WEEKDAY(DATE(Abril!CalendarioAño,1,28),1),"ddd") -> mié | Y38: =TEXT(WEEKDAY(DATE(Abril!CalendarioAño,1,29),1),"ddd") -> jue | Z38: =TEXT(WEEKDAY(DATE(Abril!CalendarioAño,1,30),1),"ddd") -> vie | AA38: =TEXT(WEEKDAY(DATE(Abril!CalendarioAño,1,31),1),"ddd") -> sáb | AB38: =TEXT(WEEKDAY(DATE(Abril!CalendarioAño,1,25),1),"ddd") -> dom | AC38: =TEXT(WEEKDAY(DATE(Abril!CalendarioAño,1,26),1),"ddd") -> lun | AD38: =TEXT(WEEKDAY(DATE(Abril!CalendarioAño,1,27),1),"ddd") -> mar | AE38: =TEXT(WEEKDAY(DATE(Abril!CalendarioAño,1,28),1),"ddd") -> mié | AF38: =TEXT(WEEKDAY(DATE(Abril!CalendarioAño,1,29),1),"ddd") -> jue
B39: NOMBRE Y APELLIDO | C39: 1 | D39: 2 | E39: 3 | F39: 4 | G39: 5 | H39: 6 | I39: 7 | J39: 8 | K39: 9 | L39: 10 | M39: 11 | N39: 12 | O39: 13 | P39: 14 | Q39: 15 | R39: 16 | S39: 17 | T39: 18 | U39: 19 | V39: 20 | W39: 21 | X39: 22 | Y39: 23 | Z39: 24 | AA39: 25 | AB39: 26 | AC39: 27 | AD39: 28 | AE39: 29 | AF39: 30 | AG39: Número total de días
B40: JULIAN BENJAMIN CUEVA LOAYZA | H40: A | J40: A
B41: BENJAMIN MERA | H41: A
B42: MARÍA FERNANDA ELERA REY | I42: A
B43: SANTIAGO MAJU | I43: A
B44: BENJAMIN ROMERO | I44: A
B45: AITANA POLO MERCADO | I45: A
B46: ADAEL GUTIERREZ URETA | J46: A
B47: VILMA GEORGINA PUMA ESTRADA | J47: A
B48: LUKA DEREK HUAMAN CASAS | J48: A | K48: A
B49: MATT JESÚS AURES GUTIÉRREZ | I49: A
B50: GETZENN VELIT AYALA | I50: A
B51: ANIA SILVA CHÁVEZ | I51: A
B62: =Abril!MonthName&" Total" -> Abril Total | C62: =SUBTOTAL(103,Abril!$C$7) -> 0 | D62: =SUBTOTAL(103,Abril!$D$7) -> 0 | E62: =SUBTOTAL(103,Abril!$E$7) -> 0 | G62: =SUBTOTAL(103,Abril!$G$7) -> 0
B64: Abril | C64: BABY WOLF 4:30 PM/10:30 | AG64: 2026
C65: =TEXT(WEEKDAY(DATE(Abril!CalendarioAño,1,7),1),"ddd") -> mié | D65: =TEXT(WEEKDAY(DATE(Abril!CalendarioAño,1,8),1),"ddd") -> jue | E65: =TEXT(WEEKDAY(DATE(Abril!CalendarioAño,1,9),1),"ddd") -> vie | F65: =TEXT(WEEKDAY(DATE(Abril!CalendarioAño,1,10),1),"ddd") -> sáb | G65: =TEXT(WEEKDAY(DATE(Abril!CalendarioAño,1,11),1),"ddd") -> dom | H65: =TEXT(WEEKDAY(DATE(Abril!CalendarioAño,1,12),1),"ddd") -> lun | I65: =TEXT(WEEKDAY(DATE(Abril!CalendarioAño,1,13),1),"ddd") -> mar | J65: =TEXT(WEEKDAY(DATE(Abril!CalendarioAño,1,14),1),"ddd") -> mié | K65: =TEXT(WEEKDAY(DATE(Abril!CalendarioAño,1,15),1),"ddd") -> jue | L65: =TEXT(WEEKDAY(DATE(Abril!CalendarioAño,1,16),1),"ddd") -> vie | M65: =TEXT(WEEKDAY(DATE(Abril!CalendarioAño,1,17),1),"ddd") -> sáb | N65: =TEXT(WEEKDAY(DATE(Abril!CalendarioAño,1,18),1),"ddd") -> dom | O65: =TEXT(WEEKDAY(DATE(Abril!CalendarioAño,1,19),1),"ddd") -> lun | P65: =TEXT(WEEKDAY(DATE(Abril!CalendarioAño,1,20),1),"ddd") -> mar | Q65: =TEXT(WEEKDAY(DATE(Abril!CalendarioAño,1,21),1),"ddd") -> mié | R65: =TEXT(WEEKDAY(DATE(Abril!CalendarioAño,1,22),1),"ddd") -> jue | S65: =TEXT(WEEKDAY(DATE(Abril!CalendarioAño,1,23),1),"ddd") -> vie | T65: =TEXT(WEEKDAY(DATE(Abril!CalendarioAño,1,24),1),"ddd") -> sáb | U65: =TEXT(WEEKDAY(DATE(Abril!CalendarioAño,1,25),1),"ddd") -> dom | V65: =TEXT(WEEKDAY(DATE(Abril!CalendarioAño,1,26),1),"ddd") -> lun | W65: =TEXT(WEEKDAY(DATE(Abril!CalendarioAño,1,27),1),"ddd") -> mar | X65: =TEXT(WEEKDAY(DATE(Abril!CalendarioAño,1,28),1),"ddd") -> mié | Y65: =TEXT(WEEKDAY(DATE(Abril!CalendarioAño,1,29),1),"ddd") -> jue | Z65: =TEXT(WEEKDAY(DATE(Abril!CalendarioAño,1,30),1),"ddd") -> vie | AA65: =TEXT(WEEKDAY(DATE(Abril!CalendarioAño,1,31),1),"ddd") -> sáb | AB65: =TEXT(WEEKDAY(DATE(Abril!CalendarioAño,1,25),1),"ddd") -> dom | AC65: =TEXT(WEEKDAY(DATE(Abril!CalendarioAño,1,26),1),"ddd") -> lun | AD65: =TEXT(WEEKDAY(DATE(Abril!CalendarioAño,1,27),1),"ddd") -> mar | AE65: =TEXT(WEEKDAY(DATE(Abril!CalendarioAño,1,28),1),"ddd") -> mié | AF65: =TEXT(WEEKDAY(DATE(Abril!CalendarioAño,1,29),1),"ddd") -> jue
B66: NOMBRE Y APELLIDO | C66: 1 | D66: 2 | E66: 3 | F66: 4 | G66: 5 | H66: 6 | I66: 7 | J66: 8 | K66: 9 | L66: 10 | M66: 11 | N66: 12 | O66: 13 | P66: 14 | Q66: 15 | R66: 16 | S66: 17 | T66: 18 | U66: 19 | V66: 20 | W66: 21 | X66: 22 | Y66: 23 | Z66: 24 | AA66: 25 | AB66: 26 | AC66: 27 | AD66: 28 | AE66: 29 | AF66: 30 | AG66: Número total de días
B67: RAFAELA MIRANDA HUAMANCHA CAMONES | H67: A
B68: LUKA DEREK HUAMAN CASAS | H68: A | I68: A
B69: NICOLAS ORDONEZ NORIEDA | H69: A | J69: A
B70: LUA GIANELLA RODRIGUEZ CASTRO | H70: A
B71: ALEC REYES KROLL | I71: A
B72: BENJAMIN QUISPE HUAPAYA | I72: A | K72: A
B73: LEAH GARCIA QUIÑONES | I73: A | J73: A
B74: EMILIA MARCELA FONSECA SALAZAR | I74: A
B75: NAKHARY CRUZ SARMIENTO | J75: A
B76: ALEJANDRO MARCO VARGAS RAMIREZ | I76: A
B77: ANDREA DANIELA REYNOSO BARAHONA | I77: A
B78: MARIA LUCIA LOZADA ROSALES | I78: A
B79: ALESSIA MORENO | I79: A
B95: =Abril!MonthName&" Total" -> Abril Total | C95: =SUBTOTAL(103,Abril!$C$7) -> 0 | D95: =SUBTOTAL(103,Abril!$D$7) -> 0 | E95: =SUBTOTAL(103,Abril!$E$7) -> 0 | G95: =SUBTOTAL(103,Abril!$G$7) -> 0
B97: Abril | C97: BABY WOLF 5:00 PM/11:00 AM | AG97: 2026
C98: =TEXT(WEEKDAY(DATE(Abril!CalendarioAño,1,7),1),"ddd") -> mié | D98: =TEXT(WEEKDAY(DATE(Abril!CalendarioAño,1,8),1),"ddd") -> jue | E98: =TEXT(WEEKDAY(DATE(Abril!CalendarioAño,1,9),1),"ddd") -> vie | F98: =TEXT(WEEKDAY(DATE(Abril!CalendarioAño,1,10),1),"ddd") -> sáb | G98: =TEXT(WEEKDAY(DATE(Abril!CalendarioAño,1,11),1),"ddd") -> dom | H98: =TEXT(WEEKDAY(DATE(Abril!CalendarioAño,1,12),1),"ddd") -> lun | I98: =TEXT(WEEKDAY(DATE(Abril!CalendarioAño,1,13),1),"ddd") -> mar | J98: =TEXT(WEEKDAY(DATE(Abril!CalendarioAño,1,14),1),"ddd") -> mié | K98: =TEXT(WEEKDAY(DATE(Abril!CalendarioAño,1,15),1),"ddd") -> jue | L98: =TEXT(WEEKDAY(DATE(Abril!CalendarioAño,1,16),1),"ddd") -> vie | M98: =TEXT(WEEKDAY(DATE(Abril!CalendarioAño,1,17),1),"ddd") -> sáb | N98: =TEXT(WEEKDAY(DATE(Abril!CalendarioAño,1,18),1),"ddd") -> dom | O98: =TEXT(WEEKDAY(DATE(Abril!CalendarioAño,1,19),1),"ddd") -> lun | P98: =TEXT(WEEKDAY(DATE(Abril!CalendarioAño,1,20),1),"ddd") -> mar | Q98: =TEXT(WEEKDAY(DATE(Abril!CalendarioAño,1,21),1),"ddd") -> mié | R98: =TEXT(WEEKDAY(DATE(Abril!CalendarioAño,1,22),1),"ddd") -> jue | S98: =TEXT(WEEKDAY(DATE(Abril!CalendarioAño,1,23),1),"ddd") -> vie | T98: =TEXT(WEEKDAY(DATE(Abril!CalendarioAño,1,24),1),"ddd") -> sáb | U98: =TEXT(WEEKDAY(DATE(Abril!CalendarioAño,1,25),1),"ddd") -> dom | V98: =TEXT(WEEKDAY(DATE(Abril!CalendarioAño,1,26),1),"ddd") -> lun | W98: =TEXT(WEEKDAY(DATE(Abril!CalendarioAño,1,27),1),"ddd") -> mar | X98: =TEXT(WEEKDAY(DATE(Abril!CalendarioAño,1,28),1),"ddd") -> mié | Y98: =TEXT(WEEKDAY(DATE(Abril!CalendarioAño,1,29),1),"ddd") -> jue | Z98: =TEXT(WEEKDAY(DATE(Abril!CalendarioAño,1,30),1),"ddd") -> vie | AA98: =TEXT(WEEKDAY(DATE(Abril!CalendarioAño,1,31),1),"ddd") -> sáb | AB98: =TEXT(WEEKDAY(DATE(Abril!CalendarioAño,1,25),1),"ddd") -> dom | AC98: =TEXT(WEEKDAY(DATE(Abril!CalendarioAño,1,26),1),"ddd") -> lun | AD98: =TEXT(WEEKDAY(DATE(Abril!CalendarioAño,1,27),1),"ddd") -> mar | AE98: =TEXT(WEEKDAY(DATE(Abril!CalendarioAño,1,28),1),"ddd") -> mié | AF98: =TEXT(WEEKDAY(DATE(Abril!CalendarioAño,1,29),1),"ddd") -> jue
B99: NOMBRE Y APELLIDO | C99: 1 | D99: 2 | E99: 3 | F99: 4 | G99: 5 | H99: 6 | I99: 7 | J99: 8 | K99: 9 | L99: 10 | M99: 11 | N99: 12 | O99: 13 | P99: 14 | Q99: 15 | R99: 16 | S99: 17 | T99: 18 | U99: 19 | V99: 20 | W99: 21 | X99: 22 | Y99: 23 | Z99: 24 | AA99: 25 | AB99: 26 | AC99: 27 | AD99: 28 | AE99: 29 | AF99: 30 | AG99: Número total de días
B100: CAMILO ROSARIO CABRERA | H100: A
B101: GIACOMO REM ROBLES ESCUDERO | H101: A
B102: MERLY OTOYA RAMOS | H102: A | J102: A
B103: PAURICK HECTOR JESÚS ERAZO LIMO | I103: A | K103: A
B104: CAMILA MAUREEN GARCIA VEGA | I104: A
B105: SERGIO JEREMY AGUIRRE MISIYAURI | I105: A
B106: SANTIAGO ALVA MACCIAVELLO | I106: A
B107: LUA ALONDRA ALLCCA LUNASCO | I107: A | K107: A
B121: =Abril!MonthName&" Total" -> Abril Total | C121: =SUBTOTAL(103,Abril!$C$7) -> 0 | D121: =SUBTOTAL(103,Abril!$D$7) -> 0 | E121: =SUBTOTAL(103,Abril!$E$7) -> 0 | H121: =SUBTOTAL(103,Abril!$H$7) -> 0
B123: Abril | C123: LITTLE WOLF 5:30 PM/11:30 AM | AG123: 2026
C124: =TEXT(WEEKDAY(DATE(Abril!CalendarioAño,1,7),1),"ddd") -> mié | D124: =TEXT(WEEKDAY(DATE(Abril!CalendarioAño,1,8),1),"ddd") -> jue | E124: =TEXT(WEEKDAY(DATE(Abril!CalendarioAño,1,9),1),"ddd") -> vie | F124: =TEXT(WEEKDAY(DATE(Abril!CalendarioAño,1,10),1),"ddd") -> sáb | G124: =TEXT(WEEKDAY(DATE(Abril!CalendarioAño,1,11),1),"ddd") -> dom | H124: =TEXT(WEEKDAY(DATE(Abril!CalendarioAño,1,12),1),"ddd") -> lun | I124: =TEXT(WEEKDAY(DATE(Abril!CalendarioAño,1,13),1),"ddd") -> mar | J124: =TEXT(WEEKDAY(DATE(Abril!CalendarioAño,1,14),1),"ddd") -> mié | K124: =TEXT(WEEKDAY(DATE(Abril!CalendarioAño,1,15),1),"ddd") -> jue | L124: =TEXT(WEEKDAY(DATE(Abril!CalendarioAño,1,16),1),"ddd") -> vie | M124: =TEXT(WEEKDAY(DATE(Abril!CalendarioAño,1,17),1),"ddd") -> sáb | N124: =TEXT(WEEKDAY(DATE(Abril!CalendarioAño,1,18),1),"ddd") -> dom | O124: =TEXT(WEEKDAY(DATE(Abril!CalendarioAño,1,19),1),"ddd") -> lun | P124: =TEXT(WEEKDAY(DATE(Abril!CalendarioAño,1,20),1),"ddd") -> mar | Q124: =TEXT(WEEKDAY(DATE(Abril!CalendarioAño,1,21),1),"ddd") -> mié | R124: =TEXT(WEEKDAY(DATE(Abril!CalendarioAño,1,22),1),"ddd") -> jue | S124: =TEXT(WEEKDAY(DATE(Abril!CalendarioAño,1,23),1),"ddd") -> vie | T124: =TEXT(WEEKDAY(DATE(Abril!CalendarioAño,1,24),1),"ddd") -> sáb | U124: =TEXT(WEEKDAY(DATE(Abril!CalendarioAño,1,25),1),"ddd") -> dom | V124: =TEXT(WEEKDAY(DATE(Abril!CalendarioAño,1,26),1),"ddd") -> lun | W124: =TEXT(WEEKDAY(DATE(Abril!CalendarioAño,1,27),1),"ddd") -> mar | X124: =TEXT(WEEKDAY(DATE(Abril!CalendarioAño,1,28),1),"ddd") -> mié | Y124: =TEXT(WEEKDAY(DATE(Abril!CalendarioAño,1,29),1),"ddd") -> jue | Z124: =TEXT(WEEKDAY(DATE(Abril!CalendarioAño,1,30),1),"ddd") -> vie | AA124: =TEXT(WEEKDAY(DATE(Abril!CalendarioAño,1,31),1),"ddd") -> sáb | AB124: =TEXT(WEEKDAY(DATE(Abril!CalendarioAño,1,25),1),"ddd") -> dom | AC124: =TEXT(WEEKDAY(DATE(Abril!CalendarioAño,1,26),1),"ddd") -> lun | AD124: =TEXT(WEEKDAY(DATE(Abril!CalendarioAño,1,27),1),"ddd") -> mar | AE124: =TEXT(WEEKDAY(DATE(Abril!CalendarioAño,1,28),1),"ddd") -> mié | AF124: =TEXT(WEEKDAY(DATE(Abril!CalendarioAño,1,29),1),"ddd") -> jue
B125: NOMBRE Y APELLIDO | C125: 1 | D125: 2 | E125: 3 | F125: 4 | G125: 5 | H125: 6 | I125: 7 | J125: 8 | K125: 9 | L125: 10 | M125: 11 | N125: 12 | O125: 13 | P125: 14 | Q125: 15 | R125: 16 | S125: 17 | T125: 18 | U125: 19 | V125: 20 | W125: 21 | X125: 22 | Y125: 23 | Z125: 24 | AA125: 25 | AB125: 26 | AC125: 27 | AD125: 28 | AE125: 29 | AF125: 30 | AG125: Número total de días
B126: AURELIO CHISTIANS TRISTAN ALEXANDRINO | H126: A | I126: A | K126: A
B127: ANTONELLA ESPERANZA OLANO CONTRERAS | H127: A | J127: A
B128: RODRIGO ALEJANDRO PALOMIO CAMPOS | H128: A | J128: A | K128: A
B129: SOFIA VALDERRAMA SIGUEÑAS | H129: A | J129: A
B130: LIAH IVANA JOYO CAMPOS | I130: A | J130: A
B131: LUKA SEBASTIAN PAVIC CONTRERAS | I131: A
B132: SERGIO JEREMY AGUIRRE MISIYAURI | J132: A
B133: ENRICO JOSE SAVOCA PONTIGGIA | J133: A
B134: VICTOR HAKIM RODRIGUEZ GOMEZ | J134: A
B135: SPERANZA ALTEA SAVOCA PONTIGGIA | J135: A
B136: ROMINA MENDIETA VALER | K136: A
B147: =Abril!MonthName&" Total" -> Abril Total | C147: =SUBTOTAL(103,Abril!$C$7) -> 0 | D147: =SUBTOTAL(103,Abril!$D$7) -> 0 | E147: =SUBTOTAL(103,Abril!$E$7) -> 0 | H147: =SUBTOTAL(103,Abril!$H$7) -> 0 | AE147: =SUBTOTAL(103,Abril!$AE$7) -> 0 | AF147: =SUBTOTAL(103,Abril!$AF$7) -> 0 | AG147: =SUM(C147:AF147) -> 0
B149: Abril | C149: LITTLE WOLF 6:00 PM/12:00 PM | AG149: 2026
C150: =TEXT(WEEKDAY(DATE(Abril!CalendarioAño,1,7),1),"ddd") -> mié | D150: =TEXT(WEEKDAY(DATE(Abril!CalendarioAño,1,8),1),"ddd") -> jue | E150: =TEXT(WEEKDAY(DATE(Abril!CalendarioAño,1,9),1),"ddd") -> vie | F150: =TEXT(WEEKDAY(DATE(Abril!CalendarioAño,1,10),1),"ddd") -> sáb | G150: =TEXT(WEEKDAY(DATE(Abril!CalendarioAño,1,11),1),"ddd") -> dom | H150: =TEXT(WEEKDAY(DATE(Abril!CalendarioAño,1,12),1),"ddd") -> lun | I150: =TEXT(WEEKDAY(DATE(Abril!CalendarioAño,1,13),1),"ddd") -> mar | J150: =TEXT(WEEKDAY(DATE(Abril!CalendarioAño,1,14),1),"ddd") -> mié | K150: =TEXT(WEEKDAY(DATE(Abril!CalendarioAño,1,15),1),"ddd") -> jue | L150: =TEXT(WEEKDAY(DATE(Abril!CalendarioAño,1,16),1),"ddd") -> vie | M150: =TEXT(WEEKDAY(DATE(Abril!CalendarioAño,1,17),1),"ddd") -> sáb | N150: =TEXT(WEEKDAY(DATE(Abril!CalendarioAño,1,18),1),"ddd") -> dom | O150: =TEXT(WEEKDAY(DATE(Abril!CalendarioAño,1,19),1),"ddd") -> lun | P150: =TEXT(WEEKDAY(DATE(Abril!CalendarioAño,1,20),1),"ddd") -> mar | Q150: =TEXT(WEEKDAY(DATE(Abril!CalendarioAño,1,21),1),"ddd") -> mié | R150: =TEXT(WEEKDAY(DATE(Abril!CalendarioAño,1,22),1),"ddd") -> jue | S150: =TEXT(WEEKDAY(DATE(Abril!CalendarioAño,1,23),1),"ddd") -> vie | T150: =TEXT(WEEKDAY(DATE(Abril!CalendarioAño,1,24),1),"ddd") -> sáb | U150: =TEXT(WEEKDAY(DATE(Abril!CalendarioAño,1,25),1),"ddd") -> dom | V150: =TEXT(WEEKDAY(DATE(Abril!CalendarioAño,1,26),1),"ddd") -> lun | W150: =TEXT(WEEKDAY(DATE(Abril!CalendarioAño,1,27),1),"ddd") -> mar | X150: =TEXT(WEEKDAY(DATE(Abril!CalendarioAño,1,28),1),"ddd") -> mié | Y150: =TEXT(WEEKDAY(DATE(Abril!CalendarioAño,1,29),1),"ddd") -> jue | Z150: =TEXT(WEEKDAY(DATE(Abril!CalendarioAño,1,30),1),"ddd") -> vie | AA150: =TEXT(WEEKDAY(DATE(Abril!CalendarioAño,1,31),1),"ddd") -> sáb | AB150: =TEXT(WEEKDAY(DATE(Abril!CalendarioAño,1,25),1),"ddd") -> dom | AC150: =TEXT(WEEKDAY(DATE(Abril!CalendarioAño,1,26),1),"ddd") -> lun | AD150: =TEXT(WEEKDAY(DATE(Abril!CalendarioAño,1,27),1),"ddd") -> mar | AE150: =TEXT(WEEKDAY(DATE(Abril!CalendarioAño,1,28),1),"ddd") -> mié | AF150: =TEXT(WEEKDAY(DATE(Abril!CalendarioAño,1,29),1),"ddd") -> jue
B151: NOMBRE Y APELLIDO | C151: 1 | D151: 2 | E151: 3 | F151: 4 | G151: 5 | H151: 6 | I151: 7 | J151: 8 | K151: 9 | L151: 10 | M151: 11 | N151: 12 | O151: 13 | P151: 14 | Q151: 15 | R151: 16 | S151: 17 | T151: 18 | U151: 19 | V151: 20 | W151: 21 | X151: 22 | Y151: 23 | Z151: 24 | AA151: 25 | AB151: 26 | AC151: 27 | AD151: 28 | AE151: 29 | AF151: 30 | AG151: Número total de días
B152: PIERO MONTENEGRO ALVAREZ | H152: A | J152: A
B153: JESUS ADRIAN SECO ANGULO | H153: A
B154: ANTONELLA ESPERANZA OLANO CONTRERAS | H154: A
B155: CAMILA SOFIA GONZALES ANAYA | H155: A | J155: A
B156: JOSE ANGEL SECO ANGULO | H156: A
B157: JULIO LUCIANO PAUCAR MOLERO | J157: A
B164: =Abril!MonthName&" Total" -> Abril Total | C164: =SUBTOTAL(103,Abril!$C$7) -> 0 | D164: =SUBTOTAL(103,Abril!$D$7) -> 0 | E164: =SUBTOTAL(103,Abril!$E$7) -> 0 | H164: =SUBTOTAL(103,Abril!$H$7) -> 0 | Y164: =SUBTOTAL(103,Abril!$Y$7) -> 0 | Z164: =SUBTOTAL(103,Abril!$Z$7) -> 0 | AA164: =SUBTOTAL(103,Abril!$AA$7) -> 0 | AB164: =SUBTOTAL(103,Abril!$AB$7) -> 0 | AC164: =SUBTOTAL(103,Abril!$AC$7) -> 0 | AD164: =SUBTOTAL(103,Abril!$AD$7) -> 0 | AE164: =SUBTOTAL(103,Abril!$AE$7) -> 0 | AF164: =SUBTOTAL(103,Abril!$AF$7) -> 0 | AG164: =SUM(C164:AF164) -> 0
B166: Abril | C166: JUNIOR WOLF 6:30 PM/12:30 PM | AG166: 2026
C167: =TEXT(WEEKDAY(DATE(Abril!CalendarioAño,1,7),1),"ddd") -> mié | D167: =TEXT(WEEKDAY(DATE(Abril!CalendarioAño,1,8),1),"ddd") -> jue | E167: =TEXT(WEEKDAY(DATE(Abril!CalendarioAño,1,9),1),"ddd") -> vie | F167: =TEXT(WEEKDAY(DATE(Abril!CalendarioAño,1,10),1),"ddd") -> sáb | G167: =TEXT(WEEKDAY(DATE(Abril!CalendarioAño,1,11),1),"ddd") -> dom | H167: =TEXT(WEEKDAY(DATE(Abril!CalendarioAño,1,12),1),"ddd") -> lun | I167: =TEXT(WEEKDAY(DATE(Abril!CalendarioAño,1,13),1),"ddd") -> mar | J167: =TEXT(WEEKDAY(DATE(Abril!CalendarioAño,1,14),1),"ddd") -> mié | K167: =TEXT(WEEKDAY(DATE(Abril!CalendarioAño,1,15),1),"ddd") -> jue | L167: =TEXT(WEEKDAY(DATE(Abril!CalendarioAño,1,16),1),"ddd") -> vie | M167: =TEXT(WEEKDAY(DATE(Abril!CalendarioAño,1,17),1),"ddd") -> sáb | N167: =TEXT(WEEKDAY(DATE(Abril!CalendarioAño,1,18),1),"ddd") -> dom | O167: =TEXT(WEEKDAY(DATE(Abril!CalendarioAño,1,19),1),"ddd") -> lun | P167: =TEXT(WEEKDAY(DATE(Abril!CalendarioAño,1,20),1),"ddd") -> mar | Q167: =TEXT(WEEKDAY(DATE(Abril!CalendarioAño,1,21),1),"ddd") -> mié | R167: =TEXT(WEEKDAY(DATE(Abril!CalendarioAño,1,22),1),"ddd") -> jue | S167: =TEXT(WEEKDAY(DATE(Abril!CalendarioAño,1,23),1),"ddd") -> vie | T167: =TEXT(WEEKDAY(DATE(Abril!CalendarioAño,1,24),1),"ddd") -> sáb | U167: =TEXT(WEEKDAY(DATE(Abril!CalendarioAño,1,25),1),"ddd") -> dom | V167: =TEXT(WEEKDAY(DATE(Abril!CalendarioAño,1,26),1),"ddd") -> lun | W167: =TEXT(WEEKDAY(DATE(Abril!CalendarioAño,1,27),1),"ddd") -> mar | X167: =TEXT(WEEKDAY(DATE(Abril!CalendarioAño,1,28),1),"ddd") -> mié | Y167: =TEXT(WEEKDAY(DATE(Abril!CalendarioAño,1,29),1),"ddd") -> jue | Z167: =TEXT(WEEKDAY(DATE(Abril!CalendarioAño,1,30),1),"ddd") -> vie | AA167: =TEXT(WEEKDAY(DATE(Abril!CalendarioAño,1,31),1),"ddd") -> sáb | AB167: =TEXT(WEEKDAY(DATE(Abril!CalendarioAño,1,25),1),"ddd") -> dom | AC167: =TEXT(WEEKDAY(DATE(Abril!CalendarioAño,1,26),1),"ddd") -> lun | AD167: =TEXT(WEEKDAY(DATE(Abril!CalendarioAño,1,27),1),"ddd") -> mar | AE167: =TEXT(WEEKDAY(DATE(Abril!CalendarioAño,1,28),1),"ddd") -> mié | AF167: =TEXT(WEEKDAY(DATE(Abril!CalendarioAño,1,29),1),"ddd") -> jue
B168: NOMBRE Y APELLIDO | C168: 1 | D168: 2 | E168: 3 | F168: 4 | G168: 5 | H168: 6 | I168: 7 | J168: 8 | K168: 9 | L168: 10 | M168: 11 | N168: 12 | O168: 13 | P168: 14 | Q168: 15 | R168: 16 | S168: 17 | T168: 18 | U168: 19 | V168: 20 | W168: 21 | X168: 22 | Y168: 23 | Z168: 24 | AA168: 25 | AB168: 26 | AC168: 27 | AD168: 28 | AE168: 29 | AF168: 30 | AG168: Número total de días
B169: MATEO CASTAÑEDA | H169: A
B170: DEHLÉ JOAQUIM SALAS MORALES | H170: A
B171: SEBASTIAN MONTENEGRO ALVAREZ | H171: A | J171: A
B172: LUCIANA VARGAS RAMIREZ | J172: A
B177: =Abril!MonthName&" Total" -> Abril Total
B179: Abril | C179: ADOLECENTES WOLF 6:30 a 7:30 PM/1:30 PM | AG179: 2026
C180: =TEXT(WEEKDAY(DATE(Abril!CalendarioAño,1,7),1),"ddd") -> mié | D180: =TEXT(WEEKDAY(DATE(Abril!CalendarioAño,1,8),1),"ddd") -> jue | E180: =TEXT(WEEKDAY(DATE(Abril!CalendarioAño,1,9),1),"ddd") -> vie | F180: =TEXT(WEEKDAY(DATE(Abril!CalendarioAño,1,10),1),"ddd") -> sáb | G180: =TEXT(WEEKDAY(DATE(Abril!CalendarioAño,1,11),1),"ddd") -> dom | H180: =TEXT(WEEKDAY(DATE(Abril!CalendarioAño,1,12),1),"ddd") -> lun | I180: =TEXT(WEEKDAY(DATE(Abril!CalendarioAño,1,13),1),"ddd") -> mar | J180: =TEXT(WEEKDAY(DATE(Abril!CalendarioAño,1,14),1),"ddd") -> mié | K180: =TEXT(WEEKDAY(DATE(Abril!CalendarioAño,1,15),1),"ddd") -> jue | L180: =TEXT(WEEKDAY(DATE(Abril!CalendarioAño,1,16),1),"ddd") -> vie | M180: =TEXT(WEEKDAY(DATE(Abril!CalendarioAño,1,17),1),"ddd") -> sáb | N180: =TEXT(WEEKDAY(DATE(Abril!CalendarioAño,1,18),1),"ddd") -> dom | O180: =TEXT(WEEKDAY(DATE(Abril!CalendarioAño,1,19),1),"ddd") -> lun | P180: =TEXT(WEEKDAY(DATE(Abril!CalendarioAño,1,20),1),"ddd") -> mar | Q180: =TEXT(WEEKDAY(DATE(Abril!CalendarioAño,1,21),1),"ddd") -> mié | R180: =TEXT(WEEKDAY(DATE(Abril!CalendarioAño,1,22),1),"ddd") -> jue | S180: =TEXT(WEEKDAY(DATE(Abril!CalendarioAño,1,23),1),"ddd") -> vie | T180: =TEXT(WEEKDAY(DATE(Abril!CalendarioAño,1,24),1),"ddd") -> sáb | U180: =TEXT(WEEKDAY(DATE(Abril!CalendarioAño,1,25),1),"ddd") -> dom | V180: =TEXT(WEEKDAY(DATE(Abril!CalendarioAño,1,26),1),"ddd") -> lun | W180: =TEXT(WEEKDAY(DATE(Abril!CalendarioAño,1,27),1),"ddd") -> mar | X180: =TEXT(WEEKDAY(DATE(Abril!CalendarioAño,1,28),1),"ddd") -> mié | Y180: =TEXT(WEEKDAY(DATE(Abril!CalendarioAño,1,29),1),"ddd") -> jue | Z180: =TEXT(WEEKDAY(DATE(Abril!CalendarioAño,1,30),1),"ddd") -> vie | AA180: =TEXT(WEEKDAY(DATE(Abril!CalendarioAño,1,31),1),"ddd") -> sáb | AB180: =TEXT(WEEKDAY(DATE(Abril!CalendarioAño,1,25),1),"ddd") -> dom | AC180: =TEXT(WEEKDAY(DATE(Abril!CalendarioAño,1,26),1),"ddd") -> lun | AD180: =TEXT(WEEKDAY(DATE(Abril!CalendarioAño,1,27),1),"ddd") -> mar | AE180: =TEXT(WEEKDAY(DATE(Abril!CalendarioAño,1,28),1),"ddd") -> mié | AF180: =TEXT(WEEKDAY(DATE(Abril!CalendarioAño,1,29),1),"ddd") -> jue
B181: NOMBRE Y APELLIDO | C181: 1 | D181: 2 | E181: 3 | F181: 4 | G181: 5 | H181: 6 | I181: 7 | J181: 8 | K181: 9 | L181: 10 | M181: 11 | N181: 12 | O181: 13 | P181: 14 | Q181: 15 | R181: 16 | S181: 17 | T181: 18 | U181: 19 | V181: 20 | W181: 21 | X181: 22 | Y181: 23 | Z181: 24 | AA181: 25 | AB181: 26 | AC181: 27 | AD181: 28 | AE181: 29 | AF181: 30 | AG181: Número total de días
B182: ISABELLA BELINDA MOSCOSO ESTRADA | I182: A
...

Sheet Mayo
B1: ASISTENCIA DE ALUMNOS
B2: Claves de los tipos de Asistencia | C2: F | D2: FALTAS | G2: J | H2: JUSTIFICADA | K2: A | L2: ASISTENCIA | O2: R | P2: RECUPERACION | T2: E | U2: EVENTOS
B4: Enero | C4: MEGA SUPER BABY WOLF 3:00 PM/9:00 AM | AH4: 2026
C5: =TEXT(WEEKDAY(DATE(Mayo!CalendarioAño,1,1),1),"ddd") -> jue | D5: =TEXT(WEEKDAY(DATE(Mayo!CalendarioAño,1,2),1),"ddd") -> vie | E5: =TEXT(WEEKDAY(DATE(Mayo!CalendarioAño,1,3),1),"ddd") -> sáb | F5: =TEXT(WEEKDAY(DATE(Mayo!CalendarioAño,1,4),1),"ddd") -> dom | G5: =TEXT(WEEKDAY(DATE(Mayo!CalendarioAño,1,5),1),"ddd") -> lun | H5: =TEXT(WEEKDAY(DATE(Mayo!CalendarioAño,1,6),1),"ddd") -> mar | I5: =TEXT(WEEKDAY(DATE(Mayo!CalendarioAño,1,7),1),"ddd") -> mié | J5: =TEXT(WEEKDAY(DATE(Mayo!CalendarioAño,1,8),1),"ddd") -> jue | K5: =TEXT(WEEKDAY(DATE(Mayo!CalendarioAño,1,9),1),"ddd") -> vie | L5: =TEXT(WEEKDAY(DATE(Mayo!CalendarioAño,1,10),1),"ddd") -> sáb | M5: =TEXT(WEEKDAY(DATE(Mayo!CalendarioAño,1,11),1),"ddd") -> dom | N5: =TEXT(WEEKDAY(DATE(Mayo!CalendarioAño,1,12),1),"ddd") -> lun | O5: =TEXT(WEEKDAY(DATE(Mayo!CalendarioAño,1,13),1),"ddd") -> mar | P5: =TEXT(WEEKDAY(DATE(Mayo!CalendarioAño,1,14),1),"ddd") -> mié | Q5: =TEXT(WEEKDAY(DATE(Mayo!CalendarioAño,1,15),1),"ddd") -> jue | R5: =TEXT(WEEKDAY(DATE(Mayo!CalendarioAño,1,16),1),"ddd") -> vie | S5: =TEXT(WEEKDAY(DATE(Mayo!CalendarioAño,1,17),1),"ddd") -> sáb | T5: =TEXT(WEEKDAY(DATE(Mayo!CalendarioAño,1,18),1),"ddd") -> dom | U5: =TEXT(WEEKDAY(DATE(Mayo!CalendarioAño,1,19),1),"ddd") -> lun | V5: =TEXT(WEEKDAY(DATE(Mayo!CalendarioAño,1,20),1),"ddd") -> mar | W5: =TEXT(WEEKDAY(DATE(Mayo!CalendarioAño,1,21),1),"ddd") -> mié | X5: =TEXT(WEEKDAY(DATE(Mayo!CalendarioAño,1,22),1),"ddd") -> jue | Y5: =TEXT(WEEKDAY(DATE(Mayo!CalendarioAño,1,23),1),"ddd") -> vie | Z5: =TEXT(WEEKDAY(DATE(Mayo!CalendarioAño,1,24),1),"ddd") -> sáb | AA5: =TEXT(WEEKDAY(DATE(Mayo!CalendarioAño,1,25),1),"ddd") -> dom | AB5: =TEXT(WEEKDAY(DATE(Mayo!CalendarioAño,1,26),1),"ddd") -> lun | AC5: =TEXT(WEEKDAY(DATE(Mayo!CalendarioAño,1,27),1),"ddd") -> mar | AD5: =TEXT(WEEKDAY(DATE(Mayo!CalendarioAño,1,28),1),"ddd") -> mié | AE5: =TEXT(WEEKDAY(DATE(Mayo!CalendarioAño,1,29),1),"ddd") -> jue | AF5: =TEXT(WEEKDAY(DATE(Mayo!CalendarioAño,1,30),1),"ddd") -> vie | AG5: =TEXT(WEEKDAY(DATE(Mayo!CalendarioAño,1,31),1),"ddd") -> sáb
B6: NOMBRE Y APELLIDO | C6: 1 | D6: 2 | E6: 3 | F6: 4 | G6: 5 | H6: 6 | I6: 7 | J6: 8 | K6: 9 | L6: 10 | M6: 11 | N6: 12 | O6: 13 | P6: 14 | Q6: 15 | R6: 16 | S6: 17 | T6: 18 | U6: 19 | V6: 20 | W6: 21 | X6: 22 | Y6: 23 | Z6: 24 | AA6: 25 | AB6: 26 | AC6: 27 | AD6: 28 | AE6: 29 | AF6: 30 | AG6: 31 | AH6: Número total de días
B8: =Mayo!MonthName&" Total" -> Enero Total | C8: =SUBTOTAL(103,Mayo!$C$7) -> 0 | D8: =SUBTOTAL(103,Mayo!$D$7) -> 0 | E8: =SUBTOTAL(103,Mayo!$E$7) -> 0 | F8: =SUBTOTAL(103,Mayo!$F$7) -> 0 | G8: =SUBTOTAL(103,Mayo!$G$7) -> 0 | H8: =SUBTOTAL(103,Mayo!$H$7) -> 0 | I8: =SUBTOTAL(103,Mayo!$I$7) -> 0 | J8: =SUBTOTAL(103,Mayo!$J$7) -> 0 | K8: =SUBTOTAL(103,Mayo!$K$7) -> 0 | L8: =SUBTOTAL(103,Mayo!$L$7) -> 0 | M8: =SUBTOTAL(103,Mayo!$M$7) -> 0 | N8: =SUBTOTAL(103,Mayo!$N$7) -> 0 | O8: =SUBTOTAL(103,Mayo!$O$7) -> 0 | P8: =SUBTOTAL(103,Mayo!$P$7) -> 0 | Q8: =SUBTOTAL(103,Mayo!$Q$7) -> 0 | R8: =SUBTOTAL(103,Mayo!$R$7) -> 0 | S8: =SUBTOTAL(103,Mayo!$S$7) -> 0 | T8: =SUBTOTAL(103,Mayo!$T$7) -> 0 | U8: =SUBTOTAL(103,Mayo!$U$7) -> 0 | V8: =SUBTOTAL(103,Mayo!$V$7) -> 0 | W8: =SUBTOTAL(103,Mayo!$W$7) -> 0 | X8: =SUBTOTAL(103,Mayo!$X$7) -> 0 | Y8: =SUBTOTAL(103,Mayo!$Y$7) -> 0 | Z8: =SUBTOTAL(103,Mayo!$Z$7) -> 0 | AA8: =SUBTOTAL(103,Mayo!$AA$7) -> 0 | AB8: =SUBTOTAL(103,Mayo!$AB$7) -> 0 | AC8: =SUBTOTAL(103,Mayo!$AC$7) -> 0 | AD8: =SUBTOTAL(103,Mayo!$AD$7) -> 0 | AE8: =SUBTOTAL(103,Mayo!$AE$7) -> 0 | AF8: =SUBTOTAL(103,Mayo!$AF$7) -> 0 | AG8: =SUBTOTAL(103,Mayo!$AG$7) -> 0
B10: Enero | C10: SUPER BABY WOLF 3:30 PM/9:30 AM | AH10: 2026
C11: =TEXT(WEEKDAY(DATE(Mayo!CalendarioAño,1,1),1),"ddd") -> jue | D11: =TEXT(WEEKDAY(DATE(Mayo!CalendarioAño,1,2),1),"ddd") -> vie | E11: =TEXT(WEEKDAY(DATE(Mayo!CalendarioAño,1,3),1),"ddd") -> sáb | F11: =TEXT(WEEKDAY(DATE(Mayo!CalendarioAño,1,4),1),"ddd") -> dom | G11: =TEXT(WEEKDAY(DATE(Mayo!CalendarioAño,1,5),1),"ddd") -> lun | H11: =TEXT(WEEKDAY(DATE(Mayo!CalendarioAño,1,6),1),"ddd") -> mar | I11: =TEXT(WEEKDAY(DATE(Mayo!CalendarioAño,1,7),1),"ddd") -> mié | J11: =TEXT(WEEKDAY(DATE(Mayo!CalendarioAño,1,8),1),"ddd") -> jue | K11: =TEXT(WEEKDAY(DATE(Mayo!CalendarioAño,1,9),1),"ddd") -> vie | L11: =TEXT(WEEKDAY(DATE(Mayo!CalendarioAño,1,10),1),"ddd") -> sáb | M11: =TEXT(WEEKDAY(DATE(Mayo!CalendarioAño,1,11),1),"ddd") -> dom | N11: =TEXT(WEEKDAY(DATE(Mayo!CalendarioAño,1,12),1),"ddd") -> lun | O11: =TEXT(WEEKDAY(DATE(Mayo!CalendarioAño,1,13),1),"ddd") -> mar | P11: =TEXT(WEEKDAY(DATE(Mayo!CalendarioAño,1,14),1),"ddd") -> mié | Q11: =TEXT(WEEKDAY(DATE(Mayo!CalendarioAño,1,15),1),"ddd") -> jue | R11: =TEXT(WEEKDAY(DATE(Mayo!CalendarioAño,1,16),1),"ddd") -> vie | S11: =TEXT(WEEKDAY(DATE(Mayo!CalendarioAño,1,17),1),"ddd") -> sáb | T11: =TEXT(WEEKDAY(DATE(Mayo!CalendarioAño,1,18),1),"ddd") -> dom | U11: =TEXT(WEEKDAY(DATE(Mayo!CalendarioAño,1,19),1),"ddd") -> lun | V11: =TEXT(WEEKDAY(DATE(Mayo!CalendarioAño,1,20),1),"ddd") -> mar | W11: =TEXT(WEEKDAY(DATE(Mayo!CalendarioAño,1,21),1),"ddd") -> mié | X11: =TEXT(WEEKDAY(DATE(Mayo!CalendarioAño,1,22),1),"ddd") -> jue | Y11: =TEXT(WEEKDAY(DATE(Mayo!CalendarioAño,1,23),1),"ddd") -> vie | Z11: =TEXT(WEEKDAY(DATE(Mayo!CalendarioAño,1,24),1),"ddd") -> sáb | AA11: =TEXT(WEEKDAY(DATE(Mayo!CalendarioAño,1,25),1),"ddd") -> dom | AB11: =TEXT(WEEKDAY(DATE(Mayo!CalendarioAño,1,26),1),"ddd") -> lun | AC11: =TEXT(WEEKDAY(DATE(Mayo!CalendarioAño,1,27),1),"ddd") -> mar | AD11: =TEXT(WEEKDAY(DATE(Mayo!CalendarioAño,1,28),1),"ddd") -> mié | AE11: =TEXT(WEEKDAY(DATE(Mayo!CalendarioAño,1,29),1),"ddd") -> jue | AF11: =TEXT(WEEKDAY(DATE(Mayo!CalendarioAño,1,30),1),"ddd") -> vie | AG11: =TEXT(WEEKDAY(DATE(Mayo!CalendarioAño,1,31),1),"ddd") -> sáb
B12: NOMBRE Y APELLIDO | C12: 1 | D12: 2 | E12: 3 | F12: 4 | G12: 5 | H12: 6 | I12: 7 | J12: 8 | K12: 9 | L12: 10 | M12: 11 | N12: 12 | O12: 13 | P12: 14 | Q12: 15 | R12: 16 | S12: 17 | T12: 18 | U12: 19 | V12: 20 | W12: 21 | X12: 22 | Y12: 23 | Z12: 24 | AA12: 25 | AB12: 26 | AC12: 27 | AD12: 28 | AE12: 29 | AF12: 30 | AG12: 31 | AH12: Número total de días
B34: =Mayo!MonthName&" Total" -> Enero Total | C34: =SUBTOTAL(103,Mayo!$C$7) -> 0 | D34: =SUBTOTAL(103,Mayo!$D$7) -> 0 | E34: =SUBTOTAL(103,Mayo!$E$7) -> 0 | G34: =SUBTOTAL(103,Mayo!$G$7) -> 0 | H34: =SUBTOTAL(103,Mayo!$H$7) -> 0
B37: Enero | C37: SUPER BABY WOLF 4:00 PM /10:00 AM | AH37: 2026
C38: =TEXT(WEEKDAY(DATE(Mayo!CalendarioAño,1,1),1),"ddd") -> jue | D38: =TEXT(WEEKDAY(DATE(Mayo!CalendarioAño,1,2),1),"ddd") -> vie | E38: =TEXT(WEEKDAY(DATE(Mayo!CalendarioAño,1,3),1),"ddd") -> sáb | F38: =TEXT(WEEKDAY(DATE(Mayo!CalendarioAño,1,4),1),"ddd") -> dom | G38: =TEXT(WEEKDAY(DATE(Mayo!CalendarioAño,1,5),1),"ddd") -> lun | H38: =TEXT(WEEKDAY(DATE(Mayo!CalendarioAño,1,6),1),"ddd") -> mar | I38: =TEXT(WEEKDAY(DATE(Mayo!CalendarioAño,1,7),1),"ddd") -> mié | J38: =TEXT(WEEKDAY(DATE(Mayo!CalendarioAño,1,8),1),"ddd") -> jue | K38: =TEXT(WEEKDAY(DATE(Mayo!CalendarioAño,1,9),1),"ddd") -> vie | L38: =TEXT(WEEKDAY(DATE(Mayo!CalendarioAño,1,10),1),"ddd") -> sáb | M38: =TEXT(WEEKDAY(DATE(Mayo!CalendarioAño,1,11),1),"ddd") -> dom | N38: =TEXT(WEEKDAY(DATE(Mayo!CalendarioAño,1,12),1),"ddd") -> lun | O38: =TEXT(WEEKDAY(DATE(Mayo!CalendarioAño,1,13),1),"ddd") -> mar | P38: =TEXT(WEEKDAY(DATE(Mayo!CalendarioAño,1,14),1),"ddd") -> mié | Q38: =TEXT(WEEKDAY(DATE(Mayo!CalendarioAño,1,15),1),"ddd") -> jue | R38: =TEXT(WEEKDAY(DATE(Mayo!CalendarioAño,1,16),1),"ddd") -> vie | S38: =TEXT(WEEKDAY(DATE(Mayo!CalendarioAño,1,17),1),"ddd") -> sáb | T38: =TEXT(WEEKDAY(DATE(Mayo!CalendarioAño,1,18),1),"ddd") -> dom | U38: =TEXT(WEEKDAY(DATE(Mayo!CalendarioAño,1,19),1),"ddd") -> lun | V38: =TEXT(WEEKDAY(DATE(Mayo!CalendarioAño,1,20),1),"ddd") -> mar | W38: =TEXT(WEEKDAY(DATE(Mayo!CalendarioAño,1,21),1),"ddd") -> mié | X38: =TEXT(WEEKDAY(DATE(Mayo!CalendarioAño,1,22),1),"ddd") -> jue | Y38: =TEXT(WEEKDAY(DATE(Mayo!CalendarioAño,1,23),1),"ddd") -> vie | Z38: =TEXT(WEEKDAY(DATE(Mayo!CalendarioAño,1,24),1),"ddd") -> sáb | AA38: =TEXT(WEEKDAY(DATE(Mayo!CalendarioAño,1,25),1),"ddd") -> dom | AB38: =TEXT(WEEKDAY(DATE(Mayo!CalendarioAño,1,26),1),"ddd") -> lun | AC38: =TEXT(WEEKDAY(DATE(Mayo!CalendarioAño,1,27),1),"ddd") -> mar | AD38: =TEXT(WEEKDAY(DATE(Mayo!CalendarioAño,1,28),1),"ddd") -> mié | AE38: =TEXT(WEEKDAY(DATE(Mayo!CalendarioAño,1,29),1),"ddd") -> jue | AF38: =TEXT(WEEKDAY(DATE(Mayo!CalendarioAño,1,30),1),"ddd") -> vie | AG38: =TEXT(WEEKDAY(DATE(Mayo!CalendarioAño,1,31),1),"ddd") -> sáb
B39: NOMBRE Y APELLIDO | C39: 1 | D39: 2 | E39: 3 | F39: 4 | G39: 5 | H39: 6 | I39: 7 | J39: 8 | K39: 9 | L39: 10 | M39: 11 | N39: 12 | O39: 13 | P39: 14 | Q39: 15 | R39: 16 | S39: 17 | T39: 18 | U39: 19 | V39: 20 | W39: 21 | X39: 22 | Y39: 23 | Z39: 24 | AA39: 25 | AB39: 26 | AC39: 27 | AD39: 28 | AE39: 29 | AF39: 30 | AG39: 31 | AH39: Número total de días
B62: =Mayo!MonthName&" Total" -> Enero Total | C62: =SUBTOTAL(103,Mayo!$C$7) -> 0 | D62: =SUBTOTAL(103,Mayo!$D$7) -> 0 | E62: =SUBTOTAL(103,Mayo!$E$7) -> 0 | G62: =SUBTOTAL(103,Mayo!$G$7) -> 0
B64: Enero | C64: BABY WOLF 4:30 PM/10:30 | AH64: 2026
C65: =TEXT(WEEKDAY(DATE(Mayo!CalendarioAño,1,1),1),"ddd") -> jue | D65: =TEXT(WEEKDAY(DATE(Mayo!CalendarioAño,1,2),1),"ddd") -> vie | E65: =TEXT(WEEKDAY(DATE(Mayo!CalendarioAño,1,3),1),"ddd") -> sáb | F65: =TEXT(WEEKDAY(DATE(Mayo!CalendarioAño,1,4),1),"ddd") -> dom | G65: =TEXT(WEEKDAY(DATE(Mayo!CalendarioAño,1,5),1),"ddd") -> lun | H65: =TEXT(WEEKDAY(DATE(Mayo!CalendarioAño,1,6),1),"ddd") -> mar | I65: =TEXT(WEEKDAY(DATE(Mayo!CalendarioAño,1,7),1),"ddd") -> mié | J65: =TEXT(WEEKDAY(DATE(Mayo!CalendarioAño,1,8),1),"ddd") -> jue | K65: =TEXT(WEEKDAY(DATE(Mayo!CalendarioAño,1,9),1),"ddd") -> vie | L65: =TEXT(WEEKDAY(DATE(Mayo!CalendarioAño,1,10),1),"ddd") -> sáb | M65: =TEXT(WEEKDAY(DATE(Mayo!CalendarioAño,1,11),1),"ddd") -> dom | N65: =TEXT(WEEKDAY(DATE(Mayo!CalendarioAño,1,12),1),"ddd") -> lun | O65: =TEXT(WEEKDAY(DATE(Mayo!CalendarioAño,1,13),1),"ddd") -> mar | P65: =TEXT(WEEKDAY(DATE(Mayo!CalendarioAño,1,14),1),"ddd") -> mié | Q65: =TEXT(WEEKDAY(DATE(Mayo!CalendarioAño,1,15),1),"ddd") -> jue | R65: =TEXT(WEEKDAY(DATE(Mayo!CalendarioAño,1,16),1),"ddd") -> vie | S65: =TEXT(WEEKDAY(DATE(Mayo!CalendarioAño,1,17),1),"ddd") -> sáb | T65: =TEXT(WEEKDAY(DATE(Mayo!CalendarioAño,1,18),1),"ddd") -> dom | U65: =TEXT(WEEKDAY(DATE(Mayo!CalendarioAño,1,19),1),"ddd") -> lun | V65: =TEXT(WEEKDAY(DATE(Mayo!CalendarioAño,1,20),1),"ddd") -> mar | W65: =TEXT(WEEKDAY(DATE(Mayo!CalendarioAño,1,21),1),"ddd") -> mié | X65: =TEXT(WEEKDAY(DATE(Mayo!CalendarioAño,1,22),1),"ddd") -> jue | Y65: =TEXT(WEEKDAY(DATE(Mayo!CalendarioAño,1,23),1),"ddd") -> vie | Z65: =TEXT(WEEKDAY(DATE(Mayo!CalendarioAño,1,24),1),"ddd") -> sáb | AA65: =TEXT(WEEKDAY(DATE(Mayo!CalendarioAño,1,25),1),"ddd") -> dom | AB65: =TEXT(WEEKDAY(DATE(Mayo!CalendarioAño,1,26),1),"ddd") -> lun | AC65: =TEXT(WEEKDAY(DATE(Mayo!CalendarioAño,1,27),1),"ddd") -> mar | AD65: =TEXT(WEEKDAY(DATE(Mayo!CalendarioAño,1,28),1),"ddd") -> mié | AE65: =TEXT(WEEKDAY(DATE(Mayo!CalendarioAño,1,29),1),"ddd") -> jue | AF65: =TEXT(WEEKDAY(DATE(Mayo!CalendarioAño,1,30),1),"ddd") -> vie | AG65: =TEXT(WEEKDAY(DATE(Mayo!CalendarioAño,1,31),1),"ddd") -> sáb
B66: NOMBRE Y APELLIDO | C66: 1 | D66: 2 | E66: 3 | F66: 4 | G66: 5 | H66: 6 | I66: 7 | J66: 8 | K66: 9 | L66: 10 | M66: 11 | N66: 12 | O66: 13 | P66: 14 | Q66: 15 | R66: 16 | S66: 17 | T66: 18 | U66: 19 | V66: 20 | W66: 21 | X66: 22 | Y66: 23 | Z66: 24 | AA66: 25 | AB66: 26 | AC66: 27 | AD66: 28 | AE66: 29 | AF66: 30 | AG66: 31 | AH66: Número total de días
B95: =Mayo!MonthName&" Total" -> Enero Total | C95: =SUBTOTAL(103,Mayo!$C$7) -> 0 | D95: =SUBTOTAL(103,Mayo!$D$7) -> 0 | E95: =SUBTOTAL(103,Mayo!$E$7) -> 0 | G95: =SUBTOTAL(103,Mayo!$G$7) -> 0
B97: Enero | C97: BABY WOLF 5:00 PM/11:00 AM | AH97: 2026
C98: =TEXT(WEEKDAY(DATE(Mayo!CalendarioAño,1,1),1),"ddd") -> jue | D98: =TEXT(WEEKDAY(DATE(Mayo!CalendarioAño,1,2),1),"ddd") -> vie | E98: =TEXT(WEEKDAY(DATE(Mayo!CalendarioAño,1,3),1),"ddd") -> sáb | F98: =TEXT(WEEKDAY(DATE(Mayo!CalendarioAño,1,4),1),"ddd") -> dom | G98: =TEXT(WEEKDAY(DATE(Mayo!CalendarioAño,1,5),1),"ddd") -> lun | H98: =TEXT(WEEKDAY(DATE(Mayo!CalendarioAño,1,6),1),"ddd") -> mar | I98: =TEXT(WEEKDAY(DATE(Mayo!CalendarioAño,1,7),1),"ddd") -> mié | J98: =TEXT(WEEKDAY(DATE(Mayo!CalendarioAño,1,8),1),"ddd") -> jue | K98: =TEXT(WEEKDAY(DATE(Mayo!CalendarioAño,1,9),1),"ddd") -> vie | L98: =TEXT(WEEKDAY(DATE(Mayo!CalendarioAño,1,10),1),"ddd") -> sáb | M98: =TEXT(WEEKDAY(DATE(Mayo!CalendarioAño,1,11),1),"ddd") -> dom | N98: =TEXT(WEEKDAY(DATE(Mayo!CalendarioAño,1,12),1),"ddd") -> lun | O98: =TEXT(WEEKDAY(DATE(Mayo!CalendarioAño,1,13),1),"ddd") -> mar | P98: =TEXT(WEEKDAY(DATE(Mayo!CalendarioAño,1,14),1),"ddd") -> mié | Q98: =TEXT(WEEKDAY(DATE(Mayo!CalendarioAño,1,15),1),"ddd") -> jue | R98: =TEXT(WEEKDAY(DATE(Mayo!CalendarioAño,1,16),1),"ddd") -> vie | S98: =TEXT(WEEKDAY(DATE(Mayo!CalendarioAño,1,17),1),"ddd") -> sáb | T98: =TEXT(WEEKDAY(DATE(Mayo!CalendarioAño,1,18),1),"ddd") -> dom | U98: =TEXT(WEEKDAY(DATE(Mayo!CalendarioAño,1,19),1),"ddd") -> lun | V98: =TEXT(WEEKDAY(DATE(Mayo!CalendarioAño,1,20),1),"ddd") -> mar | W98: =TEXT(WEEKDAY(DATE(Mayo!CalendarioAño,1,21),1),"ddd") -> mié | X98: =TEXT(WEEKDAY(DATE(Mayo!CalendarioAño,1,22),1),"ddd") -> jue | Y98: =TEXT(WEEKDAY(DATE(Mayo!CalendarioAño,1,23),1),"ddd") -> vie | Z98: =TEXT(WEEKDAY(DATE(Mayo!CalendarioAño,1,24),1),"ddd") -> sáb | AA98: =TEXT(WEEKDAY(DATE(Mayo!CalendarioAño,1,25),1),"ddd") -> dom | AB98: =TEXT(WEEKDAY(DATE(Mayo!CalendarioAño,1,26),1),"ddd") -> lun | AC98: =TEXT(WEEKDAY(DATE(Mayo!CalendarioAño,1,27),1),"ddd") -> mar | AD98: =TEXT(WEEKDAY(DATE(Mayo!CalendarioAño,1,28),1),"ddd") -> mié | AE98: =TEXT(WEEKDAY(DATE(Mayo!CalendarioAño,1,29),1),"ddd") -> jue | AF98: =TEXT(WEEKDAY(DATE(Mayo!CalendarioAño,1,30),1),"ddd") -> vie | AG98: =TEXT(WEEKDAY(DATE(Mayo!CalendarioAño,1,31),1),"ddd") -> sáb
B99: NOMBRE Y APELLIDO | C99: 1 | D99: 2 | E99: 3 | F99: 4 | G99: 5 | H99: 6 | I99: 7 | J99: 8 | K99: 9 | L99: 10 | M99: 11 | N99: 12 | O99: 13 | P99: 14 | Q99: 15 | R99: 16 | S99: 17 | T99: 18 | U99: 19 | V99: 20 | W99: 21 | X99: 22 | Y99: 23 | Z99: 24 | AA99: 25 | AB99: 26 | AC99: 27 | AD99: 28 | AE99: 29 | AF99: 30 | AG99: 31 | AH99: Número total de días
B121: =Mayo!MonthName&" Total" -> Enero Total | C121: =SUBTOTAL(103,Mayo!$C$7) -> 0 | D121: =SUBTOTAL(103,Mayo!$D$7) -> 0 | E121: =SUBTOTAL(103,Mayo!$E$7) -> 0 | H121: =SUBTOTAL(103,Mayo!$H$7) -> 0
B123: Enero | C123: LITTLE WOLF 5:30 PM/11:30 AM | AH123: 2026
C124: =TEXT(WEEKDAY(DATE(Mayo!CalendarioAño,1,1),1),"ddd") -> jue | D124: =TEXT(WEEKDAY(DATE(Mayo!CalendarioAño,1,2),1),"ddd") -> vie | E124: =TEXT(WEEKDAY(DATE(Mayo!CalendarioAño,1,3),1),"ddd") -> sáb | F124: =TEXT(WEEKDAY(DATE(Mayo!CalendarioAño,1,4),1),"ddd") -> dom | G124: =TEXT(WEEKDAY(DATE(Mayo!CalendarioAño,1,5),1),"ddd") -> lun | H124: =TEXT(WEEKDAY(DATE(Mayo!CalendarioAño,1,6),1),"ddd") -> mar | I124: =TEXT(WEEKDAY(DATE(Mayo!CalendarioAño,1,7),1),"ddd") -> mié | J124: =TEXT(WEEKDAY(DATE(Mayo!CalendarioAño,1,8),1),"ddd") -> jue | K124: =TEXT(WEEKDAY(DATE(Mayo!CalendarioAño,1,9),1),"ddd") -> vie | L124: =TEXT(WEEKDAY(DATE(Mayo!CalendarioAño,1,10),1),"ddd") -> sáb | M124: =TEXT(WEEKDAY(DATE(Mayo!CalendarioAño,1,11),1),"ddd") -> dom | N124: =TEXT(WEEKDAY(DATE(Mayo!CalendarioAño,1,12),1),"ddd") -> lun | O124: =TEXT(WEEKDAY(DATE(Mayo!CalendarioAño,1,13),1),"ddd") -> mar | P124: =TEXT(WEEKDAY(DATE(Mayo!CalendarioAño,1,14),1),"ddd") -> mié | Q124: =TEXT(WEEKDAY(DATE(Mayo!CalendarioAño,1,15),1),"ddd") -> jue | R124: =TEXT(WEEKDAY(DATE(Mayo!CalendarioAño,1,16),1),"ddd") -> vie | S124: =TEXT(WEEKDAY(DATE(Mayo!CalendarioAño,1,17),1),"ddd") -> sáb | T124: =TEXT(WEEKDAY(DATE(Mayo!CalendarioAño,1,18),1),"ddd") -> dom | U124: =TEXT(WEEKDAY(DATE(Mayo!CalendarioAño,1,19),1),"ddd") -> lun | V124: =TEXT(WEEKDAY(DATE(Mayo!CalendarioAño,1,20),1),"ddd") -> mar | W124: =TEXT(WEEKDAY(DATE(Mayo!CalendarioAño,1,21),1),"ddd") -> mié | X124: =TEXT(WEEKDAY(DATE(Mayo!CalendarioAño,1,22),1),"ddd") -> jue | Y124: =TEXT(WEEKDAY(DATE(Mayo!CalendarioAño,1,23),1),"ddd") -> vie | Z124: =TEXT(WEEKDAY(DATE(Mayo!CalendarioAño,1,24),1),"ddd") -> sáb | AA124: =TEXT(WEEKDAY(DATE(Mayo!CalendarioAño,1,25),1),"ddd") -> dom | AB124: =TEXT(WEEKDAY(DATE(Mayo!CalendarioAño,1,26),1),"ddd") -> lun | AC124: =TEXT(WEEKDAY(DATE(Mayo!CalendarioAño,1,27),1),"ddd") -> mar | AD124: =TEXT(WEEKDAY(DATE(Mayo!CalendarioAño,1,28),1),"ddd") -> mié | AE124: =TEXT(WEEKDAY(DATE(Mayo!CalendarioAño,1,29),1),"ddd") -> jue | AF124: =TEXT(WEEKDAY(DATE(Mayo!CalendarioAño,1,30),1),"ddd") -> vie | AG124: =TEXT(WEEKDAY(DATE(Mayo!CalendarioAño,1,31),1),"ddd") -> sáb
B125: NOMBRE Y APELLIDO | C125: 1 | D125: 2 | E125: 3 | F125: 4 | G125: 5 | H125: 6 | I125: 7 | J125: 8 | K125: 9 | L125: 10 | M125: 11 | N125: 12 | O125: 13 | P125: 14 | Q125: 15 | R125: 16 | S125: 17 | T125: 18 | U125: 19 | V125: 20 | W125: 21 | X125: 22 | Y125: 23 | Z125: 24 | AA125: 25 | AB125: 26 | AC125: 27 | AD125: 28 | AE125: 29 | AF125: 30 | AG125: 31 | AH125: Número total de días
B147: =Mayo!MonthName&" Total" -> Enero Total | C147: =SUBTOTAL(103,Mayo!$C$7) -> 0 | D147: =SUBTOTAL(103,Mayo!$D$7) -> 0 | E147: =SUBTOTAL(103,Mayo!$E$7) -> 0 | H147: =SUBTOTAL(103,Mayo!$H$7) -> 0 | AE147: =SUBTOTAL(103,Mayo!$AE$7) -> 0 | AF147: =SUBTOTAL(103,Mayo!$AF$7) -> 0 | AG147: =SUBTOTAL(103,Mayo!$AG$7) -> 0 | AH147: =SUM(C147:AG147) -> 0
B149: Enero | C149: LITTLE WOLF 6:00 PM/12:00 PM | AH149: 2026
C150: =TEXT(WEEKDAY(DATE(Mayo!CalendarioAño,1,1),1),"ddd") -> jue | D150: =TEXT(WEEKDAY(DATE(Mayo!CalendarioAño,1,2),1),"ddd") -> vie | E150: =TEXT(WEEKDAY(DATE(Mayo!CalendarioAño,1,3),1),"ddd") -> sáb | F150: =TEXT(WEEKDAY(DATE(Mayo!CalendarioAño,1,4),1),"ddd") -> dom | G150: =TEXT(WEEKDAY(DATE(Mayo!CalendarioAño,1,5),1),"ddd") -> lun | H150: =TEXT(WEEKDAY(DATE(Mayo!CalendarioAño,1,6),1),"ddd") -> mar | I150: =TEXT(WEEKDAY(DATE(Mayo!CalendarioAño,1,7),1),"ddd") -> mié | J150: =TEXT(WEEKDAY(DATE(Mayo!CalendarioAño,1,8),1),"ddd") -> jue | K150: =TEXT(WEEKDAY(DATE(Mayo!CalendarioAño,1,9),1),"ddd") -> vie | L150: =TEXT(WEEKDAY(DATE(Mayo!CalendarioAño,1,10),1),"ddd") -> sáb | M150: =TEXT(WEEKDAY(DATE(Mayo!CalendarioAño,1,11),1),"ddd") -> dom | N150: =TEXT(WEEKDAY(DATE(Mayo!CalendarioAño,1,12),1),"ddd") -> lun | O150: =TEXT(WEEKDAY(DATE(Mayo!CalendarioAño,1,13),1),"ddd") -> mar | P150: =TEXT(WEEKDAY(DATE(Mayo!CalendarioAño,1,14),1),"ddd") -> mié | Q150: =TEXT(WEEKDAY(DATE(Mayo!CalendarioAño,1,15),1),"ddd") -> jue | R150: =TEXT(WEEKDAY(DATE(Mayo!CalendarioAño,1,16),1),"ddd") -> vie | S150: =TEXT(WEEKDAY(DATE(Mayo!CalendarioAño,1,17),1),"ddd") -> sáb | T150: =TEXT(WEEKDAY(DATE(Mayo!CalendarioAño,1,18),1),"ddd") -> dom | U150: =TEXT(WEEKDAY(DATE(Mayo!CalendarioAño,1,19),1),"ddd") -> lun | V150: =TEXT(WEEKDAY(DATE(Mayo!CalendarioAño,1,20),1),"ddd") -> mar | W150: =TEXT(WEEKDAY(DATE(Mayo!CalendarioAño,1,21),1),"ddd") -> mié | X150: =TEXT(WEEKDAY(DATE(Mayo!CalendarioAño,1,22),1),"ddd") -> jue | Y150: =TEXT(WEEKDAY(DATE(Mayo!CalendarioAño,1,23),1),"ddd") -> vie | Z150: =TEXT(WEEKDAY(DATE(Mayo!CalendarioAño,1,24),1),"ddd") -> sáb | AA150: =TEXT(WEEKDAY(DATE(Mayo!CalendarioAño,1,25),1),"ddd") -> dom | AB150: =TEXT(WEEKDAY(DATE(Mayo!CalendarioAño,1,26),1),"ddd") -> lun | AC150: =TEXT(WEEKDAY(DATE(Mayo!CalendarioAño,1,27),1),"ddd") -> mar | AD150: =TEXT(WEEKDAY(DATE(Mayo!CalendarioAño,1,28),1),"ddd") -> mié | AE150: =TEXT(WEEKDAY(DATE(Mayo!CalendarioAño,1,29),1),"ddd") -> jue | AF150: =TEXT(WEEKDAY(DATE(Mayo!CalendarioAño,1,30),1),"ddd") -> vie | AG150: =TEXT(WEEKDAY(DATE(Mayo!CalendarioAño,1,31),1),"ddd") -> sáb
B151: NOMBRE Y APELLIDO | C151: 1 | D151: 2 | E151: 3 | F151: 4 | G151: 5 | H151: 6 | I151: 7 | J151: 8 | K151: 9 | L151: 10 | M151: 11 | N151: 12 | O151: 13 | P151: 14 | Q151: 15 | R151: 16 | S151: 17 | T151: 18 | U151: 19 | V151: 20 | W151: 21 | X151: 22 | Y151: 23 | Z151: 24 | AA151: 25 | AB151: 26 | AC151: 27 | AD151: 28 | AE151: 29 | AF151: 30 | AG151: 31 | AH151: Número total de días
B164: =Mayo!MonthName&" Total" -> Enero Total | C164: =SUBTOTAL(103,Mayo!$C$7) -> 0 | D164: =SUBTOTAL(103,Mayo!$D$7) -> 0 | E164: =SUBTOTAL(103,Mayo!$E$7) -> 0 | H164: =SUBTOTAL(103,Mayo!$H$7) -> 0 | Y164: =SUBTOTAL(103,Mayo!$Y$7) -> 0 | Z164: =SUBTOTAL(103,Mayo!$Z$7) -> 0 | AA164: =SUBTOTAL(103,Mayo!$AA$7) -> 0 | AB164: =SUBTOTAL(103,Mayo!$AB$7) -> 0 | AC164: =SUBTOTAL(103,Mayo!$AC$7) -> 0 | AD164: =SUBTOTAL(103,Mayo!$AD$7) -> 0 | AE164: =SUBTOTAL(103,Mayo!$AE$7) -> 0 | AF164: =SUBTOTAL(103,Mayo!$AF$7) -> 0 | AG164: =SUBTOTAL(103,Mayo!$AG$7) -> 0 | AH164: =SUM(C164:AG164) -> 0
B166: Enero | C166: JUNIOR WOLF 6:30 PM/12:30 PM | AH166: 2026
C167: =TEXT(WEEKDAY(DATE(Mayo!CalendarioAño,1,1),1),"ddd") -> jue | D167: =TEXT(WEEKDAY(DATE(Mayo!CalendarioAño,1,2),1),"ddd") -> vie | E167: =TEXT(WEEKDAY(DATE(Mayo!CalendarioAño,1,3),1),"ddd") -> sáb | F167: =TEXT(WEEKDAY(DATE(Mayo!CalendarioAño,1,4),1),"ddd") -> dom | G167: =TEXT(WEEKDAY(DATE(Mayo!CalendarioAño,1,5),1),"ddd") -> lun | H167: =TEXT(WEEKDAY(DATE(Mayo!CalendarioAño,1,6),1),"ddd") -> mar | I167: =TEXT(WEEKDAY(DATE(Mayo!CalendarioAño,1,7),1),"ddd") -> mié | J167: =TEXT(WEEKDAY(DATE(Mayo!CalendarioAño,1,8),1),"ddd") -> jue | K167: =TEXT(WEEKDAY(DATE(Mayo!CalendarioAño,1,9),1),"ddd") -> vie | L167: =TEXT(WEEKDAY(DATE(Mayo!CalendarioAño,1,10),1),"ddd") -> sáb | M167: =TEXT(WEEKDAY(DATE(Mayo!CalendarioAño,1,11),1),"ddd") -> dom | N167: =TEXT(WEEKDAY(DATE(Mayo!CalendarioAño,1,12),1),"ddd") -> lun | O167: =TEXT(WEEKDAY(DATE(Mayo!CalendarioAño,1,13),1),"ddd") -> mar | P167: =TEXT(WEEKDAY(DATE(Mayo!CalendarioAño,1,14),1),"ddd") -> mié | Q167: =TEXT(WEEKDAY(DATE(Mayo!CalendarioAño,1,15),1),"ddd") -> jue | R167: =TEXT(WEEKDAY(DATE(Mayo!CalendarioAño,1,16),1),"ddd") -> vie | S167: =TEXT(WEEKDAY(DATE(Mayo!CalendarioAño,1,17),1),"ddd") -> sáb | T167: =TEXT(WEEKDAY(DATE(Mayo!CalendarioAño,1,18),1),"ddd") -> dom | U167: =TEXT(WEEKDAY(DATE(Mayo!CalendarioAño,1,19),1),"ddd") -> lun | V167: =TEXT(WEEKDAY(DATE(Mayo!CalendarioAño,1,20),1),"ddd") -> mar | W167: =TEXT(WEEKDAY(DATE(Mayo!CalendarioAño,1,21),1),"ddd") -> mié | X167: =TEXT(WEEKDAY(DATE(Mayo!CalendarioAño,1,22),1),"ddd") -> jue | Y167: =TEXT(WEEKDAY(DATE(Mayo!CalendarioAño,1,23),1),"ddd") -> vie | Z167: =TEXT(WEEKDAY(DATE(Mayo!CalendarioAño,1,24),1),"ddd") -> sáb | AA167: =TEXT(WEEKDAY(DATE(Mayo!CalendarioAño,1,25),1),"ddd") -> dom | AB167: =TEXT(WEEKDAY(DATE(Mayo!CalendarioAño,1,26),1),"ddd") -> lun | AC167: =TEXT(WEEKDAY(DATE(Mayo!CalendarioAño,1,27),1),"ddd") -> mar | AD167: =TEXT(WEEKDAY(DATE(Mayo!CalendarioAño,1,28),1),"ddd") -> mié | AE167: =TEXT(WEEKDAY(DATE(Mayo!CalendarioAño,1,29),1),"ddd") -> jue | AF167: =TEXT(WEEKDAY(DATE(Mayo!CalendarioAño,1,30),1),"ddd") -> vie | AG167: =TEXT(WEEKDAY(DATE(Mayo!CalendarioAño,1,31),1),"ddd") -> sáb
B168: NOMBRE Y APELLIDO | C168: 1 | D168: 2 | E168: 3 | F168: 4 | G168: 5 | H168: 6 | I168: 7 | J168: 8 | K168: 9 | L168: 10 | M168: 11 | N168: 12 | O168: 13 | P168: 14 | Q168: 15 | R168: 16 | S168: 17 | T168: 18 | U168: 19 | V168: 20 | W168: 21 | X168: 22 | Y168: 23 | Z168: 24 | AA168: 25 | AB168: 26 | AC168: 27 | AD168: 28 | AE168: 29 | AF168: 30 | AG168: 31 | AH168: Número total de días
B177: =Mayo!MonthName&" Total" -> Enero Total
B179: Enero | C179: ADOLECENTES WOLF 6:30 a 7:30 PM/1:30 PM | AH179: 2026
C180: =TEXT(WEEKDAY(DATE(Mayo!CalendarioAño,1,1),1),"ddd") -> jue | D180: =TEXT(WEEKDAY(DATE(Mayo!CalendarioAño,1,2),1),"ddd") -> vie | E180: =TEXT(WEEKDAY(DATE(Mayo!CalendarioAño,1,3),1),"ddd") -> sáb | F180: =TEXT(WEEKDAY(DATE(Mayo!CalendarioAño,1,4),1),"ddd") -> dom | G180: =TEXT(WEEKDAY(DATE(Mayo!CalendarioAño,1,5),1),"ddd") -> lun | H180: =TEXT(WEEKDAY(DATE(Mayo!CalendarioAño,1,6),1),"ddd") -> mar | I180: =TEXT(WEEKDAY(DATE(Mayo!CalendarioAño,1,7),1),"ddd") -> mié | J180: =TEXT(WEEKDAY(DATE(Mayo!CalendarioAño,1,8),1),"ddd") -> jue | K180: =TEXT(WEEKDAY(DATE(Mayo!CalendarioAño,1,9),1),"ddd") -> vie | L180: =TEXT(WEEKDAY(DATE(Mayo!CalendarioAño,1,10),1),"ddd") -> sáb | M180: =TEXT(WEEKDAY(DATE(Mayo!CalendarioAño,1,11),1),"ddd") -> dom | N180: =TEXT(WEEKDAY(DATE(Mayo!CalendarioAño,1,12),1),"ddd") -> lun | O180: =TEXT(WEEKDAY(DATE(Mayo!CalendarioAño,1,13),1),"ddd") -> mar | P180: =TEXT(WEEKDAY(DATE(Mayo!CalendarioAño,1,14),1),"ddd") -> mié | Q180: =TEXT(WEEKDAY(DATE(Mayo!CalendarioAño,1,15),1),"ddd") -> jue | R180: =TEXT(WEEKDAY(DATE(Mayo!CalendarioAño,1,16),1),"ddd") -> vie | S180: =TEXT(WEEKDAY(DATE(Mayo!CalendarioAño,1,17),1),"ddd") -> sáb | T180: =TEXT(WEEKDAY(DATE(Mayo!CalendarioAño,1,18),1),"ddd") -> dom | U180: =TEXT(WEEKDAY(DATE(Mayo!CalendarioAño,1,19),1),"ddd") -> lun | V180: =TEXT(WEEKDAY(DATE(Mayo!CalendarioAño,1,20),1),"ddd") -> mar | W180: =TEXT(WEEKDAY(DATE(Mayo!CalendarioAño,1,21),1),"ddd") -> mié | X180: =TEXT(WEEKDAY(DATE(Mayo!CalendarioAño,1,22),1),"ddd") -> jue | Y180: =TEXT(WEEKDAY(DATE(Mayo!CalendarioAño,1,23),1),"ddd") -> vie | Z180: =TEXT(WEEKDAY(DATE(Mayo!CalendarioAño,1,24),1),"ddd") -> sáb | AA180: =TEXT(WEEKDAY(DATE(Mayo!CalendarioAño,1,25),1),"ddd") -> dom | AB180: =TEXT(WEEKDAY(DATE(Mayo!CalendarioAño,1,26),1),"ddd") -> lun | AC180: =TEXT(WEEKDAY(DATE(Mayo!CalendarioAño,1,27),1),"ddd") -> mar | AD180: =TEXT(WEEKDAY(DATE(Mayo!CalendarioAño,1,28),1),"ddd") -> mié | AE180: =TEXT(WEEKDAY(DATE(Mayo!CalendarioAño,1,29),1),"ddd") -> jue | AF180: =TEXT(WEEKDAY(DATE(Mayo!CalendarioAño,1,30),1),"ddd") -> vie | AG180: =TEXT(WEEKDAY(DATE(Mayo!CalendarioAño,1,31),1),"ddd") -> sáb
B181: NOMBRE Y APELLIDO | C181: 1 | D181: 2 | E181: 3 | F181: 4 | G181: 5 | H181: 6 | I181: 7 | J181: 8 | K181: 9 | L181: 10 | M181: 11 | N181: 12 | O181: 13 | P181: 14 | Q181: 15 | R181: 16 | S181: 17 | T181: 18 | U181: 19 | V181: 20 | W181: 21 | X181: 22 | Y181: 23 | Z181: 24 | AA181: 25 | AB181: 26 | AC181: 27 | AD181: 28 | AE181: 29 | AF181: 30 | AG181: 31 | AH181: Número total de días
C187: =SUBTOTAL(103,Mayo!$C$7) -> 0 | D187: =SUBTOTAL(103,Mayo!$D$7) -> 0 | E187: =SUBTOTAL(103,Mayo!$E$7) -> 0 | H187: =SUBTOTAL(103,Mayo!$H$7) -> 0 | I187: =SUBTOTAL(103,Mayo!$I$7) -> 0 | J187: =SUBTOTAL(103,Mayo!$J$7) -> 0 | K187: =SUBTOTAL(103,Mayo!$K$7) -> 0 | L187: =SUBTOTAL(103,Mayo!$L$7) -> 0 | N187: =SUBTOTAL(103,Mayo!$N$7) -> 0 | O187: =SUBTOTAL(103,Mayo!$O$7) -> 0 | P187: =SUBTOTAL(103,Mayo!$P$7) -> 0 | Q187: =SUBTOTAL(103,Mayo!$Q$7) -> 0 | R187: =SUBTOTAL(103,Mayo!$R$7) -> 0 | S187: =SUBTOTAL(103,Mayo!$S$7) -> 0 | T187: =SUBTOTAL(103,Mayo!$T$7) -> 0 | U187: =SUBTOTAL(103,Mayo!$U$7) -> 0 | W187: =SUBTOTAL(103,Mayo!$W$7) -> 0 | X187: =SUBTOTAL(103,Mayo!$X$7) -> 0 | Y187: =SUBTOTAL(103,Mayo!$Y$7) -> 0 | Z187: =SUBTOTAL(103,Mayo!$Z$7) -> 0 | AA187: =SUBTOTAL(103,Mayo!$AA$7) -> 0 | AB187: =SUBTOTAL(103,Mayo!$AB$7) -> 0 | AC187: =SUBTOTAL(103,Mayo!$AC$7) -> 0 | AD187: =SUBTOTAL(103,Mayo!$AD$7) -> 0 | AE187: =SUBTOTAL(103,Mayo!$AE$7) -> 0 | AF187: =SUBTOTAL(103,Mayo!$AF$7) -> 0 | AG187: =SUBTOTAL(103,Mayo!$AG$7) -> 0
B189: Enero | C189: WOLF 7:30-8:30 PM /2:30 PM | AH189: 2026
C190: =TEXT(WEEKDAY(DATE(Mayo!CalendarioAño,1,1),1),"ddd") -> jue | D190: =TEXT(WEEKDAY(DATE(Mayo!CalendarioAño,1,2),1),"ddd") -> vie | E190: =TEXT(WEEKDAY(DATE(Mayo!CalendarioAño,1,3),1),"ddd") -> sáb | F190: =TEXT(WEEKDAY(DATE(Mayo!CalendarioAño,1,4),1),"ddd") -> dom | G190: =TEXT(WEEKDAY(DATE(Mayo!CalendarioAño,1,5),1),"ddd") -> lun | H190: =TEXT(WEEKDAY(DATE(Mayo!CalendarioAño,1,6),1),"ddd") -> mar | I190: =TEXT(WEEKDAY(DATE(Mayo!CalendarioAño,1,7),1),"ddd") -> mié | J190: =TEXT(WEEKDAY(DATE(Mayo!CalendarioAño,1,8),1),"ddd") -> jue | K190: =TEXT(WEEKDAY(DATE(Mayo!CalendarioAño,1,9),1),"ddd") -> vie | L190: =TEXT(WEEKDAY(DATE(Mayo!CalendarioAño,1,10),1),"ddd") -> sáb | M190: =TEXT(WEEKDAY(DATE(Mayo!CalendarioAño,1,11),1),"ddd") -> dom | N190: =TEXT(WEEKDAY(DATE(Mayo!CalendarioAño,1,12),1),"ddd") -> lun | O190: =TEXT(WEEKDAY(DATE(Mayo!CalendarioAño,1,13),1),"ddd") -> mar | P190: =TEXT(WEEKDAY(DATE(Mayo!CalendarioAño,1,14),1),"ddd") -> mié | Q190: =TEXT(WEEKDAY(DATE(Mayo!CalendarioAño,1,15),1),"ddd") -> jue | R190: =TEXT(WEEKDAY(DATE(Mayo!CalendarioAño,1,16),1),"ddd") -> vie | S190: =TEXT(WEEKDAY(DATE(Mayo!CalendarioAño,1,17),1),"ddd") -> sáb | T190: =TEXT(WEEKDAY(DATE(Mayo!CalendarioAño,1,18),1),"ddd") -> dom | U190: =TEXT(WEEKDAY(DATE(Mayo!CalendarioAño,1,19),1),"ddd") -> lun | V190: =TEXT(WEEKDAY(DATE(Mayo!CalendarioAño,1,20),1),"ddd") -> mar | W190: =TEXT(WEEKDAY(DATE(Mayo!CalendarioAño,1,21),1),"ddd") -> mié | X190: =TEXT(WEEKDAY(DATE(Mayo!CalendarioAño,1,22),1),"ddd") -> jue | Y190: =TEXT(WEEKDAY(DATE(Mayo!CalendarioAño,1,23),1),"ddd") -> vie | Z190: =TEXT(WEEKDAY(DATE(Mayo!CalendarioAño,1,24),1),"ddd") -> sáb | AA190: =TEXT(WEEKDAY(DATE(Mayo!CalendarioAño,1,25),1),"ddd") -> dom | AB190: =TEXT(WEEKDAY(DATE(Mayo!CalendarioAño,1,26),1),"ddd") -> lun | AC190: =TEXT(WEEKDAY(DATE(Mayo!CalendarioAño,1,27),1),"ddd") -> mar | AD190: =TEXT(WEEKDAY(DATE(Mayo!CalendarioAño,1,28),1),"ddd") -> mié | AE190: =TEXT(WEEKDAY(DATE(Mayo!CalendarioAño,1,29),1),"ddd") -> jue | AF190: =TEXT(WEEKDAY(DATE(Mayo!CalendarioAño,1,30),1),"ddd") -> vie | AG190: =TEXT(WEEKDAY(DATE(Mayo!CalendarioAño,1,31),1),"ddd") -> sáb
B191: NOMBRE Y APELLIDO | C191: 1 | D191: 2 | E191: 3 | F191: 4 | G191: 5 | H191: 6 | I191: 7 | J191: 8 | K191: 9 | L191: 10 | M191: 11 | N191: 12 | O191: 13 | P191: 14 | Q191: 15 | R191: 16 | S191: 17 | T191: 18 | U191: 19 | V191: 20 | W191: 21 | X191: 22 | Y191: 23 | Z191: 24 | AA191: 25 | AB191: 26 | AC191: 27 | AD191: 28 | AE191: 29 | AF191: 30 | AG191: 31 | AH191: Número total de días
B197: =Mayo!MonthName&" Total" -> Enero Total | C197: =SUBTOTAL(103,Mayo!$C$7) -> 0 | D197: =SUBTOTAL(103,Mayo!$D$7) -> 0 | E197: =SUBTOTAL(103,Mayo!$E$7) -> 0 | H197: =SUBTOTAL(103,Mayo!$H$7) -> 0 | I197: =SUBTOTAL(103,Mayo!$I$7) -> 0 | J197: =SUBTOTAL(103,Mayo!$J$7) -> 0 | K197: =SUBTOTAL(103,Mayo!$K$7) -> 0 | L197: =SUBTOTAL(103,Mayo!$L$7) -> 0 | N197: =SUBTOTAL(103,Mayo!$N$7) -> 0 | O197: =SUBTOTAL(103,Mayo!$O$7) -> 0 | P197: =SUBTOTAL(103,Mayo!$P$7) -> 0 | Q197: =SUBTOTAL(103,Mayo!$Q$7) -> 0 | R197: =SUBTOTAL(103,Mayo!$R$7) -> 0 | S197: =SUBTOTAL(103,Mayo!$S$7) -> 0 | T197: =SUBTOTAL(103,Mayo!$T$7) -> 0 | U197: =SUBTOTAL(103,Mayo!$U$7) -> 0 | W197: =SUBTOTAL(103,Mayo!$W$7) -> 0 | X197: =SUBTOTAL(103,Mayo!$X$7) -> 0 | Y197: =SUBTOTAL(103,Mayo!$Y$7) -> 0 | Z197: =SUBTOTAL(103,Mayo!$Z$7) -> 0 | AA197: =SUBTOTAL(103,Mayo!$AA$7) -> 0 | AB197: =SUBTOTAL(103,Mayo!$AB$7) -> 0 | AC197: =SUBTOTAL(103,Mayo!$AC$7) -> 0 | AD197: =SUBTOTAL(103,Mayo!$AD$7) -> 0 | AE197: =SUBTOTAL(103,Mayo!$AE$7) -> 0 | AF197: =SUBTOTAL(103,Mayo!$AF$7) -> 0 | AG197: =SUBTOTAL(103,Mayo!$AG$7) -> 0 | AH197: =SUM(C197:AG197) -> 0

Sheet Junio
B1: ASISTENCIA DE ALUMNOS
B2: Claves de los tipos de Asistencia | C2: F | D2: FALTAS | G2: J | H2: JUSTIFICADA | K2: A | L2: ASISTENCIA | O2: R | P2: RECUPERACION | T2: E | U2: EVENTOS
B4: Enero | C4: MEGA SUPER BABY WOLF 3:00 PM/9:00 AM | AH4: 2026
C5: =TEXT(WEEKDAY(DATE(Junio!CalendarioAño,1,1),1),"ddd") -> jue | D5: =TEXT(WEEKDAY(DATE(Junio!CalendarioAño,1,2),1),"ddd") -> vie | E5: =TEXT(WEEKDAY(DATE(Junio!CalendarioAño,1,3),1),"ddd") -> sáb | F5: =TEXT(WEEKDAY(DATE(Junio!CalendarioAño,1,4),1),"ddd") -> dom | G5: =TEXT(WEEKDAY(DATE(Junio!CalendarioAño,1,5),1),"ddd") -> lun | H5: =TEXT(WEEKDAY(DATE(Junio!CalendarioAño,1,6),1),"ddd") -> mar | I5: =TEXT(WEEKDAY(DATE(Junio!CalendarioAño,1,7),1),"ddd") -> mié | J5: =TEXT(WEEKDAY(DATE(Junio!CalendarioAño,1,8),1),"ddd") -> jue | K5: =TEXT(WEEKDAY(DATE(Junio!CalendarioAño,1,9),1),"ddd") -> vie | L5: =TEXT(WEEKDAY(DATE(Junio!CalendarioAño,1,10),1),"ddd") -> sáb | M5: =TEXT(WEEKDAY(DATE(Junio!CalendarioAño,1,11),1),"ddd") -> dom | N5: =TEXT(WEEKDAY(DATE(Junio!CalendarioAño,1,12),1),"ddd") -> lun | O5: =TEXT(WEEKDAY(DATE(Junio!CalendarioAño,1,13),1),"ddd") -> mar | P5: =TEXT(WEEKDAY(DATE(Junio!CalendarioAño,1,14),1),"ddd") -> mié | Q5: =TEXT(WEEKDAY(DATE(Junio!CalendarioAño,1,15),1),"ddd") -> jue | R5: =TEXT(WEEKDAY(DATE(Junio!CalendarioAño,1,16),1),"ddd") -> vie | S5: =TEXT(WEEKDAY(DATE(Junio!CalendarioAño,1,17),1),"ddd") -> sáb | T5: =TEXT(WEEKDAY(DATE(Junio!CalendarioAño,1,18),1),"ddd") -> dom | U5: =TEXT(WEEKDAY(DATE(Junio!CalendarioAño,1,19),1),"ddd") -> lun | V5: =TEXT(WEEKDAY(DATE(Junio!CalendarioAño,1,20),1),"ddd") -> mar | W5: =TEXT(WEEKDAY(DATE(Junio!CalendarioAño,1,21),1),"ddd") -> mié | X5: =TEXT(WEEKDAY(DATE(Junio!CalendarioAño,1,22),1),"ddd") -> jue | Y5: =TEXT(WEEKDAY(DATE(Junio!CalendarioAño,1,23),1),"ddd") -> vie | Z5: =TEXT(WEEKDAY(DATE(Junio!CalendarioAño,1,24),1),"ddd") -> sáb | AA5: =TEXT(WEEKDAY(DATE(Junio!CalendarioAño,1,25),1),"ddd") -> dom | AB5: =TEXT(WEEKDAY(DATE(Junio!CalendarioAño,1,26),1),"ddd") -> lun | AC5: =TEXT(WEEKDAY(DATE(Junio!CalendarioAño,1,27),1),"ddd") -> mar | AD5: =TEXT(WEEKDAY(DATE(Junio!CalendarioAño,1,28),1),"ddd") -> mié | AE5: =TEXT(WEEKDAY(DATE(Junio!CalendarioAño,1,29),1),"ddd") -> jue | AF5: =TEXT(WEEKDAY(DATE(Junio!CalendarioAño,1,30),1),"ddd") -> vie | AG5: =TEXT(WEEKDAY(DATE(Junio!CalendarioAño,1,31),1),"ddd") -> sáb
B6: NOMBRE Y APELLIDO | C6: 1 | D6: 2 | E6: 3 | F6: 4 | G6: 5 | H6: 6 | I6: 7 | J6: 8 | K6: 9 | L6: 10 | M6: 11 | N6: 12 | O6: 13 | P6: 14 | Q6: 15 | R6: 16 | S6: 17 | T6: 18 | U6: 19 | V6: 20 | W6: 21 | X6: 22 | Y6: 23 | Z6: 24 | AA6: 25 | AB6: 26 | AC6: 27 | AD6: 28 | AE6: 29 | AF6: 30 | AG6: 31 | AH6: Número total de días
B8: =Junio!MonthName&" Total" -> Enero Total | C8: =SUBTOTAL(103,Junio!$C$7) -> 0 | D8: =SUBTOTAL(103,Junio!$D$7) -> 0 | E8: =SUBTOTAL(103,Junio!$E$7) -> 0 | F8: =SUBTOTAL(103,Junio!$F$7) -> 0 | G8: =SUBTOTAL(103,Junio!$G$7) -> 0 | H8: =SUBTOTAL(103,Junio!$H$7) -> 0 | I8: =SUBTOTAL(103,Junio!$I$7) -> 0 | J8: =SUBTOTAL(103,Junio!$J$7) -> 0 | K8: =SUBTOTAL(103,Junio!$K$7) -> 0 | L8: =SUBTOTAL(103,Junio!$L$7) -> 0 | M8: =SUBTOTAL(103,Junio!$M$7) -> 0 | N8: =SUBTOTAL(103,Junio!$N$7) -> 0 | O8: =SUBTOTAL(103,Junio!$O$7) -> 0 | P8: =SUBTOTAL(103,Junio!$P$7) -> 0 | Q8: =SUBTOTAL(103,Junio!$Q$7) -> 0 | R8: =SUBTOTAL(103,Junio!$R$7) -> 0 | S8: =SUBTOTAL(103,Junio!$S$7) -> 0 | T8: =SUBTOTAL(103,Junio!$T$7) -> 0 | U8: =SUBTOTAL(103,Junio!$U$7) -> 0 | V8: =SUBTOTAL(103,Junio!$V$7) -> 0 | W8: =SUBTOTAL(103,Junio!$W$7) -> 0 | X8: =SUBTOTAL(103,Junio!$X$7) -> 0 | Y8: =SUBTOTAL(103,Junio!$Y$7) -> 0 | Z8: =SUBTOTAL(103,Junio!$Z$7) -> 0 | AA8: =SUBTOTAL(103,Junio!$AA$7) -> 0 | AB8: =SUBTOTAL(103,Junio!$AB$7) -> 0 | AC8: =SUBTOTAL(103,Junio!$AC$7) -> 0 | AD8: =SUBTOTAL(103,Junio!$AD$7) -> 0 | AE8: =SUBTOTAL(103,Junio!$AE$7) -> 0 | AF8: =SUBTOTAL(103,Junio!$AF$7) -> 0 | AG8: =SUBTOTAL(103,Junio!$AG$7) -> 0
B10: Enero | C10: SUPER BABY WOLF 3:30 PM/9:30 AM | AH10: 2026
C11: =TEXT(WEEKDAY(DATE(Junio!CalendarioAño,1,1),1),"ddd") -> jue | D11: =TEXT(WEEKDAY(DATE(Junio!CalendarioAño,1,2),1),"ddd") -> vie | E11: =TEXT(WEEKDAY(DATE(Junio!CalendarioAño,1,3),1),"ddd") -> sáb | F11: =TEXT(WEEKDAY(DATE(Junio!CalendarioAño,1,4),1),"ddd") -> dom | G11: =TEXT(WEEKDAY(DATE(Junio!CalendarioAño,1,5),1),"ddd") -> lun | H11: =TEXT(WEEKDAY(DATE(Junio!CalendarioAño,1,6),1),"ddd") -> mar | I11: =TEXT(WEEKDAY(DATE(Junio!CalendarioAño,1,7),1),"ddd") -> mié | J11: =TEXT(WEEKDAY(DATE(Junio!CalendarioAño,1,8),1),"ddd") -> jue | K11: =TEXT(WEEKDAY(DATE(Junio!CalendarioAño,1,9),1),"ddd") -> vie | L11: =TEXT(WEEKDAY(DATE(Junio!CalendarioAño,1,10),1),"ddd") -> sáb | M11: =TEXT(WEEKDAY(DATE(Junio!CalendarioAño,1,11),1),"ddd") -> dom | N11: =TEXT(WEEKDAY(DATE(Junio!CalendarioAño,1,12),1),"ddd") -> lun | O11: =TEXT(WEEKDAY(DATE(Junio!CalendarioAño,1,13),1),"ddd") -> mar | P11: =TEXT(WEEKDAY(DATE(Junio!CalendarioAño,1,14),1),"ddd") -> mié | Q11: =TEXT(WEEKDAY(DATE(Junio!CalendarioAño,1,15),1),"ddd") -> jue | R11: =TEXT(WEEKDAY(DATE(Junio!CalendarioAño,1,16),1),"ddd") -> vie | S11: =TEXT(WEEKDAY(DATE(Junio!CalendarioAño,1,17),1),"ddd") -> sáb | T11: =TEXT(WEEKDAY(DATE(Junio!CalendarioAño,1,18),1),"ddd") -> dom | U11: =TEXT(WEEKDAY(DATE(Junio!CalendarioAño,1,19),1),"ddd") -> lun | V11: =TEXT(WEEKDAY(DATE(Junio!CalendarioAño,1,20),1),"ddd") -> mar | W11: =TEXT(WEEKDAY(DATE(Junio!CalendarioAño,1,21),1),"ddd") -> mié | X11: =TEXT(WEEKDAY(DATE(Junio!CalendarioAño,1,22),1),"ddd") -> jue | Y11: =TEXT(WEEKDAY(DATE(Junio!CalendarioAño,1,23),1),"ddd") -> vie | Z11: =TEXT(WEEKDAY(DATE(Junio!CalendarioAño,1,24),1),"ddd") -> sáb | AA11: =TEXT(WEEKDAY(DATE(Junio!CalendarioAño,1,25),1),"ddd") -> dom | AB11: =TEXT(WEEKDAY(DATE(Junio!CalendarioAño,1,26),1),"ddd") -> lun | AC11: =TEXT(WEEKDAY(DATE(Junio!CalendarioAño,1,27),1),"ddd") -> mar | AD11: =TEXT(WEEKDAY(DATE(Junio!CalendarioAño,1,28),1),"ddd") -> mié | AE11: =TEXT(WEEKDAY(DATE(Junio!CalendarioAño,1,29),1),"ddd") -> jue | AF11: =TEXT(WEEKDAY(DATE(Junio!CalendarioAño,1,30),1),"ddd") -> vie | AG11: =TEXT(WEEKDAY(DATE(Junio!CalendarioAño,1,31),1),"ddd") -> sáb
B12: NOMBRE Y APELLIDO | C12: 1 | D12: 2 | E12: 3 | F12: 4 | G12: 5 | H12: 6 | I12: 7 | J12: 8 | K12: 9 | L12: 10 | M12: 11 | N12: 12 | O12: 13 | P12: 14 | Q12: 15 | R12: 16 | S12: 17 | T12: 18 | U12: 19 | V12: 20 | W12: 21 | X12: 22 | Y12: 23 | Z12: 24 | AA12: 25 | AB12: 26 | AC12: 27 | AD12: 28 | AE12: 29 | AF12: 30 | AG12: 31 | AH12: Número total de días
B34: =Junio!MonthName&" Total" -> Enero Total | C34: =SUBTOTAL(103,Junio!$C$7) -> 0 | D34: =SUBTOTAL(103,Junio!$D$7) -> 0 | E34: =SUBTOTAL(103,Junio!$E$7) -> 0 | G34: =SUBTOTAL(103,Junio!$G$7) -> 0 | H34: =SUBTOTAL(103,Junio!$H$7) -> 0
B37: Enero | C37: SUPER BABY WOLF 4:00 PM /10:00 AM | AH37: 2026
C38: =TEXT(WEEKDAY(DATE(Junio!CalendarioAño,1,1),1),"ddd") -> jue | D38: =TEXT(WEEKDAY(DATE(Junio!CalendarioAño,1,2),1),"ddd") -> vie | E38: =TEXT(WEEKDAY(DATE(Junio!CalendarioAño,1,3),1),"ddd") -> sáb | F38: =TEXT(WEEKDAY(DATE(Junio!CalendarioAño,1,4),1),"ddd") -> dom | G38: =TEXT(WEEKDAY(DATE(Junio!CalendarioAño,1,5),1),"ddd") -> lun | H38: =TEXT(WEEKDAY(DATE(Junio!CalendarioAño,1,6),1),"ddd") -> mar | I38: =TEXT(WEEKDAY(DATE(Junio!CalendarioAño,1,7),1),"ddd") -> mié | J38: =TEXT(WEEKDAY(DATE(Junio!CalendarioAño,1,8),1),"ddd") -> jue | K38: =TEXT(WEEKDAY(DATE(Junio!CalendarioAño,1,9),1),"ddd") -> vie | L38: =TEXT(WEEKDAY(DATE(Junio!CalendarioAño,1,10),1),"ddd") -> sáb | M38: =TEXT(WEEKDAY(DATE(Junio!CalendarioAño,1,11),1),"ddd") -> dom | N38: =TEXT(WEEKDAY(DATE(Junio!CalendarioAño,1,12),1),"ddd") -> lun | O38: =TEXT(WEEKDAY(DATE(Junio!CalendarioAño,1,13),1),"ddd") -> mar | P38: =TEXT(WEEKDAY(DATE(Junio!CalendarioAño,1,14),1),"ddd") -> mié | Q38: =TEXT(WEEKDAY(DATE(Junio!CalendarioAño,1,15),1),"ddd") -> jue | R38: =TEXT(WEEKDAY(DATE(Junio!CalendarioAño,1,16),1),"ddd") -> vie | S38: =TEXT(WEEKDAY(DATE(Junio!CalendarioAño,1,17),1),"ddd") -> sáb | T38: =TEXT(WEEKDAY(DATE(Junio!CalendarioAño,1,18),1),"ddd") -> dom | U38: =TEXT(WEEKDAY(DATE(Junio!CalendarioAño,1,19),1),"ddd") -> lun | V38: =TEXT(WEEKDAY(DATE(Junio!CalendarioAño,1,20),1),"ddd") -> mar | W38: =TEXT(WEEKDAY(DATE(Junio!CalendarioAño,1,21),1),"ddd") -> mié | X38: =TEXT(WEEKDAY(DATE(Junio!CalendarioAño,1,22),1),"ddd") -> jue | Y38: =TEXT(WEEKDAY(DATE(Junio!CalendarioAño,1,23),1),"ddd") -> vie | Z38: =TEXT(WEEKDAY(DATE(Junio!CalendarioAño,1,24),1),"ddd") -> sáb | AA38: =TEXT(WEEKDAY(DATE(Junio!CalendarioAño,1,25),1),"ddd") -> dom | AB38: =TEXT(WEEKDAY(DATE(Junio!CalendarioAño,1,26),1),"ddd") -> lun | AC38: =TEXT(WEEKDAY(DATE(Junio!CalendarioAño,1,27),1),"ddd") -> mar | AD38: =TEXT(WEEKDAY(DATE(Junio!CalendarioAño,1,28),1),"ddd") -> mié | AE38: =TEXT(WEEKDAY(DATE(Junio!CalendarioAño,1,29),1),"ddd") -> jue | AF38: =TEXT(WEEKDAY(DATE(Junio!CalendarioAño,1,30),1),"ddd") -> vie | AG38: =TEXT(WEEKDAY(DATE(Junio!CalendarioAño,1,31),1),"ddd") -> sáb
B39: NOMBRE Y APELLIDO | C39: 1 | D39: 2 | E39: 3 | F39: 4 | G39: 5 | H39: 6 | I39: 7 | J39: 8 | K39: 9 | L39: 10 | M39: 11 | N39: 12 | O39: 13 | P39: 14 | Q39: 15 | R39: 16 | S39: 17 | T39: 18 | U39: 19 | V39: 20 | W39: 21 | X39: 22 | Y39: 23 | Z39: 24 | AA39: 25 | AB39: 26 | AC39: 27 | AD39: 28 | AE39: 29 | AF39: 30 | AG39: 31 | AH39: Número total de días
B62: =Junio!MonthName&" Total" -> Enero Total | C62: =SUBTOTAL(103,Junio!$C$7) -> 0 | D62: =SUBTOTAL(103,Junio!$D$7) -> 0 | E62: =SUBTOTAL(103,Junio!$E$7) -> 0 | G62: =SUBTOTAL(103,Junio!$G$7) -> 0
B64: Enero | C64: BABY WOLF 4:30 PM/10:30 | AH64: 2026
C65: =TEXT(WEEKDAY(DATE(Junio!CalendarioAño,1,1),1),"ddd") -> jue | D65: =TEXT(WEEKDAY(DATE(Junio!CalendarioAño,1,2),1),"ddd") -> vie | E65: =TEXT(WEEKDAY(DATE(Junio!CalendarioAño,1,3),1),"ddd") -> sáb | F65: =TEXT(WEEKDAY(DATE(Junio!CalendarioAño,1,4),1),"ddd") -> dom | G65: =TEXT(WEEKDAY(DATE(Junio!CalendarioAño,1,5),1),"ddd") -> lun | H65: =TEXT(WEEKDAY(DATE(Junio!CalendarioAño,1,6),1),"ddd") -> mar | I65: =TEXT(WEEKDAY(DATE(Junio!CalendarioAño,1,7),1),"ddd") -> mié | J65: =TEXT(WEEKDAY(DATE(Junio!CalendarioAño,1,8),1),"ddd") -> jue | K65: =TEXT(WEEKDAY(DATE(Junio!CalendarioAño,1,9),1),"ddd") -> vie | L65: =TEXT(WEEKDAY(DATE(Junio!CalendarioAño,1,10),1),"ddd") -> sáb | M65: =TEXT(WEEKDAY(DATE(Junio!CalendarioAño,1,11),1),"ddd") -> dom | N65: =TEXT(WEEKDAY(DATE(Junio!CalendarioAño,1,12),1),"ddd") -> lun | O65: =TEXT(WEEKDAY(DATE(Junio!CalendarioAño,1,13),1),"ddd") -> mar | P65: =TEXT(WEEKDAY(DATE(Junio!CalendarioAño,1,14),1),"ddd") -> mié | Q65: =TEXT(WEEKDAY(DATE(Junio!CalendarioAño,1,15),1),"ddd") -> jue | R65: =TEXT(WEEKDAY(DATE(Junio!CalendarioAño,1,16),1),"ddd") -> vie | S65: =TEXT(WEEKDAY(DATE(Junio!CalendarioAño,1,17),1),"ddd") -> sáb | T65: =TEXT(WEEKDAY(DATE(Junio!CalendarioAño,1,18),1),"ddd") -> dom | U65: =TEXT(WEEKDAY(DATE(Junio!CalendarioAño,1,19),1),"ddd") -> lun | V65: =TEXT(WEEKDAY(DATE(Junio!CalendarioAño,1,20),1),"ddd") -> mar | W65: =TEXT(WEEKDAY(DATE(Junio!CalendarioAño,1,21),1),"ddd") -> mié | X65: =TEXT(WEEKDAY(DATE(Junio!CalendarioAño,1,22),1),"ddd") -> jue | Y65: =TEXT(WEEKDAY(DATE(Junio!CalendarioAño,1,23),1),"ddd") -> vie | Z65: =TEXT(WEEKDAY(DATE(Junio!CalendarioAño,1,24),1),"ddd") -> sáb | AA65: =TEXT(WEEKDAY(DATE(Junio!CalendarioAño,1,25),1),"ddd") -> dom | AB65: =TEXT(WEEKDAY(DATE(Junio!CalendarioAño,1,26),1),"ddd") -> lun | AC65: =TEXT(WEEKDAY(DATE(Junio!CalendarioAño,1,27),1),"ddd") -> mar | AD65: =TEXT(WEEKDAY(DATE(Junio!CalendarioAño,1,28),1),"ddd") -> mié | AE65: =TEXT(WEEKDAY(DATE(Junio!CalendarioAño,1,29),1),"ddd") -> jue | AF65: =TEXT(WEEKDAY(DATE(Junio!CalendarioAño,1,30),1),"ddd") -> vie | AG65: =TEXT(WEEKDAY(DATE(Junio!CalendarioAño,1,31),1),"ddd") -> sáb
B66: NOMBRE Y APELLIDO | C66: 1 | D66: 2 | E66: 3 | F66: 4 | G66: 5 | H66: 6 | I66: 7 | J66: 8 | K66: 9 | L66: 10 | M66: 11 | N66: 12 | O66: 13 | P66: 14 | Q66: 15 | R66: 16 | S66: 17 | T66: 18 | U66: 19 | V66: 20 | W66: 21 | X66: 22 | Y66: 23 | Z66: 24 | AA66: 25 | AB66: 26 | AC66: 27 | AD66: 28 | AE66: 29 | AF66: 30 | AG66: 31 | AH66: Número total de días
B95: =Junio!MonthName&" Total" -> Enero Total | C95: =SUBTOTAL(103,Junio!$C$7) -> 0 | D95: =SUBTOTAL(103,Junio!$D$7) -> 0 | E95: =SUBTOTAL(103,Junio!$E$7) -> 0 | G95: =SUBTOTAL(103,Junio!$G$7) -> 0
B97: Enero | C97: BABY WOLF 5:00 PM/11:00 AM | AH97: 2026
C98: =TEXT(WEEKDAY(DATE(Junio!CalendarioAño,1,1),1),"ddd") -> jue | D98: =TEXT(WEEKDAY(DATE(Junio!CalendarioAño,1,2),1),"ddd") -> vie | E98: =TEXT(WEEKDAY(DATE(Junio!CalendarioAño,1,3),1),"ddd") -> sáb | F98: =TEXT(WEEKDAY(DATE(Junio!CalendarioAño,1,4),1),"ddd") -> dom | G98: =TEXT(WEEKDAY(DATE(Junio!CalendarioAño,1,5),1),"ddd") -> lun | H98: =TEXT(WEEKDAY(DATE(Junio!CalendarioAño,1,6),1),"ddd") -> mar | I98: =TEXT(WEEKDAY(DATE(Junio!CalendarioAño,1,7),1),"ddd") -> mié | J98: =TEXT(WEEKDAY(DATE(Junio!CalendarioAño,1,8),1),"ddd") -> jue | K98: =TEXT(WEEKDAY(DATE(Junio!CalendarioAño,1,9),1),"ddd") -> vie | L98: =TEXT(WEEKDAY(DATE(Junio!CalendarioAño,1,10),1),"ddd") -> sáb | M98: =TEXT(WEEKDAY(DATE(Junio!CalendarioAño,1,11),1),"ddd") -> dom | N98: =TEXT(WEEKDAY(DATE(Junio!CalendarioAño,1,12),1),"ddd") -> lun | O98: =TEXT(WEEKDAY(DATE(Junio!CalendarioAño,1,13),1),"ddd") -> mar | P98: =TEXT(WEEKDAY(DATE(Junio!CalendarioAño,1,14),1),"ddd") -> mié | Q98: =TEXT(WEEKDAY(DATE(Junio!CalendarioAño,1,15),1),"ddd") -> jue | R98: =TEXT(WEEKDAY(DATE(Junio!CalendarioAño,1,16),1),"ddd") -> vie | S98: =TEXT(WEEKDAY(DATE(Junio!CalendarioAño,1,17),1),"ddd") -> sáb | T98: =TEXT(WEEKDAY(DATE(Junio!CalendarioAño,1,18),1),"ddd") -> dom | U98: =TEXT(WEEKDAY(DATE(Junio!CalendarioAño,1,19),1),"ddd") -> lun | V98: =TEXT(WEEKDAY(DATE(Junio!CalendarioAño,1,20),1),"ddd") -> mar | W98: =TEXT(WEEKDAY(DATE(Junio!CalendarioAño,1,21),1),"ddd") -> mié | X98: =TEXT(WEEKDAY(DATE(Junio!CalendarioAño,1,22),1),"ddd") -> jue | Y98: =TEXT(WEEKDAY(DATE(Junio!CalendarioAño,1,23),1),"ddd") -> vie | Z98: =TEXT(WEEKDAY(DATE(Junio!CalendarioAño,1,24),1),"ddd") -> sáb | AA98: =TEXT(WEEKDAY(DATE(Junio!CalendarioAño,1,25),1),"ddd") -> dom | AB98: =TEXT(WEEKDAY(DATE(Junio!CalendarioAño,1,26),1),"ddd") -> lun | AC98: =TEXT(WEEKDAY(DATE(Junio!CalendarioAño,1,27),1),"ddd") -> mar | AD98: =TEXT(WEEKDAY(DATE(Junio!CalendarioAño,1,28),1),"ddd") -> mié | AE98: =TEXT(WEEKDAY(DATE(Junio!CalendarioAño,1,29),1),"ddd") -> jue | AF98: =TEXT(WEEKDAY(DATE(Junio!CalendarioAño,1,30),1),"ddd") -> vie | AG98: =TEXT(WEEKDAY(DATE(Junio!CalendarioAño,1,31),1),"ddd") -> sáb
B99: NOMBRE Y APELLIDO | C99: 1 | D99: 2 | E99: 3 | F99: 4 | G99: 5 | H99: 6 | I99: 7 | J99: 8 | K99: 9 | L99: 10 | M99: 11 | N99: 12 | O99: 13 | P99: 14 | Q99: 15 | R99: 16 | S99: 17 | T99: 18 | U99: 19 | V99: 20 | W99: 21 | X99: 22 | Y99: 23 | Z99: 24 | AA99: 25 | AB99: 26 | AC99: 27 | AD99: 28 | AE99: 29 | AF99: 30 | AG99: 31 | AH99: Número total de días
B121: =Junio!MonthName&" Total" -> Enero Total | C121: =SUBTOTAL(103,Junio!$C$7) -> 0 | D121: =SUBTOTAL(103,Junio!$D$7) -> 0 | E121: =SUBTOTAL(103,Junio!$E$7) -> 0 | H121: =SUBTOTAL(103,Junio!$H$7) -> 0
B123: Enero | C123: LITTLE WOLF 5:30 PM/11:30 AM | AH123: 2026
C124: =TEXT(WEEKDAY(DATE(Junio!CalendarioAño,1,1),1),"ddd") -> jue | D124: =TEXT(WEEKDAY(DATE(Junio!CalendarioAño,1,2),1),"ddd") -> vie | E124: =TEXT(WEEKDAY(DATE(Junio!CalendarioAño,1,3),1),"ddd") -> sáb | F124: =TEXT(WEEKDAY(DATE(Junio!CalendarioAño,1,4),1),"ddd") -> dom | G124: =TEXT(WEEKDAY(DATE(Junio!CalendarioAño,1,5),1),"ddd") -> lun | H124: =TEXT(WEEKDAY(DATE(Junio!CalendarioAño,1,6),1),"ddd") -> mar | I124: =TEXT(WEEKDAY(DATE(Junio!CalendarioAño,1,7),1),"ddd") -> mié | J124: =TEXT(WEEKDAY(DATE(Junio!CalendarioAño,1,8),1),"ddd") -> jue | K124: =TEXT(WEEKDAY(DATE(Junio!CalendarioAño,1,9),1),"ddd") -> vie | L124: =TEXT(WEEKDAY(DATE(Junio!CalendarioAño,1,10),1),"ddd") -> sáb | M124: =TEXT(WEEKDAY(DATE(Junio!CalendarioAño,1,11),1),"ddd") -> dom | N124: =TEXT(WEEKDAY(DATE(Junio!CalendarioAño,1,12),1),"ddd") -> lun | O124: =TEXT(WEEKDAY(DATE(Junio!CalendarioAño,1,13),1),"ddd") -> mar | P124: =TEXT(WEEKDAY(DATE(Junio!CalendarioAño,1,14),1),"ddd") -> mié | Q124: =TEXT(WEEKDAY(DATE(Junio!CalendarioAño,1,15),1),"ddd") -> jue | R124: =TEXT(WEEKDAY(DATE(Junio!CalendarioAño,1,16),1),"ddd") -> vie | S124: =TEXT(WEEKDAY(DATE(Junio!CalendarioAño,1,17),1),"ddd") -> sáb | T124: =TEXT(WEEKDAY(DATE(Junio!CalendarioAño,1,18),1),"ddd") -> dom | U124: =TEXT(WEEKDAY(DATE(Junio!CalendarioAño,1,19),1),"ddd") -> lun | V124: =TEXT(WEEKDAY(DATE(Junio!CalendarioAño,1,20),1),"ddd") -> mar | W124: =TEXT(WEEKDAY(DATE(Junio!CalendarioAño,1,21),1),"ddd") -> mié | X124: =TEXT(WEEKDAY(DATE(Junio!CalendarioAño,1,22),1),"ddd") -> jue | Y124: =TEXT(WEEKDAY(DATE(Junio!CalendarioAño,1,23),1),"ddd") -> vie | Z124: =TEXT(WEEKDAY(DATE(Junio!CalendarioAño,1,24),1),"ddd") -> sáb | AA124: =TEXT(WEEKDAY(DATE(Junio!CalendarioAño,1,25),1),"ddd") -> dom | AB124: =TEXT(WEEKDAY(DATE(Junio!CalendarioAño,1,26),1),"ddd") -> lun | AC124: =TEXT(WEEKDAY(DATE(Junio!CalendarioAño,1,27),1),"ddd") -> mar | AD124: =TEXT(WEEKDAY(DATE(Junio!CalendarioAño,1,28),1),"ddd") -> mié | AE124: =TEXT(WEEKDAY(DATE(Junio!CalendarioAño,1,29),1),"ddd") -> jue | AF124: =TEXT(WEEKDAY(DATE(Junio!CalendarioAño,1,30),1),"ddd") -> vie | AG124: =TEXT(WEEKDAY(DATE(Junio!CalendarioAño,1,31),1),"ddd") -> sáb
B125: NOMBRE Y APELLIDO | C125: 1 | D125: 2 | E125: 3 | F125: 4 | G125: 5 | H125: 6 | I125: 7 | J125: 8 | K125: 9 | L125: 10 | M125: 11 | N125: 12 | O125: 13 | P125: 14 | Q125: 15 | R125: 16 | S125: 17 | T125: 18 | U125: 19 | V125: 20 | W125: 21 | X125: 22 | Y125: 23 | Z125: 24 | AA125: 25 | AB125: 26 | AC125: 27 | AD125: 28 | AE125: 29 | AF125: 30 | AG125: 31 | AH125: Número total de días
B147: =Junio!MonthName&" Total" -> Enero Total | C147: =SUBTOTAL(103,Junio!$C$7) -> 0 | D147: =SUBTOTAL(103,Junio!$D$7) -> 0 | E147: =SUBTOTAL(103,Junio!$E$7) -> 0 | H147: =SUBTOTAL(103,Junio!$H$7) -> 0 | AE147: =SUBTOTAL(103,Junio!$AE$7) -> 0 | AF147: =SUBTOTAL(103,Junio!$AF$7) -> 0 | AG147: =SUBTOTAL(103,Junio!$AG$7) -> 0 | AH147: =SUM(C147:AG147) -> 0
B149: Enero | C149: LITTLE WOLF 6:00 PM/12:00 PM | AH149: 2026
C150: =TEXT(WEEKDAY(DATE(Junio!CalendarioAño,1,1),1),"ddd") -> jue | D150: =TEXT(WEEKDAY(DATE(Junio!CalendarioAño,1,2),1),"ddd") -> vie | E150: =TEXT(WEEKDAY(DATE(Junio!CalendarioAño,1,3),1),"ddd") -> sáb | F150: =TEXT(WEEKDAY(DATE(Junio!CalendarioAño,1,4),1),"ddd") -> dom | G150: =TEXT(WEEKDAY(DATE(Junio!CalendarioAño,1,5),1),"ddd") -> lun | H150: =TEXT(WEEKDAY(DATE(Junio!CalendarioAño,1,6),1),"ddd") -> mar | I150: =TEXT(WEEKDAY(DATE(Junio!CalendarioAño,1,7),1),"ddd") -> mié | J150: =TEXT(WEEKDAY(DATE(Junio!CalendarioAño,1,8),1),"ddd") -> jue | K150: =TEXT(WEEKDAY(DATE(Junio!CalendarioAño,1,9),1),"ddd") -> vie | L150: =TEXT(WEEKDAY(DATE(Junio!CalendarioAño,1,10),1),"ddd") -> sáb | M150: =TEXT(WEEKDAY(DATE(Junio!CalendarioAño,1,11),1),"ddd") -> dom | N150: =TEXT(WEEKDAY(DATE(Junio!CalendarioAño,1,12),1),"ddd") -> lun | O150: =TEXT(WEEKDAY(DATE(Junio!CalendarioAño,1,13),1),"ddd") -> mar | P150: =TEXT(WEEKDAY(DATE(Junio!CalendarioAño,1,14),1),"ddd") -> mié | Q150: =TEXT(WEEKDAY(DATE(Junio!CalendarioAño,1,15),1),"ddd") -> jue | R150: =TEXT(WEEKDAY(DATE(Junio!CalendarioAño,1,16),1),"ddd") -> vie | S150: =TEXT(WEEKDAY(DATE(Junio!CalendarioAño,1,17),1),"ddd") -> sáb | T150: =TEXT(WEEKDAY(DATE(Junio!CalendarioAño,1,18),1),"ddd") -> dom | U150: =TEXT(WEEKDAY(DATE(Junio!CalendarioAño,1,19),1),"ddd") -> lun | V150: =TEXT(WEEKDAY(DATE(Junio!CalendarioAño,1,20),1),"ddd") -> mar | W150: =TEXT(WEEKDAY(DATE(Junio!CalendarioAño,1,21),1),"ddd") -> mié | X150: =TEXT(WEEKDAY(DATE(Junio!CalendarioAño,1,22),1),"ddd") -> jue | Y150: =TEXT(WEEKDAY(DATE(Junio!CalendarioAño,1,23),1),"ddd") -> vie | Z150: =TEXT(WEEKDAY(DATE(Junio!CalendarioAño,1,24),1),"ddd") -> sáb | AA150: =TEXT(WEEKDAY(DATE(Junio!CalendarioAño,1,25),1),"ddd") -> dom | AB150: =TEXT(WEEKDAY(DATE(Junio!CalendarioAño,1,26),1),"ddd") -> lun | AC150: =TEXT(WEEKDAY(DATE(Junio!CalendarioAño,1,27),1),"ddd") -> mar | AD150: =TEXT(WEEKDAY(DATE(Junio!CalendarioAño,1,28),1),"ddd") -> mié | AE150: =TEXT(WEEKDAY(DATE(Junio!CalendarioAño,1,29),1),"ddd") -> jue | AF150: =TEXT(WEEKDAY(DATE(Junio!CalendarioAño,1,30),1),"ddd") -> vie | AG150: =TEXT(WEEKDAY(DATE(Junio!CalendarioAño,1,31),1),"ddd") -> sáb
B151: NOMBRE Y APELLIDO | C151: 1 | D151: 2 | E151: 3 | F151: 4 | G151: 5 | H151: 6 | I151: 7 | J151: 8 | K151: 9 | L151: 10 | M151: 11 | N151: 12 | O151: 13 | P151: 14 | Q151: 15 | R151: 16 | S151: 17 | T151: 18 | U151: 19 | V151: 20 | W151: 21 | X151: 22 | Y151: 23 | Z151: 24 | AA151: 25 | AB151: 26 | AC151: 27 | AD151: 28 | AE151: 29 | AF151: 30 | AG151: 31 | AH151: Número total de días
B164: =Junio!MonthName&" Total" -> Enero Total | C164: =SUBTOTAL(103,Junio!$C$7) -> 0 | D164: =SUBTOTAL(103,Junio!$D$7) -> 0 | E164: =SUBTOTAL(103,Junio!$E$7) -> 0 | H164: =SUBTOTAL(103,Junio!$H$7) -> 0 | Y164: =SUBTOTAL(103,Junio!$Y$7) -> 0 | Z164: =SUBTOTAL(103,Junio!$Z$7) -> 0 | AA164: =SUBTOTAL(103,Junio!$AA$7) -> 0 | AB164: =SUBTOTAL(103,Junio!$AB$7) -> 0 | AC164: =SUBTOTAL(103,Junio!$AC$7) -> 0 | AD164: =SUBTOTAL(103,Junio!$AD$7) -> 0 | AE164: =SUBTOTAL(103,Junio!$AE$7) -> 0 | AF164: =SUBTOTAL(103,Junio!$AF$7) -> 0 | AG164: =SUBTOTAL(103,Junio!$AG$7) -> 0 | AH164: =SUM(C164:AG164) -> 0
B166: Enero | C166: JUNIOR WOLF 6:30 PM/12:30 PM | AH166: 2026
C167: =TEXT(WEEKDAY(DATE(Junio!CalendarioAño,1,1),1),"ddd") -> jue | D167: =TEXT(WEEKDAY(DATE(Junio!CalendarioAño,1,2),1),"ddd") -> vie | E167: =TEXT(WEEKDAY(DATE(Junio!CalendarioAño,1,3),1),"ddd") -> sáb | F167: =TEXT(WEEKDAY(DATE(Junio!CalendarioAño,1,4),1),"ddd") -> dom | G167: =TEXT(WEEKDAY(DATE(Junio!CalendarioAño,1,5),1),"ddd") -> lun | H167: =TEXT(WEEKDAY(DATE(Junio!CalendarioAño,1,6),1),"ddd") -> mar | I167: =TEXT(WEEKDAY(DATE(Junio!CalendarioAño,1,7),1),"ddd") -> mié | J167: =TEXT(WEEKDAY(DATE(Junio!CalendarioAño,1,8),1),"ddd") -> jue | K167: =TEXT(WEEKDAY(DATE(Junio!CalendarioAño,1,9),1),"ddd") -> vie | L167: =TEXT(WEEKDAY(DATE(Junio!CalendarioAño,1,10),1),"ddd") -> sáb | M167: =TEXT(WEEKDAY(DATE(Junio!CalendarioAño,1,11),1),"ddd") -> dom | N167: =TEXT(WEEKDAY(DATE(Junio!CalendarioAño,1,12),1),"ddd") -> lun | O167: =TEXT(WEEKDAY(DATE(Junio!CalendarioAño,1,13),1),"ddd") -> mar | P167: =TEXT(WEEKDAY(DATE(Junio!CalendarioAño,1,14),1),"ddd") -> mié | Q167: =TEXT(WEEKDAY(DATE(Junio!CalendarioAño,1,15),1),"ddd") -> jue | R167: =TEXT(WEEKDAY(DATE(Junio!CalendarioAño,1,16),1),"ddd") -> vie | S167: =TEXT(WEEKDAY(DATE(Junio!CalendarioAño,1,17),1),"ddd") -> sáb | T167: =TEXT(WEEKDAY(DATE(Junio!CalendarioAño,1,18),1),"ddd") -> dom | U167: =TEXT(WEEKDAY(DATE(Junio!CalendarioAño,1,19),1),"ddd") -> lun | V167: =TEXT(WEEKDAY(DATE(Junio!CalendarioAño,1,20),1),"ddd") -> mar | W167: =TEXT(WEEKDAY(DATE(Junio!CalendarioAño,1,21),1),"ddd") -> mié | X167: =TEXT(WEEKDAY(DATE(Junio!CalendarioAño,1,22),1),"ddd") -> jue | Y167: =TEXT(WEEKDAY(DATE(Junio!CalendarioAño,1,23),1),"ddd") -> vie | Z167: =TEXT(WEEKDAY(DATE(Junio!CalendarioAño,1,24),1),"ddd") -> sáb | AA167: =TEXT(WEEKDAY(DATE(Junio!CalendarioAño,1,25),1),"ddd") -> dom | AB167: =TEXT(WEEKDAY(DATE(Junio!CalendarioAño,1,26),1),"ddd") -> lun | AC167: =TEXT(WEEKDAY(DATE(Junio!CalendarioAño,1,27),1),"ddd") -> mar | AD167: =TEXT(WEEKDAY(DATE(Junio!CalendarioAño,1,28),1),"ddd") -> mié | AE167: =TEXT(WEEKDAY(DATE(Junio!CalendarioAño,1,29),1),"ddd") -> jue | AF167: =TEXT(WEEKDAY(DATE(Junio!CalendarioAño,1,30),1),"ddd") -> vie | AG167: =TEXT(WEEKDAY(DATE(Junio!CalendarioAño,1,31),1),"ddd") -> sáb
B168: NOMBRE Y APELLIDO | C168: 1 | D168: 2 | E168: 3 | F168: 4 | G168: 5 | H168: 6 | I168: 7 | J168: 8 | K168: 9 | L168: 10 | M168: 11 | N168: 12 | O168: 13 | P168: 14 | Q168: 15 | R168: 16 | S168: 17 | T168: 18 | U168: 19 | V168: 20 | W168: 21 | X168: 22 | Y168: 23 | Z168: 24 | AA168: 25 | AB168: 26 | AC168: 27 | AD168: 28 | AE168: 29 | AF168: 30 | AG168: 31 | AH168: Número total de días
B177: =Junio!MonthName&" Total" -> Enero Total
B179: Enero | C179: ADOLECENTES WOLF 6:30 a 7:30 PM/1:30 PM | AH179: 2026
C180: =TEXT(WEEKDAY(DATE(Junio!CalendarioAño,1,1),1),"ddd") -> jue | D180: =TEXT(WEEKDAY(DATE(Junio!CalendarioAño,1,2),1),"ddd") -> vie | E180: =TEXT(WEEKDAY(DATE(Junio!CalendarioAño,1,3),1),"ddd") -> sáb | F180: =TEXT(WEEKDAY(DATE(Junio!CalendarioAño,1,4),1),"ddd") -> dom | G180: =TEXT(WEEKDAY(DATE(Junio!CalendarioAño,1,5),1),"ddd") -> lun | H180: =TEXT(WEEKDAY(DATE(Junio!CalendarioAño,1,6),1),"ddd") -> mar | I180: =TEXT(WEEKDAY(DATE(Junio!CalendarioAño,1,7),1),"ddd") -> mié | J180: =TEXT(WEEKDAY(DATE(Junio!CalendarioAño,1,8),1),"ddd") -> jue | K180: =TEXT(WEEKDAY(DATE(Junio!CalendarioAño,1,9),1),"ddd") -> vie | L180: =TEXT(WEEKDAY(DATE(Junio!CalendarioAño,1,10),1),"ddd") -> sáb | M180: =TEXT(WEEKDAY(DATE(Junio!CalendarioAño,1,11),1),"ddd") -> dom | N180: =TEXT(WEEKDAY(DATE(Junio!CalendarioAño,1,12),1),"ddd") -> lun | O180: =TEXT(WEEKDAY(DATE(Junio!CalendarioAño,1,13),1),"ddd") -> mar | P180: =TEXT(WEEKDAY(DATE(Junio!CalendarioAño,1,14),1),"ddd") -> mié | Q180: =TEXT(WEEKDAY(DATE(Junio!CalendarioAño,1,15),1),"ddd") -> jue | R180: =TEXT(WEEKDAY(DATE(Junio!CalendarioAño,1,16),1),"ddd") -> vie | S180: =TEXT(WEEKDAY(DATE(Junio!CalendarioAño,1,17),1),"ddd") -> sáb | T180: =TEXT(WEEKDAY(DATE(Junio!CalendarioAño,1,18),1),"ddd") -> dom | U180: =TEXT(WEEKDAY(DATE(Junio!CalendarioAño,1,19),1),"ddd") -> lun | V180: =TEXT(WEEKDAY(DATE(Junio!CalendarioAño,1,20),1),"ddd") -> mar | W180: =TEXT(WEEKDAY(DATE(Junio!CalendarioAño,1,21),1),"ddd") -> mié | X180: =TEXT(WEEKDAY(DATE(Junio!CalendarioAño,1,22),1),"ddd") -> jue | Y180: =TEXT(WEEKDAY(DATE(Junio!CalendarioAño,1,23),1),"ddd") -> vie | Z180: =TEXT(WEEKDAY(DATE(Junio!CalendarioAño,1,24),1),"ddd") -> sáb | AA180: =TEXT(WEEKDAY(DATE(Junio!CalendarioAño,1,25),1),"ddd") -> dom | AB180: =TEXT(WEEKDAY(DATE(Junio!CalendarioAño,1,26),1),"ddd") -> lun | AC180: =TEXT(WEEKDAY(DATE(Junio!CalendarioAño,1,27),1),"ddd") -> mar | AD180: =TEXT(WEEKDAY(DATE(Junio!CalendarioAño,1,28),1),"ddd") -> mié | AE180: =TEXT(WEEKDAY(DATE(Junio!CalendarioAño,1,29),1),"ddd") -> jue | AF180: =TEXT(WEEKDAY(DATE(Junio!CalendarioAño,1,30),1),"ddd") -> vie | AG180: =TEXT(WEEKDAY(DATE(Junio!CalendarioAño,1,31),1),"ddd") -> sáb
B181: NOMBRE Y APELLIDO | C181: 1 | D181: 2 | E181: 3 | F181: 4 | G181: 5 | H181: 6 | I181: 7 | J181: 8 | K181: 9 | L181: 10 | M181: 11 | N181: 12 | O181: 13 | P181: 14 | Q181: 15 | R181: 16 | S181: 17 | T181: 18 | U181: 19 | V181: 20 | W181: 21 | X181: 22 | Y181: 23 | Z181: 24 | AA181: 25 | AB181: 26 | AC181: 27 | AD181: 28 | AE181: 29 | AF181: 30 | AG181: 31 | AH181: Número total de días
C187: =SUBTOTAL(103,Junio!$C$7) -> 0 | D187: =SUBTOTAL(103,Junio!$D$7) -> 0 | E187: =SUBTOTAL(103,Junio!$E$7) -> 0 | H187: =SUBTOTAL(103,Junio!$H$7) -> 0 | I187: =SUBTOTAL(103,Junio!$I$7) -> 0 | J187: =SUBTOTAL(103,Junio!$J$7) -> 0 | K187: =SUBTOTAL(103,Junio!$K$7) -> 0 | L187: =SUBTOTAL(103,Junio!$L$7) -> 0 | N187: =SUBTOTAL(103,Junio!$N$7) -> 0 | O187: =SUBTOTAL(103,Junio!$O$7) -> 0 | P187: =SUBTOTAL(103,Junio!$P$7) -> 0 | Q187: =SUBTOTAL(103,Junio!$Q$7) -> 0 | R187: =SUBTOTAL(103,Junio!$R$7) -> 0 | S187: =SUBTOTAL(103,Junio!$S$7) -> 0 | T187: =SUBTOTAL(103,Junio!$T$7) -> 0 | U187: =SUBTOTAL(103,Junio!$U$7) -> 0 | W187: =SUBTOTAL(103,Junio!$W$7) -> 0 | X187: =SUBTOTAL(103,Junio!$X$7) -> 0 | Y187: =SUBTOTAL(103,Junio!$Y$7) -> 0 | Z187: =SUBTOTAL(103,Junio!$Z$7) -> 0 | AA187: =SUBTOTAL(103,Junio!$AA$7) -> 0 | AB187: =SUBTOTAL(103,Junio!$AB$7) -> 0 | AC187: =SUBTOTAL(103,Junio!$AC$7) -> 0 | AD187: =SUBTOTAL(103,Junio!$AD$7) -> 0 | AE187: =SUBTOTAL(103,Junio!$AE$7) -> 0 | AF187: =SUBTOTAL(103,Junio!$AF$7) -> 0 | AG187: =SUBTOTAL(103,Junio!$AG$7) -> 0
B189: Enero | C189: WOLF 7:30-8:30 PM /2:30 PM | AH189: 2026
C190: =TEXT(WEEKDAY(DATE(Junio!CalendarioAño,1,1),1),"ddd") -> jue | D190: =TEXT(WEEKDAY(DATE(Junio!CalendarioAño,1,2),1),"ddd") -> vie | E190: =TEXT(WEEKDAY(DATE(Junio!CalendarioAño,1,3),1),"ddd") -> sáb | F190: =TEXT(WEEKDAY(DATE(Junio!CalendarioAño,1,4),1),"ddd") -> dom | G190: =TEXT(WEEKDAY(DATE(Junio!CalendarioAño,1,5),1),"ddd") -> lun | H190: =TEXT(WEEKDAY(DATE(Junio!CalendarioAño,1,6),1),"ddd") -> mar | I190: =TEXT(WEEKDAY(DATE(Junio!CalendarioAño,1,7),1),"ddd") -> mié | J190: =TEXT(WEEKDAY(DATE(Junio!CalendarioAño,1,8),1),"ddd") -> jue | K190: =TEXT(WEEKDAY(DATE(Junio!CalendarioAño,1,9),1),"ddd") -> vie | L190: =TEXT(WEEKDAY(DATE(Junio!CalendarioAño,1,10),1),"ddd") -> sáb | M190: =TEXT(WEEKDAY(DATE(Junio!CalendarioAño,1,11),1),"ddd") -> dom | N190: =TEXT(WEEKDAY(DATE(Junio!CalendarioAño,1,12),1),"ddd") -> lun | O190: =TEXT(WEEKDAY(DATE(Junio!CalendarioAño,1,13),1),"ddd") -> mar | P190: =TEXT(WEEKDAY(DATE(Junio!CalendarioAño,1,14),1),"ddd") -> mié | Q190: =TEXT(WEEKDAY(DATE(Junio!CalendarioAño,1,15),1),"ddd") -> jue | R190: =TEXT(WEEKDAY(DATE(Junio!CalendarioAño,1,16),1),"ddd") -> vie | S190: =TEXT(WEEKDAY(DATE(Junio!CalendarioAño,1,17),1),"ddd") -> sáb | T190: =TEXT(WEEKDAY(DATE(Junio!CalendarioAño,1,18),1),"ddd") -> dom | U190: =TEXT(WEEKDAY(DATE(Junio!CalendarioAño,1,19),1),"ddd") -> lun | V190: =TEXT(WEEKDAY(DATE(Junio!CalendarioAño,1,20),1),"ddd") -> mar | W190: =TEXT(WEEKDAY(DATE(Junio!CalendarioAño,1,21),1),"ddd") -> mié | X190: =TEXT(WEEKDAY(DATE(Junio!CalendarioAño,1,22),1),"ddd") -> jue | Y190: =TEXT(WEEKDAY(DATE(Junio!CalendarioAño,1,23),1),"ddd") -> vie | Z190: =TEXT(WEEKDAY(DATE(Junio!CalendarioAño,1,24),1),"ddd") -> sáb | AA190: =TEXT(WEEKDAY(DATE(Junio!CalendarioAño,1,25),1),"ddd") -> dom | AB190: =TEXT(WEEKDAY(DATE(Junio!CalendarioAño,1,26),1),"ddd") -> lun | AC190: =TEXT(WEEKDAY(DATE(Junio!CalendarioAño,1,27),1),"ddd") -> mar | AD190: =TEXT(WEEKDAY(DATE(Junio!CalendarioAño,1,28),1),"ddd") -> mié | AE190: =TEXT(WEEKDAY(DATE(Junio!CalendarioAño,1,29),1),"ddd") -> jue | AF190: =TEXT(WEEKDAY(DATE(Junio!CalendarioAño,1,30),1),"ddd") -> vie | AG190: =TEXT(WEEKDAY(DATE(Junio!CalendarioAño,1,31),1),"ddd") -> sáb
B191: NOMBRE Y APELLIDO | C191: 1 | D191: 2 | E191: 3 | F191: 4 | G191: 5 | H191: 6 | I191: 7 | J191: 8 | K191: 9 | L191: 10 | M191: 11 | N191: 12 | O191: 13 | P191: 14 | Q191: 15 | R191: 16 | S191: 17 | T191: 18 | U191: 19 | V191: 20 | W191: 21 | X191: 22 | Y191: 23 | Z191: 24 | AA191: 25 | AB191: 26 | AC191: 27 | AD191: 28 | AE191: 29 | AF191: 30 | AG191: 31 | AH191: Número total de días
B197: =Junio!MonthName&" Total" -> Enero Total | C197: =SUBTOTAL(103,Junio!$C$7) -> 0 | D197: =SUBTOTAL(103,Junio!$D$7) -> 0 | E197: =SUBTOTAL(103,Junio!$E$7) -> 0 | H197: =SUBTOTAL(103,Junio!$H$7) -> 0 | I197: =SUBTOTAL(103,Junio!$I$7) -> 0 | J197: =SUBTOTAL(103,Junio!$J$7) -> 0 | K197: =SUBTOTAL(103,Junio!$K$7) -> 0 | L197: =SUBTOTAL(103,Junio!$L$7) -> 0 | N197: =SUBTOTAL(103,Junio!$N$7) -> 0 | O197: =SUBTOTAL(103,Junio!$O$7) -> 0 | P197: =SUBTOTAL(103,Junio!$P$7) -> 0 | Q197: =SUBTOTAL(103,Junio!$Q$7) -> 0 | R197: =SUBTOTAL(103,Junio!$R$7) -> 0 | S197: =SUBTOTAL(103,Junio!$S$7) -> 0 | T197: =SUBTOTAL(103,Junio!$T$7) -> 0 | U197: =SUBTOTAL(103,Junio!$U$7) -> 0 | W197: =SUBTOTAL(103,Junio!$W$7) -> 0 | X197: =SUBTOTAL(103,Junio!$X$7) -> 0 | Y197: =SUBTOTAL(103,Junio!$Y$7) -> 0 | Z197: =SUBTOTAL(103,Junio!$Z$7) -> 0 | AA197: =SUBTOTAL(103,Junio!$AA$7) -> 0 | AB197: =SUBTOTAL(103,Junio!$AB$7) -> 0 | AC197: =SUBTOTAL(103,Junio!$AC$7) -> 0 | AD197: =SUBTOTAL(103,Junio!$AD$7) -> 0 | AE197: =SUBTOTAL(103,Junio!$AE$7) -> 0 | AF197: =SUBTOTAL(103,Junio!$AF$7) -> 0 | AG197: =SUBTOTAL(103,Junio!$AG$7) -> 0 | AH197: =SUM(C197:AG197) -> 0

Sheet Julio
B1: ASISTENCIA DE ALUMNOS
B2: Claves de los tipos de Asistencia | C2: F | D2: FALTAS | G2: J | H2: JUSTIFICADA | K2: A | L2: ASISTENCIA | O2: R | P2: RECUPERACION | T2: E | U2: EVENTOS
B4: Enero | C4: MEGA SUPER BABY WOLF 3:00 PM/9:00 AM | AH4: 2026
C5: =TEXT(WEEKDAY(DATE(Julio!CalendarioAño,1,1),1),"ddd") -> jue | D5: =TEXT(WEEKDAY(DATE(Julio!CalendarioAño,1,2),1),"ddd") -> vie | E5: =TEXT(WEEKDAY(DATE(Julio!CalendarioAño,1,3),1),"ddd") -> sáb | F5: =TEXT(WEEKDAY(DATE(Julio!CalendarioAño,1,4),1),"ddd") -> dom | G5: =TEXT(WEEKDAY(DATE(Julio!CalendarioAño,1,5),1),"ddd") -> lun | H5: =TEXT(WEEKDAY(DATE(Julio!CalendarioAño,1,6),1),"ddd") -> mar | I5: =TEXT(WEEKDAY(DATE(Julio!CalendarioAño,1,7),1),"ddd") -> mié | J5: =TEXT(WEEKDAY(DATE(Julio!CalendarioAño,1,8),1),"ddd") -> jue | K5: =TEXT(WEEKDAY(DATE(Julio!CalendarioAño,1,9),1),"ddd") -> vie | L5: =TEXT(WEEKDAY(DATE(Julio!CalendarioAño,1,10),1),"ddd") -> sáb | M5: =TEXT(WEEKDAY(DATE(Julio!CalendarioAño,1,11),1),"ddd") -> dom | N5: =TEXT(WEEKDAY(DATE(Julio!CalendarioAño,1,12),1),"ddd") -> lun | O5: =TEXT(WEEKDAY(DATE(Julio!CalendarioAño,1,13),1),"ddd") -> mar | P5: =TEXT(WEEKDAY(DATE(Julio!CalendarioAño,1,14),1),"ddd") -> mié | Q5: =TEXT(WEEKDAY(DATE(Julio!CalendarioAño,1,15),1),"ddd") -> jue | R5: =TEXT(WEEKDAY(DATE(Julio!CalendarioAño,1,16),1),"ddd") -> vie | S5: =TEXT(WEEKDAY(DATE(Julio!CalendarioAño,1,17),1),"ddd") -> sáb | T5: =TEXT(WEEKDAY(DATE(Julio!CalendarioAño,1,18),1),"ddd") -> dom | U5: =TEXT(WEEKDAY(DATE(Julio!CalendarioAño,1,19),1),"ddd") -> lun | V5: =TEXT(WEEKDAY(DATE(Julio!CalendarioAño,1,20),1),"ddd") -> mar | W5: =TEXT(WEEKDAY(DATE(Julio!CalendarioAño,1,21),1),"ddd") -> mié | X5: =TEXT(WEEKDAY(DATE(Julio!CalendarioAño,1,22),1),"ddd") -> jue | Y5: =TEXT(WEEKDAY(DATE(Julio!CalendarioAño,1,23),1),"ddd") -> vie | Z5: =TEXT(WEEKDAY(DATE(Julio!CalendarioAño,1,24),1),"ddd") -> sáb | AA5: =TEXT(WEEKDAY(DATE(Julio!CalendarioAño,1,25),1),"ddd") -> dom | AB5: =TEXT(WEEKDAY(DATE(Julio!CalendarioAño,1,26),1),"ddd") -> lun | AC5: =TEXT(WEEKDAY(DATE(Julio!CalendarioAño,1,27),1),"ddd") -> mar | AD5: =TEXT(WEEKDAY(DATE(Julio!CalendarioAño,1,28),1),"ddd") -> mié | AE5: =TEXT(WEEKDAY(DATE(Julio!CalendarioAño,1,29),1),"ddd") -> jue | AF5: =TEXT(WEEKDAY(DATE(Julio!CalendarioAño,1,30),1),"ddd") -> vie | AG5: =TEXT(WEEKDAY(DATE(Julio!CalendarioAño,1,31),1),"ddd") -> sáb
B6: NOMBRE Y APELLIDO | C6: 1 | D6: 2 | E6: 3 | F6: 4 | G6: 5 | H6: 6 | I6: 7 | J6: 8 | K6: 9 | L6: 10 | M6: 11 | N6: 12 | O6: 13 | P6: 14 | Q6: 15 | R6: 16 | S6: 17 | T6: 18 | U6: 19 | V6: 20 | W6: 21 | X6: 22 | Y6: 23 | Z6: 24 | AA6: 25 | AB6: 26 | AC6: 27 | AD6: 28 | AE6: 29 | AF6: 30 | AG6: 31 | AH6: Número total de días
B8: =Julio!MonthName&" Total" -> Enero Total | C8: =SUBTOTAL(103,Julio!$C$7) -> 0 | D8: =SUBTOTAL(103,Julio!$D$7) -> 0 | E8: =SUBTOTAL(103,Julio!$E$7) -> 0 | F8: =SUBTOTAL(103,Julio!$F$7) -> 0 | G8: =SUBTOTAL(103,Julio!$G$7) -> 0 | H8: =SUBTOTAL(103,Julio!$H$7) -> 0 | I8: =SUBTOTAL(103,Julio!$I$7) -> 0 | J8: =SUBTOTAL(103,Julio!$J$7) -> 0 | K8: =SUBTOTAL(103,Julio!$K$7) -> 0 | L8: =SUBTOTAL(103,Julio!$L$7) -> 0 | M8: =SUBTOTAL(103,Julio!$M$7) -> 0 | N8: =SUBTOTAL(103,Julio!$N$7) -> 0 | O8: =SUBTOTAL(103,Julio!$O$7) -> 0 | P8: =SUBTOTAL(103,Julio!$P$7) -> 0 | Q8: =SUBTOTAL(103,Julio!$Q$7) -> 0 | R8: =SUBTOTAL(103,Julio!$R$7) -> 0 | S8: =SUBTOTAL(103,Julio!$S$7) -> 0 | T8: =SUBTOTAL(103,Julio!$T$7) -> 0 | U8: =SUBTOTAL(103,Julio!$U$7) -> 0 | V8: =SUBTOTAL(103,Julio!$V$7) -> 0 | W8: =SUBTOTAL(103,Julio!$W$7) -> 0 | X8: =SUBTOTAL(103,Julio!$X$7) -> 0 | Y8: =SUBTOTAL(103,Julio!$Y$7) -> 0 | Z8: =SUBTOTAL(103,Julio!$Z$7) -> 0 | AA8: =SUBTOTAL(103,Julio!$AA$7) -> 0 | AB8: =SUBTOTAL(103,Julio!$AB$7) -> 0 | AC8: =SUBTOTAL(103,Julio!$AC$7) -> 0 | AD8: =SUBTOTAL(103,Julio!$AD$7) -> 0 | AE8: =SUBTOTAL(103,Julio!$AE$7) -> 0 | AF8: =SUBTOTAL(103,Julio!$AF$7) -> 0 | AG8: =SUBTOTAL(103,Julio!$AG$7) -> 0
B10: Enero | C10: SUPER BABY WOLF 3:30 PM/9:30 AM | AH10: 2026
C11: =TEXT(WEEKDAY(DATE(Julio!CalendarioAño,1,1),1),"ddd") -> jue | D11: =TEXT(WEEKDAY(DATE(Julio!CalendarioAño,1,2),1),"ddd") -> vie | E11: =TEXT(WEEKDAY(DATE(Julio!CalendarioAño,1,3),1),"ddd") -> sáb | F11: =TEXT(WEEKDAY(DATE(Julio!CalendarioAño,1,4),1),"ddd") -> dom | G11: =TEXT(WEEKDAY(DATE(Julio!CalendarioAño,1,5),1),"ddd") -> lun | H11: =TEXT(WEEKDAY(DATE(Julio!CalendarioAño,1,6),1),"ddd") -> mar | I11: =TEXT(WEEKDAY(DATE(Julio!CalendarioAño,1,7),1),"ddd") -> mié | J11: =TEXT(WEEKDAY(DATE(Julio!CalendarioAño,1,8),1),"ddd") -> jue | K11: =TEXT(WEEKDAY(DATE(Julio!CalendarioAño,1,9),1),"ddd") -> vie | L11: =TEXT(WEEKDAY(DATE(Julio!CalendarioAño,1,10),1),"ddd") -> sáb | M11: =TEXT(WEEKDAY(DATE(Julio!CalendarioAño,1,11),1),"ddd") -> dom | N11: =TEXT(WEEKDAY(DATE(Julio!CalendarioAño,1,12),1),"ddd") -> lun | O11: =TEXT(WEEKDAY(DATE(Julio!CalendarioAño,1,13),1),"ddd") -> mar | P11: =TEXT(WEEKDAY(DATE(Julio!CalendarioAño,1,14),1),"ddd") -> mié | Q11: =TEXT(WEEKDAY(DATE(Julio!CalendarioAño,1,15),1),"ddd") -> jue | R11: =TEXT(WEEKDAY(DATE(Julio!CalendarioAño,1,16),1),"ddd") -> vie | S11: =TEXT(WEEKDAY(DATE(Julio!CalendarioAño,1,17),1),"ddd") -> sáb | T11: =TEXT(WEEKDAY(DATE(Julio!CalendarioAño,1,18),1),"ddd") -> dom | U11: =TEXT(WEEKDAY(DATE(Julio!CalendarioAño,1,19),1),"ddd") -> lun | V11: =TEXT(WEEKDAY(DATE(Julio!CalendarioAño,1,20),1),"ddd") -> mar | W11: =TEXT(WEEKDAY(DATE(Julio!CalendarioAño,1,21),1),"ddd") -> mié | X11: =TEXT(WEEKDAY(DATE(Julio!CalendarioAño,1,22),1),"ddd") -> jue | Y11: =TEXT(WEEKDAY(DATE(Julio!CalendarioAño,1,23),1),"ddd") -> vie | Z11: =TEXT(WEEKDAY(DATE(Julio!CalendarioAño,1,24),1),"ddd") -> sáb | AA11: =TEXT(WEEKDAY(DATE(Julio!CalendarioAño,1,25),1),"ddd") -> dom | AB11: =TEXT(WEEKDAY(DATE(Julio!CalendarioAño,1,26),1),"ddd") -> lun | AC11: =TEXT(WEEKDAY(DATE(Julio!CalendarioAño,1,27),1),"ddd") -> mar | AD11: =TEXT(WEEKDAY(DATE(Julio!CalendarioAño,1,28),1),"ddd") -> mié | AE11: =TEXT(WEEKDAY(DATE(Julio!CalendarioAño,1,29),1),"ddd") -> jue | AF11: =TEXT(WEEKDAY(DATE(Julio!CalendarioAño,1,30),1),"ddd") -> vie | AG11: =TEXT(WEEKDAY(DATE(Julio!CalendarioAño,1,31),1),"ddd") -> sáb
B12: NOMBRE Y APELLIDO | C12: 1 | D12: 2 | E12: 3 | F12: 4 | G12: 5 | H12: 6 | I12: 7 | J12: 8 | K12: 9 | L12: 10 | M12: 11 | N12: 12 | O12: 13 | P12: 14 | Q12: 15 | R12: 16 | S12: 17 | T12: 18 | U12: 19 | V12: 20 | W12: 21 | X12: 22 | Y12: 23 | Z12: 24 | AA12: 25 | AB12: 26 | AC12: 27 | AD12: 28 | AE12: 29 | AF12: 30 | AG12: 31 | AH12: Número total de días
B34: =Julio!MonthName&" Total" -> Enero Total | C34: =SUBTOTAL(103,Julio!$C$7) -> 0 | D34: =SUBTOTAL(103,Julio!$D$7) -> 0 | E34: =SUBTOTAL(103,Julio!$E$7) -> 0 | G34: =SUBTOTAL(103,Julio!$G$7) -> 0 | H34: =SUBTOTAL(103,Julio!$H$7) -> 0
B37: Enero | C37: SUPER BABY WOLF 4:00 PM /10:00 AM | AH37: 2026
C38: =TEXT(WEEKDAY(DATE(Julio!CalendarioAño,1,1),1),"ddd") -> jue | D38: =TEXT(WEEKDAY(DATE(Julio!CalendarioAño,1,2),1),"ddd") -> vie | E38: =TEXT(WEEKDAY(DATE(Julio!CalendarioAño,1,3),1),"ddd") -> sáb | F38: =TEXT(WEEKDAY(DATE(Julio!CalendarioAño,1,4),1),"ddd") -> dom | G38: =TEXT(WEEKDAY(DATE(Julio!CalendarioAño,1,5),1),"ddd") -> lun | H38: =TEXT(WEEKDAY(DATE(Julio!CalendarioAño,1,6),1),"ddd") -> mar | I38: =TEXT(WEEKDAY(DATE(Julio!CalendarioAño,1,7),1),"ddd") -> mié | J38: =TEXT(WEEKDAY(DATE(Julio!CalendarioAño,1,8),1),"ddd") -> jue | K38: =TEXT(WEEKDAY(DATE(Julio!CalendarioAño,1,9),1),"ddd") -> vie | L38: =TEXT(WEEKDAY(DATE(Julio!CalendarioAño,1,10),1),"ddd") -> sáb | M38: =TEXT(WEEKDAY(DATE(Julio!CalendarioAño,1,11),1),"ddd") -> dom | N38: =TEXT(WEEKDAY(DATE(Julio!CalendarioAño,1,12),1),"ddd") -> lun | O38: =TEXT(WEEKDAY(DATE(Julio!CalendarioAño,1,13),1),"ddd") -> mar | P38: =TEXT(WEEKDAY(DATE(Julio!CalendarioAño,1,14),1),"ddd") -> mié | Q38: =TEXT(WEEKDAY(DATE(Julio!CalendarioAño,1,15),1),"ddd") -> jue | R38: =TEXT(WEEKDAY(DATE(Julio!CalendarioAño,1,16),1),"ddd") -> vie | S38: =TEXT(WEEKDAY(DATE(Julio!CalendarioAño,1,17),1),"ddd") -> sáb | T38: =TEXT(WEEKDAY(DATE(Julio!CalendarioAño,1,18),1),"ddd") -> dom | U38: =TEXT(WEEKDAY(DATE(Julio!CalendarioAño,1,19),1),"ddd") -> lun | V38: =TEXT(WEEKDAY(DATE(Julio!CalendarioAño,1,20),1),"ddd") -> mar | W38: =TEXT(WEEKDAY(DATE(Julio!CalendarioAño,1,21),1),"ddd") -> mié | X38: =TEXT(WEEKDAY(DATE(Julio!CalendarioAño,1,22),1),"ddd") -> jue | Y38: =TEXT(WEEKDAY(DATE(Julio!CalendarioAño,1,23),1),"ddd") -> vie | Z38: =TEXT(WEEKDAY(DATE(Julio!CalendarioAño,1,24),1),"ddd") -> sáb | AA38: =TEXT(WEEKDAY(DATE(Julio!CalendarioAño,1,25),1),"ddd") -> dom | AB38: =TEXT(WEEKDAY(DATE(Julio!CalendarioAño,1,26),1),"ddd") -> lun | AC38: =TEXT(WEEKDAY(DATE(Julio!CalendarioAño,1,27),1),"ddd") -> mar | AD38: =TEXT(WEEKDAY(DATE(Julio!CalendarioAño,1,28),1),"ddd") -> mié | AE38: =TEXT(WEEKDAY(DATE(Julio!CalendarioAño,1,29),1),"ddd") -> jue | AF38: =TEXT(WEEKDAY(DATE(Julio!CalendarioAño,1,30),1),"ddd") -> vie | AG38: =TEXT(WEEKDAY(DATE(Julio!CalendarioAño,1,31),1),"ddd") -> sáb
B39: NOMBRE Y APELLIDO | C39: 1 | D39: 2 | E39: 3 | F39: 4 | G39: 5 | H39: 6 | I39: 7 | J39: 8 | K39: 9 | L39: 10 | M39: 11 | N39: 12 | O39: 13 | P39: 14 | Q39: 15 | R39: 16 | S39: 17 | T39: 18 | U39: 19 | V39: 20 | W39: 21 | X39: 22 | Y39: 23 | Z39: 24 | AA39: 25 | AB39: 26 | AC39: 27 | AD39: 28 | AE39: 29 | AF39: 30 | AG39: 31 | AH39: Número total de días
B62: =Julio!MonthName&" Total" -> Enero Total | C62: =SUBTOTAL(103,Julio!$C$7) -> 0 | D62: =SUBTOTAL(103,Julio!$D$7) -> 0 | E62: =SUBTOTAL(103,Julio!$E$7) -> 0 | G62: =SUBTOTAL(103,Julio!$G$7) -> 0
B64: Enero | C64: BABY WOLF 4:30 PM/10:30 | AH64: 2026
C65: =TEXT(WEEKDAY(DATE(Julio!CalendarioAño,1,1),1),"ddd") -> jue | D65: =TEXT(WEEKDAY(DATE(Julio!CalendarioAño,1,2),1),"ddd") -> vie | E65: =TEXT(WEEKDAY(DATE(Julio!CalendarioAño,1,3),1),"ddd") -> sáb | F65: =TEXT(WEEKDAY(DATE(Julio!CalendarioAño,1,4),1),"ddd") -> dom | G65: =TEXT(WEEKDAY(DATE(Julio!CalendarioAño,1,5),1),"ddd") -> lun | H65: =TEXT(WEEKDAY(DATE(Julio!CalendarioAño,1,6),1),"ddd") -> mar | I65: =TEXT(WEEKDAY(DATE(Julio!CalendarioAño,1,7),1),"ddd") -> mié | J65: =TEXT(WEEKDAY(DATE(Julio!CalendarioAño,1,8),1),"ddd") -> jue | K65: =TEXT(WEEKDAY(DATE(Julio!CalendarioAño,1,9),1),"ddd") -> vie | L65: =TEXT(WEEKDAY(DATE(Julio!CalendarioAño,1,10),1),"ddd") -> sáb | M65: =TEXT(WEEKDAY(DATE(Julio!CalendarioAño,1,11),1),"ddd") -> dom | N65: =TEXT(WEEKDAY(DATE(Julio!CalendarioAño,1,12),1),"ddd") -> lun | O65: =TEXT(WEEKDAY(DATE(Julio!CalendarioAño,1,13),1),"ddd") -> mar | P65: =TEXT(WEEKDAY(DATE(Julio!CalendarioAño,1,14),1),"ddd") -> mié | Q65: =TEXT(WEEKDAY(DATE(Julio!CalendarioAño,1,15),1),"ddd") -> jue | R65: =TEXT(WEEKDAY(DATE(Julio!CalendarioAño,1,16),1),"ddd") -> vie | S65: =TEXT(WEEKDAY(DATE(Julio!CalendarioAño,1,17),1),"ddd") -> sáb | T65: =TEXT(WEEKDAY(DATE(Julio!CalendarioAño,1,18),1),"ddd") -> dom | U65: =TEXT(WEEKDAY(DATE(Julio!CalendarioAño,1,19),1),"ddd") -> lun | V65: =TEXT(WEEKDAY(DATE(Julio!CalendarioAño,1,20),1),"ddd") -> mar | W65: =TEXT(WEEKDAY(DATE(Julio!CalendarioAño,1,21),1),"ddd") -> mié | X65: =TEXT(WEEKDAY(DATE(Julio!CalendarioAño,1,22),1),"ddd") -> jue | Y65: =TEXT(WEEKDAY(DATE(Julio!CalendarioAño,1,23),1),"ddd") -> vie | Z65: =TEXT(WEEKDAY(DATE(Julio!CalendarioAño,1,24),1),"ddd") -> sáb | AA65: =TEXT(WEEKDAY(DATE(Julio!CalendarioAño,1,25),1),"ddd") -> dom | AB65: =TEXT(WEEKDAY(DATE(Julio!CalendarioAño,1,26),1),"ddd") -> lun | AC65: =TEXT(WEEKDAY(DATE(Julio!CalendarioAño,1,27),1),"ddd") -> mar | AD65: =TEXT(WEEKDAY(DATE(Julio!CalendarioAño,1,28),1),"ddd") -> mié | AE65: =TEXT(WEEKDAY(DATE(Julio!CalendarioAño,1,29),1),"ddd") -> jue | AF65: =TEXT(WEEKDAY(DATE(Julio!CalendarioAño,1,30),1),"ddd") -> vie | AG65: =TEXT(WEEKDAY(DATE(Julio!CalendarioAño,1,31),1),"ddd") -> sáb
B66: NOMBRE Y APELLIDO | C66: 1 | D66: 2 | E66: 3 | F66: 4 | G66: 5 | H66: 6 | I66: 7 | J66: 8 | K66: 9 | L66: 10 | M66: 11 | N66: 12 | O66: 13 | P66: 14 | Q66: 15 | R66: 16 | S66: 17 | T66: 18 | U66: 19 | V66: 20 | W66: 21 | X66: 22 | Y66: 23 | Z66: 24 | AA66: 25 | AB66: 26 | AC66: 27 | AD66: 28 | AE66: 29 | AF66: 30 | AG66: 31 | AH66: Número total de días
B95: =Julio!MonthName&" Total" -> Enero Total | C95: =SUBTOTAL(103,Julio!$C$7) -> 0 | D95: =SUBTOTAL(103,Julio!$D$7) -> 0 | E95: =SUBTOTAL(103,Julio!$E$7) -> 0 | G95: =SUBTOTAL(103,Julio!$G$7) -> 0
B97: Enero | C97: BABY WOLF 5:00 PM/11:00 AM | AH97: 2026
C98: =TEXT(WEEKDAY(DATE(Julio!CalendarioAño,1,1),1),"ddd") -> jue | D98: =TEXT(WEEKDAY(DATE(Julio!CalendarioAño,1,2),1),"ddd") -> vie | E98: =TEXT(WEEKDAY(DATE(Julio!CalendarioAño,1,3),1),"ddd") -> sáb | F98: =TEXT(WEEKDAY(DATE(Julio!CalendarioAño,1,4),1),"ddd") -> dom | G98: =TEXT(WEEKDAY(DATE(Julio!CalendarioAño,1,5),1),"ddd") -> lun | H98: =TEXT(WEEKDAY(DATE(Julio!CalendarioAño,1,6),1),"ddd") -> mar | I98: =TEXT(WEEKDAY(DATE(Julio!CalendarioAño,1,7),1),"ddd") -> mié | J98: =TEXT(WEEKDAY(DATE(Julio!CalendarioAño,1,8),1),"ddd") -> jue | K98: =TEXT(WEEKDAY(DATE(Julio!CalendarioAño,1,9),1),"ddd") -> vie | L98: =TEXT(WEEKDAY(DATE(Julio!CalendarioAño,1,10),1),"ddd") -> sáb | M98: =TEXT(WEEKDAY(DATE(Julio!CalendarioAño,1,11),1),"ddd") -> dom | N98: =TEXT(WEEKDAY(DATE(Julio!CalendarioAño,1,12),1),"ddd") -> lun | O98: =TEXT(WEEKDAY(DATE(Julio!CalendarioAño,1,13),1),"ddd") -> mar | P98: =TEXT(WEEKDAY(DATE(Julio!CalendarioAño,1,14),1),"ddd") -> mié | Q98: =TEXT(WEEKDAY(DATE(Julio!CalendarioAño,1,15),1),"ddd") -> jue | R98: =TEXT(WEEKDAY(DATE(Julio!CalendarioAño,1,16),1),"ddd") -> vie | S98: =TEXT(WEEKDAY(DATE(Julio!CalendarioAño,1,17),1),"ddd") -> sáb | T98: =TEXT(WEEKDAY(DATE(Julio!CalendarioAño,1,18),1),"ddd") -> dom | U98: =TEXT(WEEKDAY(DATE(Julio!CalendarioAño,1,19),1),"ddd") -> lun | V98: =TEXT(WEEKDAY(DATE(Julio!CalendarioAño,1,20),1),"ddd") -> mar | W98: =TEXT(WEEKDAY(DATE(Julio!CalendarioAño,1,21),1),"ddd") -> mié | X98: =TEXT(WEEKDAY(DATE(Julio!CalendarioAño,1,22),1),"ddd") -> jue | Y98: =TEXT(WEEKDAY(DATE(Julio!CalendarioAño,1,23),1),"ddd") -> vie | Z98: =TEXT(WEEKDAY(DATE(Julio!CalendarioAño,1,24),1),"ddd") -> sáb | AA98: =TEXT(WEEKDAY(DATE(Julio!CalendarioAño,1,25),1),"ddd") -> dom | AB98: =TEXT(WEEKDAY(DATE(Julio!CalendarioAño,1,26),1),"ddd") -> lun | AC98: =TEXT(WEEKDAY(DATE(Julio!CalendarioAño,1,27),1),"ddd") -> mar | AD98: =TEXT(WEEKDAY(DATE(Julio!CalendarioAño,1,28),1),"ddd") -> mié | AE98: =TEXT(WEEKDAY(DATE(Julio!CalendarioAño,1,29),1),"ddd") -> jue | AF98: =TEXT(WEEKDAY(DATE(Julio!CalendarioAño,1,30),1),"ddd") -> vie | AG98: =TEXT(WEEKDAY(DATE(Julio!CalendarioAño,1,31),1),"ddd") -> sáb
B99: NOMBRE Y APELLIDO | C99: 1 | D99: 2 | E99: 3 | F99: 4 | G99: 5 | H99: 6 | I99: 7 | J99: 8 | K99: 9 | L99: 10 | M99: 11 | N99: 12 | O99: 13 | P99: 14 | Q99: 15 | R99: 16 | S99: 17 | T99: 18 | U99: 19 | V99: 20 | W99: 21 | X99: 22 | Y99: 23 | Z99: 24 | AA99: 25 | AB99: 26 | AC99: 27 | AD99: 28 | AE99: 29 | AF99: 30 | AG99: 31 | AH99: Número total de días
B121: =Julio!MonthName&" Total" -> Enero Total | C121: =SUBTOTAL(103,Julio!$C$7) -> 0 | D121: =SUBTOTAL(103,Julio!$D$7) -> 0 | E121: =SUBTOTAL(103,Julio!$E$7) -> 0 | H121: =SUBTOTAL(103,Julio!$H$7) -> 0
B123: Enero | C123: LITTLE WOLF 5:30 PM/11:30 AM | AH123: 2026
C124: =TEXT(WEEKDAY(DATE(Julio!CalendarioAño,1,1),1),"ddd") -> jue | D124: =TEXT(WEEKDAY(DATE(Julio!CalendarioAño,1,2),1),"ddd") -> vie | E124: =TEXT(WEEKDAY(DATE(Julio!CalendarioAño,1,3),1),"ddd") -> sáb | F124: =TEXT(WEEKDAY(DATE(Julio!CalendarioAño,1,4),1),"ddd") -> dom | G124: =TEXT(WEEKDAY(DATE(Julio!CalendarioAño,1,5),1),"ddd") -> lun | H124: =TEXT(WEEKDAY(DATE(Julio!CalendarioAño,1,6),1),"ddd") -> mar | I124: =TEXT(WEEKDAY(DATE(Julio!CalendarioAño,1,7),1),"ddd") -> mié | J124: =TEXT(WEEKDAY(DATE(Julio!CalendarioAño,1,8),1),"ddd") -> jue | K124: =TEXT(WEEKDAY(DATE(Julio!CalendarioAño,1,9),1),"ddd") -> vie | L124: =TEXT(WEEKDAY(DATE(Julio!CalendarioAño,1,10),1),"ddd") -> sáb | M124: =TEXT(WEEKDAY(DATE(Julio!CalendarioAño,1,11),1),"ddd") -> dom | N124: =TEXT(WEEKDAY(DATE(Julio!CalendarioAño,1,12),1),"ddd") -> lun | O124: =TEXT(WEEKDAY(DATE(Julio!CalendarioAño,1,13),1),"ddd") -> mar | P124: =TEXT(WEEKDAY(DATE(Julio!CalendarioAño,1,14),1),"ddd") -> mié | Q124: =TEXT(WEEKDAY(DATE(Julio!CalendarioAño,1,15),1),"ddd") -> jue | R124: =TEXT(WEEKDAY(DATE(Julio!CalendarioAño,1,16),1),"ddd") -> vie | S124: =TEXT(WEEKDAY(DATE(Julio!CalendarioAño,1,17),1),"ddd") -> sáb | T124: =TEXT(WEEKDAY(DATE(Julio!CalendarioAño,1,18),1),"ddd") -> dom | U124: =TEXT(WEEKDAY(DATE(Julio!CalendarioAño,1,19),1),"ddd") -> lun | V124: =TEXT(WEEKDAY(DATE(Julio!CalendarioAño,1,20),1),"ddd") -> mar | W124: =TEXT(WEEKDAY(DATE(Julio!CalendarioAño,1,21),1),"ddd") -> mié | X124: =TEXT(WEEKDAY(DATE(Julio!CalendarioAño,1,22),1),"ddd") -> jue | Y124: =TEXT(WEEKDAY(DATE(Julio!CalendarioAño,1,23),1),"ddd") -> vie | Z124: =TEXT(WEEKDAY(DATE(Julio!CalendarioAño,1,24),1),"ddd") -> sáb | AA124: =TEXT(WEEKDAY(DATE(Julio!CalendarioAño,1,25),1),"ddd") -> dom | AB124: =TEXT(WEEKDAY(DATE(Julio!CalendarioAño,1,26),1),"ddd") -> lun | AC124: =TEXT(WEEKDAY(DATE(Julio!CalendarioAño,1,27),1),"ddd") -> mar | AD124: =TEXT(WEEKDAY(DATE(Julio!CalendarioAño,1,28),1),"ddd") -> mié | AE124: =TEXT(WEEKDAY(DATE(Julio!CalendarioAño,1,29),1),"ddd") -> jue | AF124: =TEXT(WEEKDAY(DATE(Julio!CalendarioAño,1,30),1),"ddd") -> vie | AG124: =TEXT(WEEKDAY(DATE(Julio!CalendarioAño,1,31),1),"ddd") -> sáb
B125: NOMBRE Y APELLIDO | C125: 1 | D125: 2 | E125: 3 | F125: 4 | G125: 5 | H125: 6 | I125: 7 | J125: 8 | K125: 9 | L125: 10 | M125: 11 | N125: 12 | O125: 13 | P125: 14 | Q125: 15 | R125: 16 | S125: 17 | T125: 18 | U125: 19 | V125: 20 | W125: 21 | X125: 22 | Y125: 23 | Z125: 24 | AA125: 25 | AB125: 26 | AC125: 27 | AD125: 28 | AE125: 29 | AF125: 30 | AG125: 31 | AH125: Número total de días
B147: =Julio!MonthName&" Total" -> Enero Total | C147: =SUBTOTAL(103,Julio!$C$7) -> 0 | D147: =SUBTOTAL(103,Julio!$D$7) -> 0 | E147: =SUBTOTAL(103,Julio!$E$7) -> 0 | H147: =SUBTOTAL(103,Julio!$H$7) -> 0 | AE147: =SUBTOTAL(103,Julio!$AE$7) -> 0 | AF147: =SUBTOTAL(103,Julio!$AF$7) -> 0 | AG147: =SUBTOTAL(103,Julio!$AG$7) -> 0 | AH147: =SUM(C147:AG147) -> 0
B149: Enero | C149: LITTLE WOLF 6:00 PM/12:00 PM | AH149: 2026
C150: =TEXT(WEEKDAY(DATE(Julio!CalendarioAño,1,1),1),"ddd") -> jue | D150: =TEXT(WEEKDAY(DATE(Julio!CalendarioAño,1,2),1),"ddd") -> vie | E150: =TEXT(WEEKDAY(DATE(Julio!CalendarioAño,1,3),1),"ddd") -> sáb | F150: =TEXT(WEEKDAY(DATE(Julio!CalendarioAño,1,4),1),"ddd") -> dom | G150: =TEXT(WEEKDAY(DATE(Julio!CalendarioAño,1,5),1),"ddd") -> lun | H150: =TEXT(WEEKDAY(DATE(Julio!CalendarioAño,1,6),1),"ddd") -> mar | I150: =TEXT(WEEKDAY(DATE(Julio!CalendarioAño,1,7),1),"ddd") -> mié | J150: =TEXT(WEEKDAY(DATE(Julio!CalendarioAño,1,8),1),"ddd") -> jue | K150: =TEXT(WEEKDAY(DATE(Julio!CalendarioAño,1,9),1),"ddd") -> vie | L150: =TEXT(WEEKDAY(DATE(Julio!CalendarioAño,1,10),1),"ddd") -> sáb | M150: =TEXT(WEEKDAY(DATE(Julio!CalendarioAño,1,11),1),"ddd") -> dom | N150: =TEXT(WEEKDAY(DATE(Julio!CalendarioAño,1,12),1),"ddd") -> lun | O150: =TEXT(WEEKDAY(DATE(Julio!CalendarioAño,1,13),1),"ddd") -> mar | P150: =TEXT(WEEKDAY(DATE(Julio!CalendarioAño,1,14),1),"ddd") -> mié | Q150: =TEXT(WEEKDAY(DATE(Julio!CalendarioAño,1,15),1),"ddd") -> jue | R150: =TEXT(WEEKDAY(DATE(Julio!CalendarioAño,1,16),1),"ddd") -> vie | S150: =TEXT(WEEKDAY(DATE(Julio!CalendarioAño,1,17),1),"ddd") -> sáb | T150: =TEXT(WEEKDAY(DATE(Julio!CalendarioAño,1,18),1),"ddd") -> dom | U150: =TEXT(WEEKDAY(DATE(Julio!CalendarioAño,1,19),1),"ddd") -> lun | V150: =TEXT(WEEKDAY(DATE(Julio!CalendarioAño,1,20),1),"ddd") -> mar | W150: =TEXT(WEEKDAY(DATE(Julio!CalendarioAño,1,21),1),"ddd") -> mié | X150: =TEXT(WEEKDAY(DATE(Julio!CalendarioAño,1,22),1),"ddd") -> jue | Y150: =TEXT(WEEKDAY(DATE(Julio!CalendarioAño,1,23),1),"ddd") -> vie | Z150: =TEXT(WEEKDAY(DATE(Julio!CalendarioAño,1,24),1),"ddd") -> sáb | AA150: =TEXT(WEEKDAY(DATE(Julio!CalendarioAño,1,25),1),"ddd") -> dom | AB150: =TEXT(WEEKDAY(DATE(Julio!CalendarioAño,1,26),1),"ddd") -> lun | AC150: =TEXT(WEEKDAY(DATE(Julio!CalendarioAño,1,27),1),"ddd") -> mar | AD150: =TEXT(WEEKDAY(DATE(Julio!CalendarioAño,1,28),1),"ddd") -> mié | AE150: =TEXT(WEEKDAY(DATE(Julio!CalendarioAño,1,29),1),"ddd") -> jue | AF150: =TEXT(WEEKDAY(DATE(Julio!CalendarioAño,1,30),1),"ddd") -> vie | AG150: =TEXT(WEEKDAY(DATE(Julio!CalendarioAño,1,31),1),"ddd") -> sáb
B151: NOMBRE Y APELLIDO | C151: 1 | D151: 2 | E151: 3 | F151: 4 | G151: 5 | H151: 6 | I151: 7 | J151: 8 | K151: 9 | L151: 10 | M151: 11 | N151: 12 | O151: 13 | P151: 14 | Q151: 15 | R151: 16 | S151: 17 | T151: 18 | U151: 19 | V151: 20 | W151: 21 | X151: 22 | Y151: 23 | Z151: 24 | AA151: 25 | AB151: 26 | AC151: 27 | AD151: 28 | AE151: 29 | AF151: 30 | AG151: 31 | AH151: Número total de días
B164: =Julio!MonthName&" Total" -> Enero Total | C164: =SUBTOTAL(103,Julio!$C$7) -> 0 | D164: =SUBTOTAL(103,Julio!$D$7) -> 0 | E164: =SUBTOTAL(103,Julio!$E$7) -> 0 | H164: =SUBTOTAL(103,Julio!$H$7) -> 0 | Y164: =SUBTOTAL(103,Julio!$Y$7) -> 0 | Z164: =SUBTOTAL(103,Julio!$Z$7) -> 0 | AA164: =SUBTOTAL(103,Julio!$AA$7) -> 0 | AB164: =SUBTOTAL(103,Julio!$AB$7) -> 0 | AC164: =SUBTOTAL(103,Julio!$AC$7) -> 0 | AD164: =SUBTOTAL(103,Julio!$AD$7) -> 0 | AE164: =SUBTOTAL(103,Julio!$AE$7) -> 0 | AF164: =SUBTOTAL(103,Julio!$AF$7) -> 0 | AG164: =SUBTOTAL(103,Julio!$AG$7) -> 0 | AH164: =SUM(C164:AG164) -> 0
B166: Enero | C166: JUNIOR WOLF 6:30 PM/12:30 PM | AH166: 2026
C167: =TEXT(WEEKDAY(DATE(Julio!CalendarioAño,1,1),1),"ddd") -> jue | D167: =TEXT(WEEKDAY(DATE(Julio!CalendarioAño,1,2),1),"ddd") -> vie | E167: =TEXT(WEEKDAY(DATE(Julio!CalendarioAño,1,3),1),"ddd") -> sáb | F167: =TEXT(WEEKDAY(DATE(Julio!CalendarioAño,1,4),1),"ddd") -> dom | G167: =TEXT(WEEKDAY(DATE(Julio!CalendarioAño,1,5),1),"ddd") -> lun | H167: =TEXT(WEEKDAY(DATE(Julio!CalendarioAño,1,6),1),"ddd") -> mar | I167: =TEXT(WEEKDAY(DATE(Julio!CalendarioAño,1,7),1),"ddd") -> mié | J167: =TEXT(WEEKDAY(DATE(Julio!CalendarioAño,1,8),1),"ddd") -> jue | K167: =TEXT(WEEKDAY(DATE(Julio!CalendarioAño,1,9),1),"ddd") -> vie | L167: =TEXT(WEEKDAY(DATE(Julio!CalendarioAño,1,10),1),"ddd") -> sáb | M167: =TEXT(WEEKDAY(DATE(Julio!CalendarioAño,1,11),1),"ddd") -> dom | N167: =TEXT(WEEKDAY(DATE(Julio!CalendarioAño,1,12),1),"ddd") -> lun | O167: =TEXT(WEEKDAY(DATE(Julio!CalendarioAño,1,13),1),"ddd") -> mar | P167: =TEXT(WEEKDAY(DATE(Julio!CalendarioAño,1,14),1),"ddd") -> mié | Q167: =TEXT(WEEKDAY(DATE(Julio!CalendarioAño,1,15),1),"ddd") -> jue | R167: =TEXT(WEEKDAY(DATE(Julio!CalendarioAño,1,16),1),"ddd") -> vie | S167: =TEXT(WEEKDAY(DATE(Julio!CalendarioAño,1,17),1),"ddd") -> sáb | T167: =TEXT(WEEKDAY(DATE(Julio!CalendarioAño,1,18),1),"ddd") -> dom | U167: =TEXT(WEEKDAY(DATE(Julio!CalendarioAño,1,19),1),"ddd") -> lun | V167: =TEXT(WEEKDAY(DATE(Julio!CalendarioAño,1,20),1),"ddd") -> mar | W167: =TEXT(WEEKDAY(DATE(Julio!CalendarioAño,1,21),1),"ddd") -> mié | X167: =TEXT(WEEKDAY(DATE(Julio!CalendarioAño,1,22),1),"ddd") -> jue | Y167: =TEXT(WEEKDAY(DATE(Julio!CalendarioAño,1,23),1),"ddd") -> vie | Z167: =TEXT(WEEKDAY(DATE(Julio!CalendarioAño,1,24),1),"ddd") -> sáb | AA167: =TEXT(WEEKDAY(DATE(Julio!CalendarioAño,1,25),1),"ddd") -> dom | AB167: =TEXT(WEEKDAY(DATE(Julio!CalendarioAño,1,26),1),"ddd") -> lun | AC167: =TEXT(WEEKDAY(DATE(Julio!CalendarioAño,1,27),1),"ddd") -> mar | AD167: =TEXT(WEEKDAY(DATE(Julio!CalendarioAño,1,28),1),"ddd") -> mié | AE167: =TEXT(WEEKDAY(DATE(Julio!CalendarioAño,1,29),1),"ddd") -> jue | AF167: =TEXT(WEEKDAY(DATE(Julio!CalendarioAño,1,30),1),"ddd") -> vie | AG167: =TEXT(WEEKDAY(DATE(Julio!CalendarioAño,1,31),1),"ddd") -> sáb
B168: NOMBRE Y APELLIDO | C168: 1 | D168: 2 | E168: 3 | F168: 4 | G168: 5 | H168: 6 | I168: 7 | J168: 8 | K168: 9 | L168: 10 | M168: 11 | N168: 12 | O168: 13 | P168: 14 | Q168: 15 | R168: 16 | S168: 17 | T168: 18 | U168: 19 | V168: 20 | W168: 21 | X168: 22 | Y168: 23 | Z168: 24 | AA168: 25 | AB168: 26 | AC168: 27 | AD168: 28 | AE168: 29 | AF168: 30 | AG168: 31 | AH168: Número total de días
B177: =Julio!MonthName&" Total" -> Enero Total
B179: Enero | C179: ADOLECENTES WOLF 6:30 a 7:30 PM/1:30 PM | AH179: 2026
C180: =TEXT(WEEKDAY(DATE(Julio!CalendarioAño,1,1),1),"ddd") -> jue | D180: =TEXT(WEEKDAY(DATE(Julio!CalendarioAño,1,2),1),"ddd") -> vie | E180: =TEXT(WEEKDAY(DATE(Julio!CalendarioAño,1,3),1),"ddd") -> sáb | F180: =TEXT(WEEKDAY(DATE(Julio!CalendarioAño,1,4),1),"ddd") -> dom | G180: =TEXT(WEEKDAY(DATE(Julio!CalendarioAño,1,5),1),"ddd") -> lun | H180: =TEXT(WEEKDAY(DATE(Julio!CalendarioAño,1,6),1),"ddd") -> mar | I180: =TEXT(WEEKDAY(DATE(Julio!CalendarioAño,1,7),1),"ddd") -> mié | J180: =TEXT(WEEKDAY(DATE(Julio!CalendarioAño,1,8),1),"ddd") -> jue | K180: =TEXT(WEEKDAY(DATE(Julio!CalendarioAño,1,9),1),"ddd") -> vie | L180: =TEXT(WEEKDAY(DATE(Julio!CalendarioAño,1,10),1),"ddd") -> sáb | M180: =TEXT(WEEKDAY(DATE(Julio!CalendarioAño,1,11),1),"ddd") -> dom | N180: =TEXT(WEEKDAY(DATE(Julio!CalendarioAño,1,12),1),"ddd") -> lun | O180: =TEXT(WEEKDAY(DATE(Julio!CalendarioAño,1,13),1),"ddd") -> mar | P180: =TEXT(WEEKDAY(DATE(Julio!CalendarioAño,1,14),1),"ddd") -> mié | Q180: =TEXT(WEEKDAY(DATE(Julio!CalendarioAño,1,15),1),"ddd") -> jue | R180: =TEXT(WEEKDAY(DATE(Julio!CalendarioAño,1,16),1),"ddd") -> vie | S180: =TEXT(WEEKDAY(DATE(Julio!CalendarioAño,1,17),1),"ddd") -> sáb | T180: =TEXT(WEEKDAY(DATE(Julio!CalendarioAño,1,18),1),"ddd") -> dom | U180: =TEXT(WEEKDAY(DATE(Julio!CalendarioAño,1,19),1),"ddd") -> lun | V180: =TEXT(WEEKDAY(DATE(Julio!CalendarioAño,1,20),1),"ddd") -> mar | W180: =TEXT(WEEKDAY(DATE(Julio!CalendarioAño,1,21),1),"ddd") -> mié | X180: =TEXT(WEEKDAY(DATE(Julio!CalendarioAño,1,22),1),"ddd") -> jue | Y180: =TEXT(WEEKDAY(DATE(Julio!CalendarioAño,1,23),1),"ddd") -> vie | Z180: =TEXT(WEEKDAY(DATE(Julio!CalendarioAño,1,24),1),"ddd") -> sáb | AA180: =TEXT(WEEKDAY(DATE(Julio!CalendarioAño,1,25),1),"ddd") -> dom | AB180: =TEXT(WEEKDAY(DATE(Julio!CalendarioAño,1,26),1),"ddd") -> lun | AC180: =TEXT(WEEKDAY(DATE(Julio!CalendarioAño,1,27),1),"ddd") -> mar | AD180: =TEXT(WEEKDAY(DATE(Julio!CalendarioAño,1,28),1),"ddd") -> mié | AE180: =TEXT(WEEKDAY(DATE(Julio!CalendarioAño,1,29),1),"ddd") -> jue | AF180: =TEXT(WEEKDAY(DATE(Julio!CalendarioAño,1,30),1),"ddd") -> vie | AG180: =TEXT(WEEKDAY(DATE(Julio!CalendarioAño,1,31),1),"ddd") -> sáb
B181: NOMBRE Y APELLIDO | C181: 1 | D181: 2 | E181: 3 | F181: 4 | G181: 5 | H181: 6 | I181: 7 | J181: 8 | K181: 9 | L181: 10 | M181: 11 | N181: 12 | O181: 13 | P181: 14 | Q181: 15 | R181: 16 | S181: 17 | T181: 18 | U181: 19 | V181: 20 | W181: 21 | X181: 22 | Y181: 23 | Z181: 24 | AA181: 25 | AB181: 26 | AC181: 27 | AD181: 28 | AE181: 29 | AF181: 30 | AG181: 31 | AH181: Número total de días
C187: =SUBTOTAL(103,Julio!$C$7) -> 0 | D187: =SUBTOTAL(103,Julio!$D$7) -> 0 | E187: =SUBTOTAL(103,Julio!$E$7) -> 0 | H187: =SUBTOTAL(103,Julio!$H$7) -> 0 | I187: =SUBTOTAL(103,Julio!$I$7) -> 0 | J187: =SUBTOTAL(103,Julio!$J$7) -> 0 | K187: =SUBTOTAL(103,Julio!$K$7) -> 0 | L187: =SUBTOTAL(103,Julio!$L$7) -> 0 | N187: =SUBTOTAL(103,Julio!$N$7) -> 0 | O187: =SUBTOTAL(103,Julio!$O$7) -> 0 | P187: =SUBTOTAL(103,Julio!$P$7) -> 0 | Q187: =SUBTOTAL(103,Julio!$Q$7) -> 0 | R187: =SUBTOTAL(103,Julio!$R$7) -> 0 | S187: =SUBTOTAL(103,Julio!$S$7) -> 0 | T187: =SUBTOTAL(103,Julio!$T$7) -> 0 | U187: =SUBTOTAL(103,Julio!$U$7) -> 0 | W187: =SUBTOTAL(103,Julio!$W$7) -> 0 | X187: =SUBTOTAL(103,Julio!$X$7) -> 0 | Y187: =SUBTOTAL(103,Julio!$Y$7) -> 0 | Z187: =SUBTOTAL(103,Julio!$Z$7) -> 0 | AA187: =SUBTOTAL(103,Julio!$AA$7) -> 0 | AB187: =SUBTOTAL(103,Julio!$AB$7) -> 0 | AC187: =SUBTOTAL(103,Julio!$AC$7) -> 0 | AD187: =SUBTOTAL(103,Julio!$AD$7) -> 0 | AE187: =SUBTOTAL(103,Julio!$AE$7) -> 0 | AF187: =SUBTOTAL(103,Julio!$AF$7) -> 0 | AG187: =SUBTOTAL(103,Julio!$AG$7) -> 0
B189: Enero | C189: WOLF 7:30-8:30 PM /2:30 PM | AH189: 2026
C190: =TEXT(WEEKDAY(DATE(Julio!CalendarioAño,1,1),1),"ddd") -> jue | D190: =TEXT(WEEKDAY(DATE(Julio!CalendarioAño,1,2),1),"ddd") -> vie | E190: =TEXT(WEEKDAY(DATE(Julio!CalendarioAño,1,3),1),"ddd") -> sáb | F190: =TEXT(WEEKDAY(DATE(Julio!CalendarioAño,1,4),1),"ddd") -> dom | G190: =TEXT(WEEKDAY(DATE(Julio!CalendarioAño,1,5),1),"ddd") -> lun | H190: =TEXT(WEEKDAY(DATE(Julio!CalendarioAño,1,6),1),"ddd") -> mar | I190: =TEXT(WEEKDAY(DATE(Julio!CalendarioAño,1,7),1),"ddd") -> mié | J190: =TEXT(WEEKDAY(DATE(Julio!CalendarioAño,1,8),1),"ddd") -> jue | K190: =TEXT(WEEKDAY(DATE(Julio!CalendarioAño,1,9),1),"ddd") -> vie | L190: =TEXT(WEEKDAY(DATE(Julio!CalendarioAño,1,10),1),"ddd") -> sáb | M190: =TEXT(WEEKDAY(DATE(Julio!CalendarioAño,1,11),1),"ddd") -> dom | N190: =TEXT(WEEKDAY(DATE(Julio!CalendarioAño,1,12),1),"ddd") -> lun | O190: =TEXT(WEEKDAY(DATE(Julio!CalendarioAño,1,13),1),"ddd") -> mar | P190: =TEXT(WEEKDAY(DATE(Julio!CalendarioAño,1,14),1),"ddd") -> mié | Q190: =TEXT(WEEKDAY(DATE(Julio!CalendarioAño,1,15),1),"ddd") -> jue | R190: =TEXT(WEEKDAY(DATE(Julio!CalendarioAño,1,16),1),"ddd") -> vie | S190: =TEXT(WEEKDAY(DATE(Julio!CalendarioAño,1,17),1),"ddd") -> sáb | T190: =TEXT(WEEKDAY(DATE(Julio!CalendarioAño,1,18),1),"ddd") -> dom | U190: =TEXT(WEEKDAY(DATE(Julio!CalendarioAño,1,19),1),"ddd") -> lun | V190: =TEXT(WEEKDAY(DATE(Julio!CalendarioAño,1,20),1),"ddd") -> mar | W190: =TEXT(WEEKDAY(DATE(Julio!CalendarioAño,1,21),1),"ddd") -> mié | X190: =TEXT(WEEKDAY(DATE(Julio!CalendarioAño,1,22),1),"ddd") -> jue | Y190: =TEXT(WEEKDAY(DATE(Julio!CalendarioAño,1,23),1),"ddd") -> vie | Z190: =TEXT(WEEKDAY(DATE(Julio!CalendarioAño,1,24),1),"ddd") -> sáb | AA190: =TEXT(WEEKDAY(DATE(Julio!CalendarioAño,1,25),1),"ddd") -> dom | AB190: =TEXT(WEEKDAY(DATE(Julio!CalendarioAño,1,26),1),"ddd") -> lun | AC190: =TEXT(WEEKDAY(DATE(Julio!CalendarioAño,1,27),1),"ddd") -> mar | AD190: =TEXT(WEEKDAY(DATE(Julio!CalendarioAño,1,28),1),"ddd") -> mié | AE190: =TEXT(WEEKDAY(DATE(Julio!CalendarioAño,1,29),1),"ddd") -> jue | AF190: =TEXT(WEEKDAY(DATE(Julio!CalendarioAño,1,30),1),"ddd") -> vie | AG190: =TEXT(WEEKDAY(DATE(Julio!CalendarioAño,1,31),1),"ddd") -> sáb
B191: NOMBRE Y APELLIDO | C191: 1 | D191: 2 | E191: 3 | F191: 4 | G191: 5 | H191: 6 | I191: 7 | J191: 8 | K191: 9 | L191: 10 | M191: 11 | N191: 12 | O191: 13 | P191: 14 | Q191: 15 | R191: 16 | S191: 17 | T191: 18 | U191: 19 | V191: 20 | W191: 21 | X191: 22 | Y191: 23 | Z191: 24 | AA191: 25 | AB191: 26 | AC191: 27 | AD191: 28 | AE191: 29 | AF191: 30 | AG191: 31 | AH191: Número total de días
B197: =Julio!MonthName&" Total" -> Enero Total | C197: =SUBTOTAL(103,Julio!$C$7) -> 0 | D197: =SUBTOTAL(103,Julio!$D$7) -> 0 | E197: =SUBTOTAL(103,Julio!$E$7) -> 0 | H197: =SUBTOTAL(103,Julio!$H$7) -> 0 | I197: =SUBTOTAL(103,Julio!$I$7) -> 0 | J197: =SUBTOTAL(103,Julio!$J$7) -> 0 | K197: =SUBTOTAL(103,Julio!$K$7) -> 0 | L197: =SUBTOTAL(103,Julio!$L$7) -> 0 | N197: =SUBTOTAL(103,Julio!$N$7) -> 0 | O197: =SUBTOTAL(103,Julio!$O$7) -> 0 | P197: =SUBTOTAL(103,Julio!$P$7) -> 0 | Q197: =SUBTOTAL(103,Julio!$Q$7) -> 0 | R197: =SUBTOTAL(103,Julio!$R$7) -> 0 | S197: =SUBTOTAL(103,Julio!$S$7) -> 0 | T197: =SUBTOTAL(103,Julio!$T$7) -> 0 | U197: =SUBTOTAL(103,Julio!$U$7) -> 0 | W197: =SUBTOTAL(103,Julio!$W$7) -> 0 | X197: =SUBTOTAL(103,Julio!$X$7) -> 0 | Y197: =SUBTOTAL(103,Julio!$Y$7) -> 0 | Z197: =SUBTOTAL(103,Julio!$Z$7) -> 0 | AA197: =SUBTOTAL(103,Julio!$AA$7) -> 0 | AB197: =SUBTOTAL(103,Julio!$AB$7) -> 0 | AC197: =SUBTOTAL(103,Julio!$AC$7) -> 0 | AD197: =SUBTOTAL(103,Julio!$AD$7) -> 0 | AE197: =SUBTOTAL(103,Julio!$AE$7) -> 0 | AF197: =SUBTOTAL(103,Julio!$AF$7) -> 0 | AG197: =SUBTOTAL(103,Julio!$AG$7) -> 0 | AH197: =SUM(C197:AG197) -> 0

Sheet Agosto
B1: ASISTENCIA DE ALUMNOS
B2: Claves de los tipos de Asistencia | C2: F | D2: FALTAS | G2: J | H2: JUSTIFICADA | K2: A | L2: ASISTENCIA | O2: R | P2: RECUPERACION | T2: E | U2: EVENTOS
B4: Enero | C4: MEGA SUPER BABY WOLF 3:00 PM/9:00 AM | AH4: 2026
C5: =TEXT(WEEKDAY(DATE(Agosto!CalendarioAño,1,1),1),"ddd") -> jue | D5: =TEXT(WEEKDAY(DATE(Agosto!CalendarioAño,1,2),1),"ddd") -> vie | E5: =TEXT(WEEKDAY(DATE(Agosto!CalendarioAño,1,3),1),"ddd") -> sáb | F5: =TEXT(WEEKDAY(DATE(Agosto!CalendarioAño,1,4),1),"ddd") -> dom | G5: =TEXT(WEEKDAY(DATE(Agosto!CalendarioAño,1,5),1),"ddd") -> lun | H5: =TEXT(WEEKDAY(DATE(Agosto!CalendarioAño,1,6),1),"ddd") -> mar | I5: =TEXT(WEEKDAY(DATE(Agosto!CalendarioAño,1,7),1),"ddd") -> mié | J5: =TEXT(WEEKDAY(DATE(Agosto!CalendarioAño,1,8),1),"ddd") -> jue | K5: =TEXT(WEEKDAY(DATE(Agosto!CalendarioAño,1,9),1),"ddd") -> vie | L5: =TEXT(WEEKDAY(DATE(Agosto!CalendarioAño,1,10),1),"ddd") -> sáb | M5: =TEXT(WEEKDAY(DATE(Agosto!CalendarioAño,1,11),1),"ddd") -> dom | N5: =TEXT(WEEKDAY(DATE(Agosto!CalendarioAño,1,12),1),"ddd") -> lun | O5: =TEXT(WEEKDAY(DATE(Agosto!CalendarioAño,1,13),1),"ddd") -> mar | P5: =TEXT(WEEKDAY(DATE(Agosto!CalendarioAño,1,14),1),"ddd") -> mié | Q5: =TEXT(WEEKDAY(DATE(Agosto!CalendarioAño,1,15),1),"ddd") -> jue | R5: =TEXT(WEEKDAY(DATE(Agosto!CalendarioAño,1,16),1),"ddd") -> vie | S5: =TEXT(WEEKDAY(DATE(Agosto!CalendarioAño,1,17),1),"ddd") -> sáb | T5: =TEXT(WEEKDAY(DATE(Agosto!CalendarioAño,1,18),1),"ddd") -> dom | U5: =TEXT(WEEKDAY(DATE(Agosto!CalendarioAño,1,19),1),"ddd") -> lun | V5: =TEXT(WEEKDAY(DATE(Agosto!CalendarioAño,1,20),1),"ddd") -> mar | W5: =TEXT(WEEKDAY(DATE(Agosto!CalendarioAño,1,21),1),"ddd") -> mié | X5: =TEXT(WEEKDAY(DATE(Agosto!CalendarioAño,1,22),1),"ddd") -> jue | Y5: =TEXT(WEEKDAY(DATE(Agosto!CalendarioAño,1,23),1),"ddd") -> vie | Z5: =TEXT(WEEKDAY(DATE(Agosto!CalendarioAño,1,24),1),"ddd") -> sáb | AA5: =TEXT(WEEKDAY(DATE(Agosto!CalendarioAño,1,25),1),"ddd") -> dom | AB5: =TEXT(WEEKDAY(DATE(Agosto!CalendarioAño,1,26),1),"ddd") -> lun | AC5: =TEXT(WEEKDAY(DATE(Agosto!CalendarioAño,1,27),1),"ddd") -> mar | AD5: =TEXT(WEEKDAY(DATE(Agosto!CalendarioAño,1,28),1),"ddd") -> mié | AE5: =TEXT(WEEKDAY(DATE(Agosto!CalendarioAño,1,29),1),"ddd") -> jue | AF5: =TEXT(WEEKDAY(DATE(Agosto!CalendarioAño,1,30),1),"ddd") -> vie | AG5: =TEXT(WEEKDAY(DATE(Agosto!CalendarioAño,1,31),1),"ddd") -> sáb
B6: NOMBRE Y APELLIDO | C6: 1 | D6: 2 | E6: 3 | F6: 4 | G6: 5 | H6: 6 | I6: 7 | J6: 8 | K6: 9 | L6: 10 | M6: 11 | N6: 12 | O6: 13 | P6: 14 | Q6: 15 | R6: 16 | S6: 17 | T6: 18 | U6: 19 | V6: 20 | W6: 21 | X6: 22 | Y6: 23 | Z6: 24 | AA6: 25 | AB6: 26 | AC6: 27 | AD6: 28 | AE6: 29 | AF6: 30 | AG6: 31 | AH6: Número total de días
B8: =Agosto!MonthName&" Total" -> Enero Total | C8: =SUBTOTAL(103,Agosto!$C$7) -> 0 | D8: =SUBTOTAL(103,Agosto!$D$7) -> 0 | E8: =SUBTOTAL(103,Agosto!$E$7) -> 0 | F8: =SUBTOTAL(103,Agosto!$F$7) -> 0 | G8: =SUBTOTAL(103,Agosto!$G$7) -> 0 | H8: =SUBTOTAL(103,Agosto!$H$7) -> 0 | I8: =SUBTOTAL(103,Agosto!$I$7) -> 0 | J8: =SUBTOTAL(103,Agosto!$J$7) -> 0 | K8: =SUBTOTAL(103,Agosto!$K$7) -> 0 | L8: =SUBTOTAL(103,Agosto!$L$7) -> 0 | M8: =SUBTOTAL(103,Agosto!$M$7) -> 0 | N8: =SUBTOTAL(103,Agosto!$N$7) -> 0 | O8: =SUBTOTAL(103,Agosto!$O$7) -> 0 | P8: =SUBTOTAL(103,Agosto!$P$7) -> 0 | Q8: =SUBTOTAL(103,Agosto!$Q$7) -> 0 | R8: =SUBTOTAL(103,Agosto!$R$7) -> 0 | S8: =SUBTOTAL(103,Agosto!$S$7) -> 0 | T8: =SUBTOTAL(103,Agosto!$T$7) -> 0 | U8: =SUBTOTAL(103,Agosto!$U$7) -> 0 | V8: =SUBTOTAL(103,Agosto!$V$7) -> 0 | W8: =SUBTOTAL(103,Agosto!$W$7) -> 0 | X8: =SUBTOTAL(103,Agosto!$X$7) -> 0 | Y8: =SUBTOTAL(103,Agosto!$Y$7) -> 0 | Z8: =SUBTOTAL(103,Agosto!$Z$7) -> 0 | AA8: =SUBTOTAL(103,Agosto!$AA$7) -> 0 | AB8: =SUBTOTAL(103,Agosto!$AB$7) -> 0 | AC8: =SUBTOTAL(103,Agosto!$AC$7) -> 0 | AD8: =SUBTOTAL(103,Agosto!$AD$7) -> 0 | AE8: =SUBTOTAL(103,Agosto!$AE$7) -> 0 | AF8: =SUBTOTAL(103,Agosto!$AF$7) -> 0 | AG8: =SUBTOTAL(103,Agosto!$AG$7) -> 0
B10: Enero | C10: SUPER BABY WOLF 3:30 PM/9:30 AM | AH10: 2026
C11: =TEXT(WEEKDAY(DATE(Agosto!CalendarioAño,1,1),1),"ddd") -> jue | D11: =TEXT(WEEKDAY(DATE(Agosto!CalendarioAño,1,2),1),"ddd") -> vie | E11: =TEXT(WEEKDAY(DATE(Agosto!CalendarioAño,1,3),1),"ddd") -> sáb | F11: =TEXT(WEEKDAY(DATE(Agosto!CalendarioAño,1,4),1),"ddd") -> dom | G11: =TEXT(WEEKDAY(DATE(Agosto!CalendarioAño,1,5),1),"ddd") -> lun | H11: =TEXT(WEEKDAY(DATE(Agosto!CalendarioAño,1,6),1),"ddd") -> mar | I11: =TEXT(WEEKDAY(DATE(Agosto!CalendarioAño,1,7),1),"ddd") -> mié | J11: =TEXT(WEEKDAY(DATE(Agosto!CalendarioAño,1,8),1),"ddd") -> jue | K11: =TEXT(WEEKDAY(DATE(Agosto!CalendarioAño,1,9),1),"ddd") -> vie | L11: =TEXT(WEEKDAY(DATE(Agosto!CalendarioAño,1,10),1),"ddd") -> sáb | M11: =TEXT(WEEKDAY(DATE(Agosto!CalendarioAño,1,11),1),"ddd") -> dom | N11: =TEXT(WEEKDAY(DATE(Agosto!CalendarioAño,1,12),1),"ddd") -> lun | O11: =TEXT(WEEKDAY(DATE(Agosto!CalendarioAño,1,13),1),"ddd") -> mar | P11: =TEXT(WEEKDAY(DATE(Agosto!CalendarioAño,1,14),1),"ddd") -> mié | Q11: =TEXT(WEEKDAY(DATE(Agosto!CalendarioAño,1,15),1),"ddd") -> jue | R11: =TEXT(WEEKDAY(DATE(Agosto!CalendarioAño,1,16),1),"ddd") -> vie | S11: =TEXT(WEEKDAY(DATE(Agosto!CalendarioAño,1,17),1),"ddd") -> sáb | T11: =TEXT(WEEKDAY(DATE(Agosto!CalendarioAño,1,18),1),"ddd") -> dom | U11: =TEXT(WEEKDAY(DATE(Agosto!CalendarioAño,1,19),1),"ddd") -> lun | V11: =TEXT(WEEKDAY(DATE(Agosto!CalendarioAño,1,20),1),"ddd") -> mar | W11: =TEXT(WEEKDAY(DATE(Agosto!CalendarioAño,1,21),1),"ddd") -> mié | X11: =TEXT(WEEKDAY(DATE(Agosto!CalendarioAño,1,22),1),"ddd") -> jue | Y11: =TEXT(WEEKDAY(DATE(Agosto!CalendarioAño,1,23),1),"ddd") -> vie | Z11: =TEXT(WEEKDAY(DATE(Agosto!CalendarioAño,1,24),1),"ddd") -> sáb | AA11: =TEXT(WEEKDAY(DATE(Agosto!CalendarioAño,1,25),1),"ddd") -> dom | AB11: =TEXT(WEEKDAY(DATE(Agosto!CalendarioAño,1,26),1),"ddd") -> lun | AC11: =TEXT(WEEKDAY(DATE(Agosto!CalendarioAño,1,27),1),"ddd") -> mar | AD11: =TEXT(WEEKDAY(DATE(Agosto!CalendarioAño,1,28),1),"ddd") -> mié | AE11: =TEXT(WEEKDAY(DATE(Agosto!CalendarioAño,1,29),1),"ddd") -> jue | AF11: =TEXT(WEEKDAY(DATE(Agosto!CalendarioAño,1,30),1),"ddd") -> vie | AG11: =TEXT(WEEKDAY(DATE(Agosto!CalendarioAño,1,31),1),"ddd") -> sáb
B12: NOMBRE Y APELLIDO | C12: 1 | D12: 2 | E12: 3 | F12: 4 | G12: 5 | H12: 6 | I12: 7 | J12: 8 | K12: 9 | L12: 10 | M12: 11 | N12: 12 | O12: 13 | P12: 14 | Q12: 15 | R12: 16 | S12: 17 | T12: 18 | U12: 19 | V12: 20 | W12: 21 | X12: 22 | Y12: 23 | Z12: 24 | AA12: 25 | AB12: 26 | AC12: 27 | AD12: 28 | AE12: 29 | AF12: 30 | AG12: 31 | AH12: Número total de días
B34: =Agosto!MonthName&" Total" -> Enero Total | C34: =SUBTOTAL(103,Agosto!$C$7) -> 0 | D34: =SUBTOTAL(103,Agosto!$D$7) -> 0 | E34: =SUBTOTAL(103,Agosto!$E$7) -> 0 | G34: =SUBTOTAL(103,Agosto!$G$7) -> 0 | H34: =SUBTOTAL(103,Agosto!$H$7) -> 0
B37: Enero | C37: SUPER BABY WOLF 4:00 PM /10:00 AM | AH37: 2026
C38: =TEXT(WEEKDAY(DATE(Agosto!CalendarioAño,1,1),1),"ddd") -> jue | D38: =TEXT(WEEKDAY(DATE(Agosto!CalendarioAño,1,2),1),"ddd") -> vie | E38: =TEXT(WEEKDAY(DATE(Agosto!CalendarioAño,1,3),1),"ddd") -> sáb | F38: =TEXT(WEEKDAY(DATE(Agosto!CalendarioAño,1,4),1),"ddd") -> dom | G38: =TEXT(WEEKDAY(DATE(Agosto!CalendarioAño,1,5),1),"ddd") -> lun | H38: =TEXT(WEEKDAY(DATE(Agosto!CalendarioAño,1,6),1),"ddd") -> mar | I38: =TEXT(WEEKDAY(DATE(Agosto!CalendarioAño,1,7),1),"ddd") -> mié | J38: =TEXT(WEEKDAY(DATE(Agosto!CalendarioAño,1,8),1),"ddd") -> jue | K38: =TEXT(WEEKDAY(DATE(Agosto!CalendarioAño,1,9),1),"ddd") -> vie | L38: =TEXT(WEEKDAY(DATE(Agosto!CalendarioAño,1,10),1),"ddd") -> sáb | M38: =TEXT(WEEKDAY(DATE(Agosto!CalendarioAño,1,11),1),"ddd") -> dom | N38: =TEXT(WEEKDAY(DATE(Agosto!CalendarioAño,1,12),1),"ddd") -> lun | O38: =TEXT(WEEKDAY(DATE(Agosto!CalendarioAño,1,13),1),"ddd") -> mar | P38: =TEXT(WEEKDAY(DATE(Agosto!CalendarioAño,1,14),1),"ddd") -> mié | Q38: =TEXT(WEEKDAY(DATE(Agosto!CalendarioAño,1,15),1),"ddd") -> jue | R38: =TEXT(WEEKDAY(DATE(Agosto!CalendarioAño,1,16),1),"ddd") -> vie | S38: =TEXT(WEEKDAY(DATE(Agosto!CalendarioAño,1,17),1),"ddd") -> sáb | T38: =TEXT(WEEKDAY(DATE(Agosto!CalendarioAño,1,18),1),"ddd") -> dom | U38: =TEXT(WEEKDAY(DATE(Agosto!CalendarioAño,1,19),1),"ddd") -> lun | V38: =TEXT(WEEKDAY(DATE(Agosto!CalendarioAño,1,20),1),"ddd") -> mar | W38: =TEXT(WEEKDAY(DATE(Agosto!CalendarioAño,1,21),1),"ddd") -> mié | X38: =TEXT(WEEKDAY(DATE(Agosto!CalendarioAño,1,22),1),"ddd") -> jue | Y38: =TEXT(WEEKDAY(DATE(Agosto!CalendarioAño,1,23),1),"ddd") -> vie | Z38: =TEXT(WEEKDAY(DATE(Agosto!CalendarioAño,1,24),1),"ddd") -> sáb | AA38: =TEXT(WEEKDAY(DATE(Agosto!CalendarioAño,1,25),1),"ddd") -> dom | AB38: =TEXT(WEEKDAY(DATE(Agosto!CalendarioAño,1,26),1),"ddd") -> lun | AC38: =TEXT(WEEKDAY(DATE(Agosto!CalendarioAño,1,27),1),"ddd") -> mar | AD38: =TEXT(WEEKDAY(DATE(Agosto!CalendarioAño,1,28),1),"ddd") -> mié | AE38: =TEXT(WEEKDAY(DATE(Agosto!CalendarioAño,1,29),1),"ddd") -> jue | AF38: =TEXT(WEEKDAY(DATE(Agosto!CalendarioAño,1,30),1),"ddd") -> vie | AG38: =TEXT(WEEKDAY(DATE(Agosto!CalendarioAño,1,31),1),"ddd") -> sáb
B39: NOMBRE Y APELLIDO | C39: 1 | D39: 2 | E39: 3 | F39: 4 | G39: 5 | H39: 6 | I39: 7 | J39: 8 | K39: 9 | L39: 10 | M39: 11 | N39: 12 | O39: 13 | P39: 14 | Q39: 15 | R39: 16 | S39: 17 | T39: 18 | U39: 19 | V39: 20 | W39: 21 | X39: 22 | Y39: 23 | Z39: 24 | AA39: 25 | AB39: 26 | AC39: 27 | AD39: 28 | AE39: 29 | AF39: 30 | AG39: 31 | AH39: Número total de días
B62: =Agosto!MonthName&" Total" -> Enero Total | C62: =SUBTOTAL(103,Agosto!$C$7) -> 0 | D62: =SUBTOTAL(103,Agosto!$D$7) -> 0 | E62: =SUBTOTAL(103,Agosto!$E$7) -> 0 | G62: =SUBTOTAL(103,Agosto!$G$7) -> 0
B64: Enero | C64: BABY WOLF 4:30 PM/10:30 | AH64: 2026
C65: =TEXT(WEEKDAY(DATE(Agosto!CalendarioAño,1,1),1),"ddd") -> jue | D65: =TEXT(WEEKDAY(DATE(Agosto!CalendarioAño,1,2),1),"ddd") -> vie | E65: =TEXT(WEEKDAY(DATE(Agosto!CalendarioAño,1,3),1),"ddd") -> sáb | F65: =TEXT(WEEKDAY(DATE(Agosto!CalendarioAño,1,4),1),"ddd") -> dom | G65: =TEXT(WEEKDAY(DATE(Agosto!CalendarioAño,1,5),1),"ddd") -> lun | H65: =TEXT(WEEKDAY(DATE(Agosto!CalendarioAño,1,6),1),"ddd") -> mar | I65: =TEXT(WEEKDAY(DATE(Agosto!CalendarioAño,1,7),1),"ddd") -> mié | J65: =TEXT(WEEKDAY(DATE(Agosto!CalendarioAño,1,8),1),"ddd") -> jue | K65: =TEXT(WEEKDAY(DATE(Agosto!CalendarioAño,1,9),1),"ddd") -> vie | L65: =TEXT(WEEKDAY(DATE(Agosto!CalendarioAño,1,10),1),"ddd") -> sáb | M65: =TEXT(WEEKDAY(DATE(Agosto!CalendarioAño,1,11),1),"ddd") -> dom | N65: =TEXT(WEEKDAY(DATE(Agosto!CalendarioAño,1,12),1),"ddd") -> lun | O65: =TEXT(WEEKDAY(DATE(Agosto!CalendarioAño,1,13),1),"ddd") -> mar | P65: =TEXT(WEEKDAY(DATE(Agosto!CalendarioAño,1,14),1),"ddd") -> mié | Q65: =TEXT(WEEKDAY(DATE(Agosto!CalendarioAño,1,15),1),"ddd") -> jue | R65: =TEXT(WEEKDAY(DATE(Agosto!CalendarioAño,1,16),1),"ddd") -> vie | S65: =TEXT(WEEKDAY(DATE(Agosto!CalendarioAño,1,17),1),"ddd") -> sáb | T65: =TEXT(WEEKDAY(DATE(Agosto!CalendarioAño,1,18),1),"ddd") -> dom | U65: =TEXT(WEEKDAY(DATE(Agosto!CalendarioAño,1,19),1),"ddd") -> lun | V65: =TEXT(WEEKDAY(DATE(Agosto!CalendarioAño,1,20),1),"ddd") -> mar | W65: =TEXT(WEEKDAY(DATE(Agosto!CalendarioAño,1,21),1),"ddd") -> mié | X65: =TEXT(WEEKDAY(DATE(Agosto!CalendarioAño,1,22),1),"ddd") -> jue | Y65: =TEXT(WEEKDAY(DATE(Agosto!CalendarioAño,1,23),1),"ddd") -> vie | Z65: =TEXT(WEEKDAY(DATE(Agosto!CalendarioAño,1,24),1),"ddd") -> sáb | AA65: =TEXT(WEEKDAY(DATE(Agosto!CalendarioAño,1,25),1),"ddd") -> dom | AB65: =TEXT(WEEKDAY(DATE(Agosto!CalendarioAño,1,26),1),"ddd") -> lun | AC65: =TEXT(WEEKDAY(DATE(Agosto!CalendarioAño,1,27),1),"ddd") -> mar | AD65: =TEXT(WEEKDAY(DATE(Agosto!CalendarioAño,1,28),1),"ddd") -> mié | AE65: =TEXT(WEEKDAY(DATE(Agosto!CalendarioAño,1,29),1),"ddd") -> jue | AF65: =TEXT(WEEKDAY(DATE(Agosto!CalendarioAño,1,30),1),"ddd") -> vie | AG65: =TEXT(WEEKDAY(DATE(Agosto!CalendarioAño,1,31),1),"ddd") -> sáb
B66: NOMBRE Y APELLIDO | C66: 1 | D66: 2 | E66: 3 | F66: 4 | G66: 5 | H66: 6 | I66: 7 | J66: 8 | K66: 9 | L66: 10 | M66: 11 | N66: 12 | O66: 13 | P66: 14 | Q66: 15 | R66: 16 | S66: 17 | T66: 18 | U66: 19 | V66: 20 | W66: 21 | X66: 22 | Y66: 23 | Z66: 24 | AA66: 25 | AB66: 26 | AC66: 27 | AD66: 28 | AE66: 29 | AF66: 30 | AG66: 31 | AH66: Número total de días
B95: =Agosto!MonthName&" Total" -> Enero Total | C95: =SUBTOTAL(103,Agosto!$C$7) -> 0 | D95: =SUBTOTAL(103,Agosto!$D$7) -> 0 | E95: =SUBTOTAL(103,Agosto!$E$7) -> 0 | G95: =SUBTOTAL(103,Agosto!$G$7) -> 0
B97: Enero | C97: BABY WOLF 5:00 PM/11:00 AM | AH97: 2026
C98: =TEXT(WEEKDAY(DATE(Agosto!CalendarioAño,1,1),1),"ddd") -> jue | D98: =TEXT(WEEKDAY(DATE(Agosto!CalendarioAño,1,2),1),"ddd") -> vie | E98: =TEXT(WEEKDAY(DATE(Agosto!CalendarioAño,1,3),1),"ddd") -> sáb | F98: =TEXT(WEEKDAY(DATE(Agosto!CalendarioAño,1,4),1),"ddd") -> dom | G98: =TEXT(WEEKDAY(DATE(Agosto!CalendarioAño,1,5),1),"ddd") -> lun | H98: =TEXT(WEEKDAY(DATE(Agosto!CalendarioAño,1,6),1),"ddd") -> mar | I98: =TEXT(WEEKDAY(DATE(Agosto!CalendarioAño,1,7),1),"ddd") -> mié | J98: =TEXT(WEEKDAY(DATE(Agosto!CalendarioAño,1,8),1),"ddd") -> jue | K98: =TEXT(WEEKDAY(DATE(Agosto!CalendarioAño,1,9),1),"ddd") -> vie | L98: =TEXT(WEEKDAY(DATE(Agosto!CalendarioAño,1,10),1),"ddd") -> sáb | M98: =TEXT(WEEKDAY(DATE(Agosto!CalendarioAño,1,11),1),"ddd") -> dom | N98: =TEXT(WEEKDAY(DATE(Agosto!CalendarioAño,1,12),1),"ddd") -> lun | O98: =TEXT(WEEKDAY(DATE(Agosto!CalendarioAño,1,13),1),"ddd") -> mar | P98: =TEXT(WEEKDAY(DATE(Agosto!CalendarioAño,1,14),1),"ddd") -> mié | Q98: =TEXT(WEEKDAY(DATE(Agosto!CalendarioAño,1,15),1),"ddd") -> jue | R98: =TEXT(WEEKDAY(DATE(Agosto!CalendarioAño,1,16),1),"ddd") -> vie | S98: =TEXT(WEEKDAY(DATE(Agosto!CalendarioAño,1,17),1),"ddd") -> sáb | T98: =TEXT(WEEKDAY(DATE(Agosto!CalendarioAño,1,18),1),"ddd") -> dom | U98: =TEXT(WEEKDAY(DATE(Agosto!CalendarioAño,1,19),1),"ddd") -> lun | V98: =TEXT(WEEKDAY(DATE(Agosto!CalendarioAño,1,20),1),"ddd") -> mar | W98: =TEXT(WEEKDAY(DATE(Agosto!CalendarioAño,1,21),1),"ddd") -> mié | X98: =TEXT(WEEKDAY(DATE(Agosto!CalendarioAño,1,22),1),"ddd") -> jue | Y98: =TEXT(WEEKDAY(DATE(Agosto!CalendarioAño,1,23),1),"ddd") -> vie | Z98: =TEXT(WEEKDAY(DATE(Agosto!CalendarioAño,1,24),1),"ddd") -> sáb | AA98: =TEXT(WEEKDAY(DATE(Agosto!CalendarioAño,1,25),1),"ddd") -> dom | AB98: =TEXT(WEEKDAY(DATE(Agosto!CalendarioAño,1,26),1),"ddd") -> lun | AC98: =TEXT(WEEKDAY(DATE(Agosto!CalendarioAño,1,27),1),"ddd") -> mar | AD98: =TEXT(WEEKDAY(DATE(Agosto!CalendarioAño,1,28),1),"ddd") -> mié | AE98: =TEXT(WEEKDAY(DATE(Agosto!CalendarioAño,1,29),1),"ddd") -> jue | AF98: =TEXT(WEEKDAY(DATE(Agosto!CalendarioAño,1,30),1),"ddd") -> vie | AG98: =TEXT(WEEKDAY(DATE(Agosto!CalendarioAño,1,31),1),"ddd") -> sáb
B99: NOMBRE Y APELLIDO | C99: 1 | D99: 2 | E99: 3 | F99: 4 | G99: 5 | H99: 6 | I99: 7 | J99: 8 | K99: 9 | L99: 10 | M99: 11 | N99: 12 | O99: 13 | P99: 14 | Q99: 15 | R99: 16 | S99: 17 | T99: 18 | U99: 19 | V99: 20 | W99: 21 | X99: 22 | Y99: 23 | Z99: 24 | AA99: 25 | AB99: 26 | AC99: 27 | AD99: 28 | AE99: 29 | AF99: 30 | AG99: 31 | AH99: Número total de días
B121: =Agosto!MonthName&" Total" -> Enero Total | C121: =SUBTOTAL(103,Agosto!$C$7) -> 0 | D121: =SUBTOTAL(103,Agosto!$D$7) -> 0 | E121: =SUBTOTAL(103,Agosto!$E$7) -> 0 | H121: =SUBTOTAL(103,Agosto!$H$7) -> 0
B123: Enero | C123: LITTLE WOLF 5:30 PM/11:30 AM | AH123: 2026
C124: =TEXT(WEEKDAY(DATE(Agosto!CalendarioAño,1,1),1),"ddd") -> jue | D124: =TEXT(WEEKDAY(DATE(Agosto!CalendarioAño,1,2),1),"ddd") -> vie | E124: =TEXT(WEEKDAY(DATE(Agosto!CalendarioAño,1,3),1),"ddd") -> sáb | F124: =TEXT(WEEKDAY(DATE(Agosto!CalendarioAño,1,4),1),"ddd") -> dom | G124: =TEXT(WEEKDAY(DATE(Agosto!CalendarioAño,1,5),1),"ddd") -> lun | H124: =TEXT(WEEKDAY(DATE(Agosto!CalendarioAño,1,6),1),"ddd") -> mar | I124: =TEXT(WEEKDAY(DATE(Agosto!CalendarioAño,1,7),1),"ddd") -> mié | J124: =TEXT(WEEKDAY(DATE(Agosto!CalendarioAño,1,8),1),"ddd") -> jue | K124: =TEXT(WEEKDAY(DATE(Agosto!CalendarioAño,1,9),1),"ddd") -> vie | L124: =TEXT(WEEKDAY(DATE(Agosto!CalendarioAño,1,10),1),"ddd") -> sáb | M124: =TEXT(WEEKDAY(DATE(Agosto!CalendarioAño,1,11),1),"ddd") -> dom | N124: =TEXT(WEEKDAY(DATE(Agosto!CalendarioAño,1,12),1),"ddd") -> lun | O124: =TEXT(WEEKDAY(DATE(Agosto!CalendarioAño,1,13),1),"ddd") -> mar | P124: =TEXT(WEEKDAY(DATE(Agosto!CalendarioAño,1,14),1),"ddd") -> mié | Q124: =TEXT(WEEKDAY(DATE(Agosto!CalendarioAño,1,15),1),"ddd") -> jue | R124: =TEXT(WEEKDAY(DATE(Agosto!CalendarioAño,1,16),1),"ddd") -> vie | S124: =TEXT(WEEKDAY(DATE(Agosto!CalendarioAño,1,17),1),"ddd") -> sáb | T124: =TEXT(WEEKDAY(DATE(Agosto!CalendarioAño,1,18),1),"ddd") -> dom | U124: =TEXT(WEEKDAY(DATE(Agosto!CalendarioAño,1,19),1),"ddd") -> lun | V124: =TEXT(WEEKDAY(DATE(Agosto!CalendarioAño,1,20),1),"ddd") -> mar | W124: =TEXT(WEEKDAY(DATE(Agosto!CalendarioAño,1,21),1),"ddd") -> mié | X124: =TEXT(WEEKDAY(DATE(Agosto!CalendarioAño,1,22),1),"ddd") -> jue | Y124: =TEXT(WEEKDAY(DATE(Agosto!CalendarioAño,1,23),1),"ddd") -> vie | Z124: =TEXT(WEEKDAY(DATE(Agosto!CalendarioAño,1,24),1),"ddd") -> sáb | AA124: =TEXT(WEEKDAY(DATE(Agosto!CalendarioAño,1,25),1),"ddd") -> dom | AB124: =TEXT(WEEKDAY(DATE(Agosto!CalendarioAño,1,26),1),"ddd") -> lun | AC124: =TEXT(WEEKDAY(DATE(Agosto!CalendarioAño,1,27),1),"ddd") -> mar | AD124: =TEXT(WEEKDAY(DATE(Agosto!CalendarioAño,1,28),1),"ddd") -> mié | AE124: =TEXT(WEEKDAY(DATE(Agosto!CalendarioAño,1,29),1),"ddd") -> jue | AF124: =TEXT(WEEKDAY(DATE(Agosto!CalendarioAño,1,30),1),"ddd") -> vie | AG124: =TEXT(WEEKDAY(DATE(Agosto!CalendarioAño,1,31),1),"ddd") -> sáb
B125: NOMBRE Y APELLIDO | C125: 1 | D125: 2 | E125: 3 | F125: 4 | G125: 5 | H125: 6 | I125: 7 | J125: 8 | K125: 9 | L125: 10 | M125: 11 | N125: 12 | O125: 13 | P125: 14 | Q125: 15 | R125: 16 | S125: 17 | T125: 18 | U125: 19 | V125: 20 | W125: 21 | X125: 22 | Y125: 23 | Z125: 24 | AA125: 25 | AB125: 26 | AC125: 27 | AD125: 28 | AE125: 29 | AF125: 30 | AG125: 31 | AH125: Número total de días
B147: =Agosto!MonthName&" Total" -> Enero Total | C147: =SUBTOTAL(103,Agosto!$C$7) -> 0 | D147: =SUBTOTAL(103,Agosto!$D$7) -> 0 | E147: =SUBTOTAL(103,Agosto!$E$7) -> 0 | H147: =SUBTOTAL(103,Agosto!$H$7) -> 0 | AE147: =SUBTOTAL(103,Agosto!$AE$7) -> 0 | AF147: =SUBTOTAL(103,Agosto!$AF$7) -> 0 | AG147: =SUBTOTAL(103,Agosto!$AG$7) -> 0 | AH147: =SUM(C147:AG147) -> 0
B149: Enero | C149: LITTLE WOLF 6:00 PM/12:00 PM | AH149: 2026
